userId,movieId,tag,timestamp,tag_date
2,60756,funny,1445714994,2015-10-24 19:29:54
2,60756,highly quotable,1445714996,2015-10-24 19:29:56
2,60756,will ferrell,1445714992,2015-10-24 19:29:52
2,89774,boxing story,1445715207,2015-10-24 19:33:27
2,89774,mma,1445715200,2015-10-24 19:33:20
2,89774,tom hardy,1445715205,2015-10-24 19:33:25
2,106782,drugs,1445715054,2015-10-24 19:30:54
2,106782,leonardo dicaprio,1445715051,2015-10-24 19:30:51
2,106782,martin scorsese,1445715056,2015-10-24 19:30:56
7,48516,way too long,1169687325,2007-01-25 01:08:45
18,431,al pacino,1462138765,2016-05-01 21:39:25
18,431,gangster,1462138749,2016-05-01 21:39:09
18,431,mafia,1462138755,2016-05-01 21:39:15
18,1221,al pacino,1461699306,2016-04-26 19:35:06
18,1221,mafia,1461699303,2016-04-26 19:35:03
18,5995,holocaust,1455735472,2016-02-17 18:57:52
18,5995,true story,1455735479,2016-02-17 18:57:59
18,44665,twist ending,1456948283,2016-03-02 19:51:23
18,52604,anthony hopkins,1457650696,2016-03-10 22:58:16
18,52604,courtroom drama,1457650711,2016-03-10 22:58:31
18,52604,twist ending,1457650682,2016-03-10 22:58:02
18,88094,britpop,1457444500,2016-03-08 13:41:40
18,88094,indie record label,1457444592,2016-03-08 13:43:12
18,88094,music,1457444609,2016-03-08 13:43:29
18,144210,dumpster diving,1455060381,2016-02-09 23:26:21
18,144210,sustainability,1455060452,2016-02-09 23:27:32
21,1569,romantic comedy,1419805413,2014-12-28 22:23:33
21,1569,wedding,1419805419,2014-12-28 22:23:39
21,118985,painter,1419805477,2014-12-28 22:24:37
21,119141,bloody,1419793962,2014-12-28 19:12:42
49,109487,black hole,1493093306,2017-04-25 04:08:26
49,109487,sci-fi,1493093332,2017-04-25 04:08:52
49,109487,time-travel,1493093356,2017-04-25 04:09:16
62,2,fantasy,1528843929,2018-06-12 22:52:09
62,2,magic board game,1528843932,2018-06-12 22:52:12
62,2,robin williams,1528843907,2018-06-12 22:51:47
62,110,beautiful scenery,1528152541,2018-06-04 22:49:01
62,110,epic,1528152532,2018-06-04 22:48:52
62,110,historical,1528152523,2018-06-04 22:48:43
62,110,inspirational,1528152527,2018-06-04 22:48:47
62,110,medieval,1528152528,2018-06-04 22:48:48
62,110,mel gibson,1528152521,2018-06-04 22:48:41
62,110,oscar (best cinematography),1528152539,2018-06-04 22:48:59
62,110,revenge,1528152531,2018-06-04 22:48:51
62,110,sword fight,1528152535,2018-06-04 22:48:55
62,410,black comedy,1525636607,2018-05-06 19:56:47
62,410,christina ricci,1525636685,2018-05-06 19:58:05
62,410,christopher lloyd,1525636622,2018-05-06 19:57:02
62,410,dark comedy,1525636610,2018-05-06 19:56:50
62,410,family,1525636708,2018-05-06 19:58:28
62,410,gothic,1525636609,2018-05-06 19:56:49
62,2023,al pacino,1525636728,2018-05-06 19:58:48
62,2023,andy garcia,1525636768,2018-05-06 19:59:28
62,2023,classic,1525636752,2018-05-06 19:59:12
62,2023,francis ford coppola,1525636752,2018-05-06 19:59:12
62,2023,mafia,1525636733,2018-05-06 19:58:53
62,2124,black comedy,1525636847,2018-05-06 20:00:47
62,2124,christina ricci,1525636867,2018-05-06 20:01:07
62,2124,christopher lloyd,1525636859,2018-05-06 20:00:59
62,2124,family,1525636855,2018-05-06 20:00:55
62,2124,gothic,1525636849,2018-05-06 20:00:49
62,2124,quirky,1525636846,2018-05-06 20:00:46
62,2953,family,1525636883,2018-05-06 20:01:23
62,2953,funny,1525636885,2018-05-06 20:01:25
62,2953,macaulay culkin,1525636890,2018-05-06 20:01:30
62,2953,sequel,1525636887,2018-05-06 20:01:27
62,3114,animation,1525636903,2018-05-06 20:01:43
62,3114,disney,1525636902,2018-05-06 20:01:42
62,3114,funny,1525636913,2018-05-06 20:01:53
62,3114,original,1525636917,2018-05-06 20:01:57
62,3114,pixar,1525636901,2018-05-06 20:01:41
62,3114,sequel,1525636910,2018-05-06 20:01:50
62,3114,tom hanks,1525636925,2018-05-06 20:02:05
62,3578,ancient rome,1528152504,2018-06-04 22:48:24
62,3578,epic,1528152469,2018-06-04 22:47:49
62,3578,history,1528152467,2018-06-04 22:47:47
62,3578,imdb top 250,1528152498,2018-06-04 22:48:18
62,3578,revenge,1528152496,2018-06-04 22:48:16
62,3578,rome,1528152463,2018-06-04 22:47:43
62,3578,russell crowe,1528152465,2018-06-04 22:47:45
62,4223,ed harris,1528024869,2018-06-03 11:21:09
62,4223,jude law,1528024854,2018-06-03 11:20:54
62,4223,rachel weisz,1528024873,2018-06-03 11:21:13
62,4223,sniper,1528024852,2018-06-03 11:20:52
62,4223,world war ii,1528024877,2018-06-03 11:21:17
62,5388,al pacino,1530310809,2018-06-29 22:20:09
62,5388,atmospheric,1530310959,2018-06-29 22:22:39
62,5388,hilary swank,1530310952,2018-06-29 22:22:32
62,5388,robin williams,1530310811,2018-06-29 22:20:11
62,6058,sequel,1525555053,2018-05-05 21:17:33
62,6058,violent,1525555051,2018-05-05 21:17:31
62,6534,dogs,1525554096,2018-05-05 21:01:36
62,6534,eric bana,1525554086,2018-05-05 21:01:26
62,6534,mad scientist,1525554098,2018-05-05 21:01:38
62,6534,marvel,1525554100,2018-05-05 21:01:40
62,6541,captain nemo,1525554054,2018-05-05 21:00:54
62,6541,comic book,1525554028,2018-05-05 21:00:28
62,6541,gothic,1525554056,2018-05-05 21:00:56
62,6541,peta wilson,1525554040,2018-05-05 21:00:40
62,6541,sean connery,1525554026,2018-05-05 21:00:26
62,6541,superhero,1525554051,2018-05-05 21:00:51
62,6564,adventure,1525554439,2018-05-05 21:07:19
62,6564,angelina jolie,1525554432,2018-05-05 21:07:12
62,6564,heroine in tight suit,1525554441,2018-05-05 21:07:21
62,7153,adventure,1528152558,2018-06-04 22:49:18
62,7153,ensemble cast,1528152578,2018-06-04 22:49:38
62,7153,fantasy,1528152556,2018-06-04 22:49:16
62,7153,fantasy world,1528152571,2018-06-04 22:49:31
62,7153,great soundtrack,1528152575,2018-06-04 22:49:35
62,7153,lord of the rings,1528152581,2018-06-04 22:49:41
62,7153,scenic,1528152580,2018-06-04 22:49:40
62,7153,stylized,1528152577,2018-06-04 22:49:37
62,7153,tolkien,1528152561,2018-06-04 22:49:21
62,8641,hilarious,1526249138,2018-05-13 22:05:38
62,8641,steve carell,1526249156,2018-05-13 22:05:56
62,8641,will ferrell,1526249135,2018-05-13 22:05:35
62,27660,animation,1525554490,2018-05-05 21:08:10
62,27660,anime,1525554488,2018-05-05 21:08:08
62,27660,cyberpunk,1525554486,2018-05-05 21:08:06
62,27660,dark,1525554500,2018-05-05 21:08:20
62,27660,matrix,1525554493,2018-05-05 21:08:13
62,27660,sci-fi,1525554491,2018-05-05 21:08:11
62,27706,dark comedy,1526248598,2018-05-13 21:56:38
62,27706,jim carrey,1526248575,2018-05-13 21:56:15
62,27706,meryl streep,1526248580,2018-05-13 21:56:20
62,27706,quirky,1526248553,2018-05-13 21:55:53
62,27706,stylized,1526248601,2018-05-13 21:56:41
62,27808,adam sandler,1525554900,2018-05-05 21:15:00
62,27808,family,1525554919,2018-05-05 21:15:19
62,27808,sweet,1525554922,2018-05-05 21:15:22
62,27831,british gangster,1532723304,2018-07-27 20:28:24
62,27831,confusing,1532723364,2018-07-27 20:29:24
62,27831,daniel craig,1532723305,2018-07-27 20:28:25
62,27831,exquisite plotting.,1532723355,2018-07-27 20:29:15
62,27831,organized crime,1532723369,2018-07-27 20:29:29
62,27831,stylish,1532723356,2018-07-27 20:29:16
62,27831,tom hardy,1532723359,2018-07-27 20:29:19
62,31658,anime,1525869041,2018-05-09 12:30:41
62,31658,fantasy world,1525869051,2018-05-09 12:30:51
62,31658,hayao miyazaki,1525869046,2018-05-09 12:30:46
62,31658,studio ghibli,1525869044,2018-05-09 12:30:44
62,33162,david thewlis,1525554605,2018-05-05 21:10:05
62,33162,eva green,1525554550,2018-05-05 21:09:10
62,33162,liam neeson,1525554577,2018-05-05 21:09:37
62,33162,orlando bloom,1525554511,2018-05-05 21:08:31
62,34150,chris evans,1525554141,2018-05-05 21:02:21
62,34150,comic book,1525554003,2018-05-05 21:00:03
62,34150,heroine in tight suit,1525554138,2018-05-05 21:02:18
62,34150,jessica alba,1525554127,2018-05-05 21:02:07
62,34150,sexy female scientist,1525554144,2018-05-05 21:02:24
62,34150,superhero,1525553977,2018-05-05 20:59:37
62,37729,gothic,1530310527,2018-06-29 22:15:27
62,37729,helena bonham carter,1530310534,2018-06-29 22:15:34
62,37729,johnny depp,1530310529,2018-06-29 22:15:29
62,37729,tim burton,1530310526,2018-06-29 22:15:26
62,37729,visually appealing,1530310541,2018-06-29 22:15:41
62,38061,black comedy,1532723380,2018-07-27 20:29:40
62,38061,clever,1532723403,2018-07-27 20:30:03
62,38061,fast-paced dialogue,1532723406,2018-07-27 20:30:06
62,38061,good dialogue,1532723428,2018-07-27 20:30:28
62,38061,robert downey jr.,1532723408,2018-07-27 20:30:08
62,38061,witty,1532723402,2018-07-27 20:30:02
62,45447,adventure,1525637064,2018-05-06 20:04:24
62,45447,audrey tautou,1525637075,2018-05-06 20:04:35
62,45447,conspiracy theory,1525637062,2018-05-06 20:04:22
62,45447,mystery,1525637081,2018-05-06 20:04:41
62,45447,paris,1525637079,2018-05-06 20:04:39
62,45447,tom hanks,1525637067,2018-05-06 20:04:27
62,45447,treasure hunt,1525637084,2018-05-06 20:04:44
62,46723,brad pitt,1525554217,2018-05-05 21:03:37
62,46723,cate blanchett,1525554227,2018-05-05 21:03:47
62,46723,multiple storylines,1525554215,2018-05-05 21:03:35
62,46723,social commentary,1525554246,2018-05-05 21:04:06
62,46972,ben stiller,1525554254,2018-05-05 21:04:14
62,46972,robin williams,1525554255,2018-05-05 21:04:15
62,46976,emma thompson,1536874692,2018-09-13 21:38:12
62,46976,maggie gyllenhaal,1536874655,2018-09-13 21:37:35
62,46976,modern fantasy,1536874658,2018-09-13 21:37:38
62,46976,romance,1536874651,2018-09-13 21:37:31
62,46976,surreal,1536874662,2018-09-13 21:37:42
62,46976,will ferrell,1536874653,2018-09-13 21:37:33
62,49130,marion cotillard,1526582371,2018-05-17 18:39:31
62,49530,africa,1536874706,2018-09-13 21:38:26
62,49530,corruption,1536874704,2018-09-13 21:38:24
62,49530,jennifer connelly,1536874701,2018-09-13 21:38:21
62,49530,justice,1536874709,2018-09-13 21:38:29
62,49530,leonardo dicaprio,1536874698,2018-09-13 21:38:18
62,53464,bad acting,1525554797,2018-05-05 21:13:17
62,53464,bad jokes,1525554811,2018-05-05 21:13:31
62,53464,bad plot,1525554822,2018-05-05 21:13:42
62,53464,chris evans,1525554807,2018-05-05 21:13:27
62,53464,jessica alba,1525554794,2018-05-05 21:13:14
62,53464,marvel,1525554792,2018-05-05 21:13:12
62,53464,sexy female scientist,1525554813,2018-05-05 21:13:33
62,58047,rachel weisz,1528909364,2018-06-13 17:02:44
62,58047,ryan reynolds,1528909347,2018-06-13 17:02:27
62,59501,fantasy,1525637507,2018-05-06 20:11:47
62,59501,lion,1525637517,2018-05-06 20:11:57
62,59501,narnia,1525637508,2018-05-06 20:11:48
62,59501,tilda swinton,1525637603,2018-05-06 20:13:23
62,60074,bad script,1525554116,2018-05-05 21:01:56
62,60074,charlize theron,1525554121,2018-05-05 21:02:01
62,60074,will smith,1525554107,2018-05-05 21:01:47
62,60126,anne hathaway,1527004240,2018-05-22 15:50:40
62,60126,steve carell,1527004238,2018-05-22 15:50:38
62,60756,comedy,1528934384,2018-06-13 23:59:44
62,60756,funny,1528934381,2018-06-13 23:59:41
62,60756,will ferrell,1528934379,2018-06-13 23:59:39
62,61024,comedy,1528934218,2018-06-13 23:56:58
62,61024,james franco,1528934214,2018-06-13 23:56:54
62,61024,seth rogen,1528934216,2018-06-13 23:56:56
62,61024,stoner movie,1528934219,2018-06-13 23:56:59
62,63992,audience intelligence underestimated,1528934237,2018-06-13 23:57:17
62,63992,boring,1528934241,2018-06-13 23:57:21
62,63992,chick flick,1528934247,2018-06-13 23:57:27
62,63992,overrated,1528934240,2018-06-13 23:57:20
62,63992,teen movie,1528934233,2018-06-13 23:57:13
62,68848,adrien brody,1527274305,2018-05-25 18:51:45
62,68848,con artists,1527274320,2018-05-25 18:52:00
62,68848,funny,1527274322,2018-05-25 18:52:02
62,68848,interesting characters,1527274324,2018-05-25 18:52:04
62,68848,mark ruffalo,1527274316,2018-05-25 18:51:56
62,68848,rachel weisz,1527274311,2018-05-25 18:51:51
62,71535,bill murray,1529777198,2018-06-23 18:06:38
62,71535,dark comedy,1529777189,2018-06-23 18:06:29
62,71535,emma stone,1529777192,2018-06-23 18:06:32
62,71535,funny,1529777194,2018-06-23 18:06:34
62,71535,jesse eisenberg,1529777186,2018-06-23 18:06:26
62,71535,woody harrelson,1529777129,2018-06-23 18:05:29
62,87430,audience intelligence underestimated,1525555172,2018-05-05 21:19:32
62,87430,cgi,1525555168,2018-05-05 21:19:28
62,87430,cheesy,1525555170,2018-05-05 21:19:30
62,87430,comic book,1525555164,2018-05-05 21:19:24
62,87430,dc,1525555176,2018-05-05 21:19:36
62,87430,dc comics,1525555184,2018-05-05 21:19:44
62,87430,ryan reynolds,1525555162,2018-05-05 21:19:22
62,87430,space,1525555182,2018-05-05 21:19:42
62,87430,superhero,1525555181,2018-05-05 21:19:41
62,88405,comedy,1525554879,2018-05-05 21:14:39
62,88405,funny,1525554868,2018-05-05 21:14:28
62,88405,happy ending,1525554872,2018-05-05 21:14:32
62,88405,hot actress,1525554880,2018-05-05 21:14:40
62,88405,justin timberlake,1525554873,2018-05-05 21:14:33
62,88405,mila kunis,1525554861,2018-05-05 21:14:21
62,88405,new york city,1525554866,2018-05-05 21:14:26
62,88405,romance,1525554883,2018-05-05 21:14:43
62,88405,sex,1525554864,2018-05-05 21:14:24
62,96861,istanbul,1529611262,2018-06-21 20:01:02
62,96861,liam neeson,1529611250,2018-06-21 20:00:50
62,96861,predictable,1529611266,2018-06-21 20:01:06
62,96861,turkey,1529611256,2018-06-21 20:00:56
62,96861,unnecessary sequel,1529611269,2018-06-21 20:01:09
62,99114,action,1526078792,2018-05-11 22:46:32
62,99114,christoph waltz,1526078766,2018-05-11 22:46:06
62,99114,funny,1526078778,2018-05-11 22:46:18
62,99114,good soundtrack,1526078785,2018-05-11 22:46:25
62,99114,great performances,1526078768,2018-05-11 22:46:08
62,99114,humour,1526078787,2018-05-11 22:46:27
62,99114,leonardo dicaprio,1526078762,2018-05-11 22:46:02
62,99114,quentin tarantino,1526078760,2018-05-11 22:46:00
62,99114,samuel l. jackson,1526078763,2018-05-11 22:46:03
62,99114,soundtrack,1526078781,2018-05-11 22:46:21
62,99114,western,1526078773,2018-05-11 22:46:13
62,103042,amy adams,1525555328,2018-05-05 21:22:08
62,103042,superhero,1525555319,2018-05-05 21:21:59
62,104863,daniel radcliffe,1528843968,2018-06-12 22:52:48
62,104863,zoe kazan,1528843965,2018-06-12 22:52:45
62,107348,comedy,1528935011,2018-06-14 00:10:11
62,107348,steve carell,1528935000,2018-06-14 00:10:00
62,107348,stupid but funny,1528935013,2018-06-14 00:10:13
62,107348,will ferrell,1528935002,2018-06-14 00:10:02
62,108190,anti-intellectual,1525554841,2018-05-05 21:14:01
62,108190,bad writing,1525554835,2018-05-05 21:13:55
62,108190,dystopia,1525554830,2018-05-05 21:13:50
62,108190,new society,1525554832,2018-05-05 21:13:52
62,108190,plot holes,1525554845,2018-05-05 21:14:05
62,108190,predictable,1525554847,2018-05-05 21:14:07
62,108190,scifi,1525554839,2018-05-05 21:13:59
62,108190,unintelligent,1525554843,2018-05-05 21:14:03
62,111743,charlize theron,1530471420,2018-07-01 18:57:00
62,111743,liam neeson,1530471434,2018-07-01 18:57:14
62,111743,seth macfarlane,1530471419,2018-07-01 18:56:59
62,111743,witty,1530471417,2018-07-01 18:56:57
62,114180,action,1525554460,2018-05-05 21:07:40
62,114180,dystopia,1525554450,2018-05-05 21:07:30
62,114180,plot holes,1525554454,2018-05-05 21:07:34
62,114180,post-apocalyptic,1525554458,2018-05-05 21:07:38
62,114180,survival,1525554456,2018-05-05 21:07:36
62,114180,thriller,1525554471,2018-05-05 21:07:51
62,114180,unexplained,1525554473,2018-05-05 21:07:53
62,114180,weak plot,1525554463,2018-05-05 21:07:43
62,115149,dark hero,1528152251,2018-06-04 22:44:11
62,115149,gun-fu,1528152257,2018-06-04 22:44:17
62,115149,keanu reeves,1528152244,2018-06-04 22:44:04
62,115149,revenge,1528152241,2018-06-04 22:44:01
62,115149,secret society,1528152258,2018-06-04 22:44:18
62,115149,stylish,1528152247,2018-06-04 22:44:07
62,116897,black comedy,1528152849,2018-06-04 22:54:09
62,116897,dark comedy,1528152859,2018-06-04 22:54:19
62,116897,dark humor,1528152847,2018-06-04 22:54:07
62,116897,ironic,1528152854,2018-06-04 22:54:14
62,116897,multiple short stories,1528152862,2018-06-04 22:54:22
62,116897,short stories,1528152852,2018-06-04 22:54:12
62,119141,bromance,1525555146,2018-05-05 21:19:06
62,119141,comedy,1525555138,2018-05-05 21:18:58
62,119141,funny,1525555129,2018-05-05 21:18:49
62,119141,james franco,1525555132,2018-05-05 21:18:52
62,119141,seth rogen,1525555127,2018-05-05 21:18:47
62,122912,comic book,1526029023,2018-05-11 08:57:03
62,122912,dr. strange,1526029001,2018-05-11 08:56:41
62,122912,great villain,1526029025,2018-05-11 08:57:05
62,122912,guardians of the galaxy,1526029015,2018-05-11 08:56:55
62,122912,marvel,1526028997,2018-05-11 08:56:37
62,122912,mcu,1526028983,2018-05-11 08:56:23
62,122912,robert downey jr.,1526028991,2018-05-11 08:56:31
62,122912,thanos,1526028985,2018-05-11 08:56:25
62,122912,thor,1526029010,2018-05-11 08:56:50
62,122912,visually stunning,1526028994,2018-05-11 08:56:34
62,128360,characters,1526078910,2018-05-11 22:48:30
62,128360,dialogue,1526078902,2018-05-11 22:48:22
62,128360,humor,1526078901,2018-05-11 22:48:21
62,128360,kurt russell,1526078886,2018-05-11 22:48:06
62,128360,quentin tarantino,1526078877,2018-05-11 22:47:57
62,128360,samuel l. jackson,1526078883,2018-05-11 22:48:03
62,128360,tension building,1526078880,2018-05-11 22:48:00
62,128360,violent,1526078912,2018-05-11 22:48:32
62,128360,western,1526078899,2018-05-11 22:48:19
62,135133,dystopia,1525637480,2018-05-06 20:11:20
62,135133,jennifer lawrence,1525637484,2018-05-06 20:11:24
62,135133,love story,1525637487,2018-05-06 20:11:27
62,135133,nonsense,1525637488,2018-05-06 20:11:28
62,135133,politics,1525637499,2018-05-06 20:11:39
62,135133,rebellion,1525637483,2018-05-06 20:11:23
62,135133,revolution,1525637481,2018-05-06 20:11:21
62,135518,ben kingsley,1530471365,2018-07-01 18:56:05
62,135518,ethics,1530471346,2018-07-01 18:55:46
62,135518,immortality,1530471343,2018-07-01 18:55:43
62,135518,ryan reynolds,1530471352,2018-07-01 18:55:52
62,135536,bad story,1525555090,2018-05-05 21:18:10
62,135536,bad writing,1525555084,2018-05-05 21:18:04
62,135536,batman,1525555077,2018-05-05 21:17:57
62,135536,ben affleck,1525555106,2018-05-05 21:18:26
62,135536,comic book,1525555092,2018-05-05 21:18:12
62,135536,dc comics,1525555080,2018-05-05 21:18:00
62,135536,good soundtrack,1525555089,2018-05-05 21:18:09
62,135536,harley quinn,1525555079,2018-05-05 21:17:59
62,135536,harley quinn's ass,1525555094,2018-05-05 21:18:14
62,135536,horrible directing,1525555099,2018-05-05 21:18:19
62,135536,jared leto,1525555072,2018-05-05 21:17:52
62,135536,joker,1525555074,2018-05-05 21:17:54
62,135536,lack of plot,1525555069,2018-05-05 21:17:49
62,135536,margot robbie,1525555073,2018-05-05 21:17:53
62,135536,poor story,1525555087,2018-05-05 21:18:07
62,135536,poorly paced,1525555083,2018-05-05 21:18:03
62,135536,superhero,1525555103,2018-05-05 21:18:23
62,135536,visually appealing,1525555109,2018-05-05 21:18:29
62,135536,will smith,1525555076,2018-05-05 21:17:56
62,136864,action,1525555242,2018-05-05 21:20:42
62,136864,batman,1525555211,2018-05-05 21:20:11
62,136864,ben affleck,1525555223,2018-05-05 21:20:23
62,136864,dark,1525555227,2018-05-05 21:20:27
62,136864,dc comics,1525555225,2018-05-05 21:20:25
62,136864,gal gadot,1525555240,2018-05-05 21:20:40
62,136864,superhero,1525555243,2018-05-05 21:20:43
62,136864,superman,1525555213,2018-05-05 21:20:13
62,136864,wonderwoman,1525555233,2018-05-05 21:20:33
62,139385,leonardo dicarpio,1526079025,2018-05-11 22:50:25
62,139385,survival,1526079019,2018-05-11 22:50:19
62,139385,tom hardy,1526079029,2018-05-11 22:50:29
62,139385,visually appealing,1526079038,2018-05-11 22:50:38
62,158966,building a family,1526076353,2018-05-11 22:05:53
62,158966,creative,1526076341,2018-05-11 22:05:41
62,158966,freedom,1526076339,2018-05-11 22:05:39
62,158966,good writing,1526076350,2018-05-11 22:05:50
62,158966,individualism,1526076344,2018-05-11 22:05:44
62,158966,viggo mortensen,1526076342,2018-05-11 22:05:42
62,168248,action,1528152295,2018-06-04 22:44:55
62,168248,dark hero,1528152291,2018-06-04 22:44:51
62,168248,gun tactics,1528152287,2018-06-04 22:44:47
62,168248,hitman,1528152293,2018-06-04 22:44:53
62,168248,keanu reeves,1528152284,2018-06-04 22:44:44
62,168248,organized crime,1528152289,2018-06-04 22:44:49
62,168248,secret society,1528152282,2018-06-04 22:44:42
62,174053,dystopia,1525637341,2018-05-06 20:09:01
62,174053,future,1525637343,2018-05-06 20:09:03
62,174053,interesting,1525637346,2018-05-06 20:09:06
62,174053,jon hamm,1525637384,2018-05-06 20:09:44
62,174053,thought provoking,1525637344,2018-05-06 20:09:04
62,179401,action,1528934538,2018-06-14 00:02:18
62,179401,comedy,1528934534,2018-06-14 00:02:14
62,179401,dwayne johnson,1528934540,2018-06-14 00:02:20
62,179401,funny,1528934536,2018-06-14 00:02:16
62,183611,comedy,1526244689,2018-05-13 20:51:29
62,183611,funny,1526244688,2018-05-13 20:51:28
62,183611,rachel mcadams,1526244709,2018-05-13 20:51:49
62,184471,adventure,1528024900,2018-06-03 11:21:40
62,184471,alicia vikander,1528024914,2018-06-03 11:21:54
62,184471,video game adaptation,1528024898,2018-06-03 11:21:38
62,187593,josh brolin,1527274096,2018-05-25 18:48:16
62,187593,ryan reynolds,1527274092,2018-05-25 18:48:12
62,187593,sarcasm,1527274090,2018-05-25 18:48:10
62,187595,emilia clarke,1528934560,2018-06-14 00:02:40
62,187595,star wars,1528934552,2018-06-14 00:02:32
63,260,classic,1443199698,2015-09-25 16:48:18
63,260,space action,1443199710,2015-09-25 16:48:30
76,260,action,1439165594,2015-08-10 00:13:14
76,260,sci-fi,1439165588,2015-08-10 00:13:08
103,260,epic,1431954312,2015-05-18 13:05:12
103,260,great soundtrack,1431954337,2015-05-18 13:05:37
103,296,good dialogue,1431954555,2015-05-18 13:09:15
103,296,great soundtrack,1431954555,2015-05-18 13:09:15
103,296,non-linear,1431954555,2015-05-18 13:09:15
106,4896,everything you want is here,1467566944,2016-07-03 17:29:04
106,106489,adventure,1467566979,2016-07-03 17:29:39
112,260,classic sci-fi,1442535682,2015-09-18 00:21:22
112,260,engrossing adventure,1442535673,2015-09-18 00:21:13
112,260,epic,1442535666,2015-09-18 00:21:06
119,260,classic,1435942530,2015-07-03 16:55:30
119,260,nerd,1435942520,2015-07-03 16:55:20
119,101142,animation,1436563067,2015-07-10 21:17:47
119,101142,funny,1436563067,2015-07-10 21:17:47
119,101142,stone age,1436563067,2015-07-10 21:17:47
119,115149,action,1437763143,2015-07-24 18:39:03
119,115149,killer,1437763143,2015-07-24 18:39:03
119,115149,widows/widowers,1437763143,2015-07-24 18:39:03
119,115617,animation,1435944890,2015-07-03 17:34:50
119,115617,kids,1435944890,2015-07-03 17:34:50
119,115617,robots,1435944890,2015-07-03 17:34:50
119,120635,action,1438439306,2015-08-01 14:28:26
119,120635,murder,1438439306,2015-08-01 14:28:26
119,120635,police,1438439306,2015-08-01 14:28:26
125,1726,kevin costner,1474483317,2016-09-21 18:41:57
125,1726,post apocalyptic,1474483320,2016-09-21 18:42:00
125,2387,dark comedy,1474382225,2016-09-20 14:37:05
125,2387,dark humor,1474382223,2016-09-20 14:37:03
125,3052,irreverent,1474592072,2016-09-23 00:54:32
125,3052,jay and silent bob,1474592004,2016-09-23 00:53:24
125,3052,kevin smith,1474592000,2016-09-23 00:53:20
125,3052,satire,1474591997,2016-09-23 00:53:17
125,5088,irreverent,1474592207,2016-09-23 00:56:47
125,7022,based on a book,1474381749,2016-09-20 14:29:09
125,7022,bloody,1474381755,2016-09-20 14:29:15
125,7022,brutal,1474381612,2016-09-20 14:26:52
125,7022,controversial,1474381812,2016-09-20 14:30:12
125,7022,dystopia,1474381779,2016-09-20 14:29:39
125,7022,goretastic,1474381786,2016-09-20 14:29:46
125,7022,satire,1474381739,2016-09-20 14:28:59
125,7022,social commentary,1474381788,2016-09-20 14:29:48
125,7022,survival,1474381609,2016-09-20 14:26:49
125,7022,violence,1474381745,2016-09-20 14:29:05
125,7254,alternate reality,1474381441,2016-09-20 14:24:01
125,7254,sci-fi,1474381448,2016-09-20 14:24:08
125,7254,science fiction,1474381455,2016-09-20 14:24:15
125,7254,time travel,1474381439,2016-09-20 14:23:59
125,8957,brutal,1474382001,2016-09-20 14:33:21
125,8957,clever,1474382019,2016-09-20 14:33:39
125,8957,disturbing,1474382015,2016-09-20 14:33:35
125,8957,great ending,1474381987,2016-09-20 14:33:07
125,8957,mindfuck,1474381982,2016-09-20 14:33:02
125,8957,surprise ending,1474381973,2016-09-20 14:32:53
125,8957,suspense,1474381994,2016-09-20 14:33:14
125,9010,cruel characters,1474381529,2016-09-20 14:25:29
125,42632,brutality,1474381492,2016-09-20 14:24:52
125,58301,dark humor,1474381561,2016-09-20 14:26:01
125,60950,threesome,1474591817,2016-09-23 00:50:17
125,62434,seth rogen,1474592476,2016-09-23 01:01:16
125,62434,sexual humor,1474592473,2016-09-23 01:01:13
125,67695,seth rogen,1474382123,2016-09-20 14:35:23
125,100083,embarassing scenes,1474377075,2016-09-20 13:11:15
125,100083,offensive,1474377060,2016-09-20 13:11:00
125,100083,r language,1474377035,2016-09-20 13:10:35
125,100083,sarcasm,1474377015,2016-09-20 13:10:15
125,100083,satire,1474381901,2016-09-20 14:31:41
125,156371,80's,1474469700,2016-09-21 14:55:00
125,158872,crude humor,1474382035,2016-09-20 14:33:55
125,158872,mindfuck,1474382087,2016-09-20 14:34:47
125,158872,sarcasm,1474382053,2016-09-20 14:34:13
125,158872,satire,1474382047,2016-09-20 14:34:07
125,158872,vulgar,1474382100,2016-09-20 14:35:00
132,3556,sofia coppola,1163148016,2006-11-10 08:40:16
132,6323,john cusack,1161800041,2006-10-25 18:14:01
132,6367,ewan mcgregor,1161799885,2006-10-25 18:11:25
132,6367,renee zellweger,1161799951,2006-10-25 18:12:31
138,59103,jackie chan,1222676394,2008-09-29 08:19:54
138,59103,kung fu,1222676405,2008-09-29 08:20:05
161,52287,something for everyone in this one... saw it without and plan on seeing it with kids!,1176498861,2007-04-13 21:14:21
166,293,assassin,1188774484,2007-09-02 23:08:04
166,293,jean reno,1188774487,2007-09-02 23:08:07
166,54286,assassin,1188774519,2007-09-02 23:08:39
166,54286,assassin-in-training (scene),1188774517,2007-09-02 23:08:37
166,54286,espionage,1188774515,2007-09-02 23:08:35
166,54286,robert ludlum,1188774524,2007-09-02 23:08:44
167,104,test tag,1154718872,2006-08-04 19:14:32
177,115617,feel-good,1435523876,2015-06-28 20:37:56
177,115617,fun family movie,1435523876,2015-06-28 20:37:56
177,115617,very funny,1435523876,2015-06-28 20:37:56
184,2579,black and white,1537094307,2018-09-16 10:38:27
184,2579,christopher nolan,1537094326,2018-09-16 10:38:46
184,2579,directorial debut,1537094323,2018-09-16 10:38:43
184,2579,mindfuck,1537094375,2018-09-16 10:39:35
184,2579,not linear,1537094318,2018-09-16 10:38:38
184,2579,twist ending,1537094309,2018-09-16 10:38:29
184,3793,action,1537094381,2018-09-16 10:39:41
184,3793,comic book,1537094359,2018-09-16 10:39:19
184,3793,hugh jackman,1537094370,2018-09-16 10:39:30
184,3793,marvel,1537094366,2018-09-16 10:39:26
184,3793,superhero,1537094354,2018-09-16 10:39:14
184,4226,dark,1537094453,2018-09-16 10:40:53
184,4226,mindfuck,1537094464,2018-09-16 10:41:04
184,4226,nonlinear,1537094445,2018-09-16 10:40:45
184,4226,psychology,1537094448,2018-09-16 10:40:48
184,4226,twist ending,1537094447,2018-09-16 10:40:47
184,4896,alan rickman,1537094576,2018-09-16 10:42:56
184,4896,harry potter,1537094544,2018-09-16 10:42:24
184,4896,humorous,1537094550,2018-09-16 10:42:30
184,4896,magic,1537094530,2018-09-16 10:42:10
184,5388,atmospheric,1537094680,2018-09-16 10:44:40
184,5388,insomnia,1537094688,2018-09-16 10:44:48
184,5388,thought-provoking,1537094685,2018-09-16 10:44:45
184,6283,amazing artwork,1537094506,2018-09-16 10:41:46
184,6283,anime,1537094487,2018-09-16 10:41:27
184,6283,sci-fi,1537094503,2018-09-16 10:41:43
184,27156,anime,1537094261,2018-09-16 10:37:41
184,27156,end of the world,1537094269,2018-09-16 10:37:49
184,27156,epic,1537094270,2018-09-16 10:37:50
184,27156,mecha,1537094278,2018-09-16 10:37:58
184,27156,psychology,1537094263,2018-09-16 10:37:43
184,193565,anime,1537098582,2018-09-16 11:49:42
184,193565,comedy,1537098587,2018-09-16 11:49:47
184,193565,gintama,1537098603,2018-09-16 11:50:03
184,193565,remaster,1537098592,2018-09-16 11:49:52
193,260,classic sci-fi,1435856940,2015-07-02 17:09:00
193,260,space action,1435856955,2015-07-02 17:09:15
193,260,space epic,1435856950,2015-07-02 17:09:10
193,4878,atmospheric,1435857150,2015-07-02 17:12:30
193,4878,cult film,1435857131,2015-07-02 17:12:11
193,4878,dreamlike,1435857139,2015-07-02 17:12:19
193,4878,hallucinatory,1435857144,2015-07-02 17:12:24
193,4878,psychological,1435857147,2015-07-02 17:12:27
193,4878,surreal,1435857128,2015-07-02 17:12:08
193,4878,time travel,1435857135,2015-07-02 17:12:15
193,7147,dreamlike,1435857017,2015-07-02 17:10:17
193,7147,sentimental,1435857038,2015-07-02 17:10:38
193,7147,surreal,1435857020,2015-07-02 17:10:20
193,7147,tim burton,1435857024,2015-07-02 17:10:24
193,7361,alternate reality,1435857168,2015-07-02 17:12:48
193,7361,memory,1435857171,2015-07-02 17:12:51
193,7361,thought-provoking,1435857163,2015-07-02 17:12:43
193,97938,cinematography,1435857101,2015-07-02 17:11:41
193,97938,india,1435857092,2015-07-02 17:11:32
193,97938,surreal,1435857076,2015-07-02 17:11:16
205,260,oldie but goodie,1519899101,2018-03-01 10:11:41
205,260,sci-fi,1519899078,2018-03-01 10:11:18
205,260,star wars,1519899108,2018-03-01 10:11:48
226,6938,big wave,1160681362,2006-10-12 19:29:22
226,6938,surfing,1160681362,2006-10-12 19:29:22
226,48780,ummarti2006,1161615435,2006-10-23 14:57:15
256,126548,funny,1447532592,2015-11-14 20:23:12
256,126548,high school,1447532575,2015-11-14 20:22:55
274,68319,comic book,1241762577,2009-05-08 06:02:57
288,7020,notable nudity,1150988077,2006-06-22 14:54:37
289,3,moldy,1143424860,2006-03-27 02:01:00
289,3,old,1143424860,2006-03-27 02:01:00
289,527,moving,1143424895,2006-03-27 02:01:35
289,1101,predictable,1143424846,2006-03-27 02:00:46
291,50872,a clever chef rat,1453051551,2016-01-17 17:25:51
291,50872,inspirational,1453051559,2016-01-17 17:25:59
291,102007,animation,1453135047,2016-01-18 16:37:27
291,118696,hope,1453135079,2016-01-18 16:37:59
300,6711,atmospheric,1425352343,2015-03-03 03:12:23
305,4034,drugs,1462919721,2016-05-10 22:35:21
305,4995,mathematics,1464428783,2016-05-28 09:46:23
305,6502,zombies,1525274359,2018-05-02 15:19:19
305,6953,depressing,1462398032,2016-05-04 21:40:32
305,8641,stupid,1520707078,2018-03-10 18:37:58
305,34405,predictable,1520284921,2018-03-05 21:22:01
305,55721,favelas,1462919777,2016-05-10 22:36:17
305,83134,black comedy,1518811477,2018-02-16 20:04:37
318,778,based on a book,1266408710,2010-02-17 12:11:50
318,778,dark comedy,1266408707,2010-02-17 12:11:47
318,778,narrated,1266408703,2010-02-17 12:11:43
318,4612,reciprocal spectator,1416086512,2014-11-15 21:21:52
318,4708,reciprocal spectator,1416086490,2014-11-15 21:21:30
318,6400,documentary,1315333136,2011-09-06 18:18:56
318,30892,animation,1240158590,2009-04-19 16:29:50
318,30892,documentary,1240158551,2009-04-19 16:29:11
318,30892,henry darger,1240158560,2009-04-19 16:29:20
318,48698,the catholic church is the most corrupt organization in history,1276006189,2010-06-08 14:09:49
318,64034,childish naivity,1242160404,2009-05-12 20:33:24
318,64034,friendship,1242160427,2009-05-12 20:33:47
318,68954,adventure,1266408634,2010-02-17 12:10:34
318,68954,bechdel test:fail,1266408641,2010-02-17 12:10:41
318,68954,cartoon,1266408638,2010-02-17 12:10:38
318,68954,children,1266408643,2010-02-17 12:10:43
318,68954,computer animation,1266408645,2010-02-17 12:10:45
318,68954,divorce,1266408656,2010-02-17 12:10:56
318,68954,dogs,1266408658,2010-02-17 12:10:58
318,68954,dreams,1266408662,2010-02-17 12:11:02
318,68954,pixar,1266408675,2010-02-17 12:11:15
318,71494,narrative pisstake,1426783741,2015-03-19 16:49:01
318,81158,american idolatry,1299452954,2011-03-06 23:09:14
318,82459,atmospheric,1300485463,2011-03-18 21:57:43
318,82459,coen brothers,1300485477,2011-03-18 21:57:57
318,82459,jeff bridges,1300485479,2011-03-18 21:57:59
318,82459,matt damon,1300485480,2011-03-18 21:58:00
318,82459,predictable,1300485405,2011-03-18 21:56:45
318,90769,celebrity fetishism,1422524320,2015-01-29 09:38:40
318,90769,mediacentralism,1422524320,2015-01-29 09:38:40
318,90769,system holism,1422524320,2015-01-29 09:38:40
318,96084,city politics,1421145735,2015-01-13 10:42:15
318,96084,italy,1421145735,2015-01-13 10:42:15
318,96084,political right versus left,1421145735,2015-01-13 10:42:15
318,111364,creature feature,1414693918,2014-10-30 18:31:58
318,118784,documentary,1420400992,2015-01-04 19:49:52
318,118784,music industry,1420400992,2015-01-04 19:49:52
318,118784,remix culture,1420400992,2015-01-04 19:49:52
318,127172,film history,1423222565,2015-02-06 11:36:05
318,127172,poetic,1423222565,2015-02-06 11:36:05
318,127172,representation of children,1423222565,2015-02-06 11:36:05
319,364,disney,1461351898,2016-04-22 19:04:58
319,364,disney animated feature,1461351908,2016-04-22 19:05:08
319,364,oscar (best music - original score),1461351919,2016-04-22 19:05:19
327,1288,music,1234790068,2009-02-16 13:14:28
327,1923,ben stiller,1234789755,2009-02-16 13:09:15
327,2616,comic book,1234789098,2009-02-16 12:58:18
327,3481,music,1234788257,2009-02-16 12:44:17
327,3897,music,1234788979,2009-02-16 12:56:19
327,8641,awesome,1234789177,2009-02-16 12:59:37
327,51255,british comedy,1234789115,2009-02-16 12:58:35
336,1,pixar,1139045764,2006-02-04 09:36:04
336,153,superhero,1139045840,2006-02-04 09:37:20
336,552,knights,1139045825,2006-02-04 09:37:05
336,1246,highschool,1139046768,2006-02-04 09:52:48
336,32587,cult,1139046748,2006-02-04 09:52:28
336,33660,boksdrama,1139046203,2006-02-04 09:43:23
336,34162,stiller,1139046811,2006-02-04 09:53:31
336,36529,wapendrama,1139046289,2006-02-04 09:44:49
336,37729,animation,1139047294,2006-02-04 10:01:34
336,38798,sisters,1139047262,2006-02-04 10:01:02
341,260,robots and androids,1439750956,2015-08-16 18:49:16
341,260,space,1439750961,2015-08-16 18:49:21
356,2146,post-college,1229142995,2008-12-13 04:36:35
356,37384,restaurant,1229142458,2008-12-13 04:27:38
356,40955,transvestite,1229140689,2008-12-13 03:58:09
356,44889,satire,1229140863,2008-12-13 04:01:03
356,61323,dark comedy,1228073481,2008-11-30 19:31:21
357,39,chick flick,1348627867,2012-09-26 02:51:07
357,39,funny,1348627869,2012-09-26 02:51:09
357,39,paul rudd,1348627871,2012-09-26 02:51:11
357,39,quotable,1348627873,2012-09-26 02:51:13
357,39,seen more than once,1348627878,2012-09-26 02:51:18
357,1059,amazing cinematography,1348627235,2012-09-26 02:40:35
357,1059,leonardo dicaprio,1348627233,2012-09-26 02:40:33
357,1059,shakespeare,1348627264,2012-09-26 02:41:04
357,1059,updated classics,1348627243,2012-09-26 02:40:43
357,2762,atmospheric,1348626902,2012-09-26 02:35:02
357,2762,bruce willis,1348626919,2012-09-26 02:35:19
357,2762,ghosts,1348626904,2012-09-26 02:35:04
357,2762,imdb top 250,1348626908,2012-09-26 02:35:08
357,2762,mindfuck,1348626910,2012-09-26 02:35:10
357,2762,stylized,1348626915,2012-09-26 02:35:15
357,2762,twist ending,1348626913,2012-09-26 02:35:13
357,4370,android(s)/cyborg(s),1348628642,2012-09-26 03:04:02
357,4370,artificial intelligence,1348628638,2012-09-26 03:03:58
357,4370,bittersweet,1348628628,2012-09-26 03:03:48
357,4370,steven spielberg,1348628635,2012-09-26 03:03:55
357,5464,cinematography,1348627174,2012-09-26 02:39:34
357,5464,tom hanks,1348627179,2012-09-26 02:39:39
357,7078,bette davis,1348628505,2012-09-26 03:01:45
357,7078,oscar (best actress),1348628502,2012-09-26 03:01:42
357,7444,mark ruffalo,1348627960,2012-09-26 02:52:40
357,7451,clever,1348627907,2012-09-26 02:51:47
357,7451,high school,1348627902,2012-09-26 02:51:42
357,7451,lesbian subtext,1348627909,2012-09-26 02:51:49
357,48516,leonardo dicaprio,1348627149,2012-09-26 02:39:09
357,48516,suspense,1348627152,2012-09-26 02:39:12
357,48516,twist ending,1348627154,2012-09-26 02:39:14
357,48516,undercover cop,1348627156,2012-09-26 02:39:16
357,54997,christian bale,1348627195,2012-09-26 02:39:55
357,55290,casey affleck,1348627116,2012-09-26 02:38:36
357,55290,great performances,1348627127,2012-09-26 02:38:47
357,55290,twist,1348627131,2012-09-26 02:38:51
357,91500,ending,1348626941,2012-09-26 02:35:41
357,91529,anne hathaway,1348626758,2012-09-26 02:32:38
357,91529,christian bale,1348626755,2012-09-26 02:32:35
357,91529,christopher nolan,1348626760,2012-09-26 02:32:40
357,91529,comic book,1348626775,2012-09-26 02:32:55
357,91529,great ending,1348626779,2012-09-26 02:32:59
357,91529,morgan freeman,1348626766,2012-09-26 02:32:46
357,91529,political commentary,1348626786,2012-09-26 02:33:06
357,91529,superhero,1348626790,2012-09-26 02:33:10
419,98961,afghanistan,1362867327,2013-03-09 22:15:27
419,98961,american propaganda,1362867290,2013-03-09 22:14:50
419,98961,assassination,1362867308,2013-03-09 22:15:08
419,98961,military,1362867315,2013-03-09 22:15:15
419,98961,terrorism,1362867303,2013-03-09 22:15:03
424,32,time travel,1457901872,2016-03-13 20:44:32
424,47,mystery,1457842470,2016-03-13 04:14:30
424,47,twist ending,1457842458,2016-03-13 04:14:18
424,50,mindfuck,1457842328,2016-03-13 04:12:08
424,50,suspense,1457842315,2016-03-13 04:11:55
424,50,thriller,1457842332,2016-03-13 04:12:12
424,50,tricky,1457842340,2016-03-13 04:12:20
424,50,twist ending,1457842306,2016-03-13 04:11:46
424,147,addiction,1457901627,2016-03-13 20:40:27
424,147,heroin,1457901631,2016-03-13 20:40:31
424,147,leonardo dicaprio,1457901625,2016-03-13 20:40:25
424,147,mark wahlberg,1457901624,2016-03-13 20:40:24
424,175,controversial,1457901665,2016-03-13 20:41:05
424,175,new york city,1457901671,2016-03-13 20:41:11
424,175,nudity (full frontal),1457901668,2016-03-13 20:41:08
424,223,cynical,1457844066,2016-03-13 04:41:06
424,223,hilarious,1457844086,2016-03-13 04:41:26
424,223,independent film,1457844084,2016-03-13 04:41:24
424,223,quirky,1457844073,2016-03-13 04:41:13
424,223,witty,1457844080,2016-03-13 04:41:20
424,260,classic sci-fi,1457900772,2016-03-13 20:26:12
424,260,sci-fi,1457900766,2016-03-13 20:26:06
424,260,space adventure,1457900770,2016-03-13 20:26:10
424,260,star wars,1457900775,2016-03-13 20:26:15
424,288,brutality,1457846184,2016-03-13 05:16:24
424,288,controversial,1457846195,2016-03-13 05:16:35
424,288,dark comedy,1457846180,2016-03-13 05:16:20
424,288,psychedelic,1457846191,2016-03-13 05:16:31
424,288,satire,1457846198,2016-03-13 05:16:38
424,288,stylized,1457846189,2016-03-13 05:16:29
424,296,cult film,1457844546,2016-03-13 04:49:06
424,296,drugs,1457844550,2016-03-13 04:49:10
424,296,quentin tarantino,1457844541,2016-03-13 04:49:01
424,296,tarantino,1457844557,2016-03-13 04:49:17
424,364,soundtrack,1457845497,2016-03-13 05:04:57
424,527,thought-provoking,1457901041,2016-03-13 20:30:41
424,541,sci-fi,1457900918,2016-03-13 20:28:38
424,589,apocalypse,1457844854,2016-03-13 04:54:14
424,589,arnold schwarzenegger,1457844841,2016-03-13 04:54:01
424,589,nuclear war,1457844861,2016-03-13 04:54:21
424,589,sci-fi,1457844847,2016-03-13 04:54:07
424,589,suspense,1457844864,2016-03-13 04:54:24
424,589,time travel,1457844843,2016-03-13 04:54:03
424,608,based on a true story,1457900882,2016-03-13 20:28:02
424,608,dark comedy,1457900870,2016-03-13 20:27:50
424,608,kidnapping,1457900877,2016-03-13 20:27:57
424,608,steve buscemi,1457900865,2016-03-13 20:27:45
424,628,edward norton,1457843774,2016-03-13 04:36:14
424,628,psychology,1457843776,2016-03-13 04:36:16
424,628,suspense,1457843782,2016-03-13 04:36:22
424,628,thought-provoking,1457843780,2016-03-13 04:36:20
424,628,twist ending,1457843771,2016-03-13 04:36:11
424,1089,ensemble cast,1457844739,2016-03-13 04:52:19
424,1089,nonlinear,1457844742,2016-03-13 04:52:22
424,1089,quentin tarantino,1457844729,2016-03-13 04:52:09
424,1089,stylized,1457844737,2016-03-13 04:52:17
424,1120,freedom of expression,1457845558,2016-03-13 05:05:58
424,1136,british comedy,1457901498,2016-03-13 20:38:18
424,1136,monty python,1457901496,2016-03-13 20:38:16
424,1193,emotional,1457843688,2016-03-13 04:34:48
424,1193,jack nicholson,1457843684,2016-03-13 04:34:44
424,1198,adventure,1457901129,2016-03-13 20:32:09
424,1198,archaeology,1457901464,2016-03-13 20:37:44
424,1198,indiana jones,1457901132,2016-03-13 20:32:12
424,1198,steven spielberg,1457901466,2016-03-13 20:37:46
424,1198,treasure hunt,1457901471,2016-03-13 20:37:51
424,1200,action,1457901258,2016-03-13 20:34:18
424,1200,aliens,1457901252,2016-03-13 20:34:12
424,1200,horror,1457901265,2016-03-13 20:34:25
424,1200,sci-fi,1457901245,2016-03-13 20:34:05
424,1200,space,1457901261,2016-03-13 20:34:21
424,1200,space craft,1457901274,2016-03-13 20:34:34
424,1200,space travel,1457901269,2016-03-13 20:34:29
424,1200,suspense,1457901256,2016-03-13 20:34:16
424,1219,alfred hitchcock,1457902455,2016-03-13 20:54:15
424,1219,psychology,1457902459,2016-03-13 20:54:19
424,1219,suspenseful,1457902452,2016-03-13 20:54:12
424,1219,tense,1457902461,2016-03-13 20:54:21
424,1240,action,1457901308,2016-03-13 20:35:08
424,1240,artificial intelligence,1457901313,2016-03-13 20:35:13
424,1240,robots,1457901305,2016-03-13 20:35:05
424,1240,sci-fi,1457901302,2016-03-13 20:35:02
424,1240,special effects,1457901322,2016-03-13 20:35:22
424,1240,tense,1457901319,2016-03-13 20:35:19
424,1240,time travel,1457901300,2016-03-13 20:35:00
424,1258,atmospheric,1457843344,2016-03-13 04:29:04
424,1258,disturbing,1457843347,2016-03-13 04:29:07
424,1258,horror,1457843352,2016-03-13 04:29:12
424,1258,jack nicholson,1457843340,2016-03-13 04:29:00
424,1258,masterpiece,1457843354,2016-03-13 04:29:14
424,1258,psychological,1457843342,2016-03-13 04:29:02
424,1258,stanley kubrick,1457843338,2016-03-13 04:28:58
424,1258,suspense,1457843361,2016-03-13 04:29:21
424,1343,horror,1457846257,2016-03-13 05:17:37
424,1343,juliette lewis,1457846244,2016-03-13 05:17:24
424,1343,martin scorsese,1457846252,2016-03-13 05:17:32
424,1343,robert de niro,1457846254,2016-03-13 05:17:34
424,1625,mindfuck,1457845252,2016-03-13 05:00:52
424,1625,mystery,1457845249,2016-03-13 05:00:49
424,1625,plot twist,1457845255,2016-03-13 05:00:55
424,1625,psychological,1457845247,2016-03-13 05:00:47
424,1625,suspense,1457845258,2016-03-13 05:00:58
424,1625,twist ending,1457845244,2016-03-13 05:00:44
424,1704,inspirational,1457844971,2016-03-13 04:56:11
424,1921,hallucinatory,1457902516,2016-03-13 20:55:16
424,1921,mental illness,1457902477,2016-03-13 20:54:37
424,1921,mindfuck,1457902518,2016-03-13 20:55:18
424,1921,paranoid,1457902521,2016-03-13 20:55:21
424,1923,ben stiller,1457846503,2016-03-13 05:21:43
424,1923,crude humor,1457846506,2016-03-13 05:21:46
424,1923,goofy,1457846511,2016-03-13 05:21:51
424,2160,atmospheric,1457843300,2016-03-13 04:28:20
424,2160,creepy,1457843317,2016-03-13 04:28:37
424,2160,paranoia,1457843298,2016-03-13 04:28:18
424,2160,scary,1457843295,2016-03-13 04:28:15
424,2160,suspense,1457843308,2016-03-13 04:28:28
424,2296,snl,1457846704,2016-03-13 05:25:04
424,2329,thought-provoking,1457843729,2016-03-13 04:35:29
424,2505,nicolas cage,1457902180,2016-03-13 20:49:40
424,2571,martial arts,1457842912,2016-03-13 04:21:52
424,2571,sci-fi,1457842899,2016-03-13 04:21:39
424,2700,adult humor,1457844390,2016-03-13 04:46:30
424,2700,controversial,1457844399,2016-03-13 04:46:39
424,2700,crude humor,1457844397,2016-03-13 04:46:37
424,2700,free speech,1457844402,2016-03-13 04:46:42
424,2700,parody,1457844393,2016-03-13 04:46:33
424,2700,satire,1457844392,2016-03-13 04:46:32
424,2700,south park,1457844407,2016-03-13 04:46:47
424,2700,trey parker,1457844412,2016-03-13 04:46:52
424,2959,dark comedy,1457842797,2016-03-13 04:19:57
424,2959,psychology,1457842802,2016-03-13 04:20:02
424,2959,thought-provoking,1457842786,2016-03-13 04:19:46
424,2959,twist ending,1457842777,2016-03-13 04:19:37
424,3176,based on a book,1457845042,2016-03-13 04:57:22
424,3176,creepy,1457845033,2016-03-13 04:57:13
424,3176,disturbing,1457845029,2016-03-13 04:57:09
424,3176,jude law,1457845026,2016-03-13 04:57:06
424,3176,murder,1457845038,2016-03-13 04:57:18
424,3176,obsession,1457845036,2016-03-13 04:57:16
424,3176,psychology,1457845023,2016-03-13 04:57:03
424,3176,secrets,1457845045,2016-03-13 04:57:25
424,3176,serial killer,1457845031,2016-03-13 04:57:11
424,3176,suspense,1457845041,2016-03-13 04:57:21
424,3186,asylum,1457846005,2016-03-13 05:13:25
424,3186,based on a true story,1457846002,2016-03-13 05:13:22
424,3186,brittany murphy,1457846009,2016-03-13 05:13:29
424,3186,mental hospital,1457846012,2016-03-13 05:13:32
424,3186,psychology,1457845994,2016-03-13 05:13:14
424,3186,winona ryder,1457845998,2016-03-13 05:13:18
424,3499,claustrophobic,1457846281,2016-03-13 05:18:01
424,3499,horror,1457846287,2016-03-13 05:18:07
424,3499,scary,1457846295,2016-03-13 05:18:15
424,3499,stephen king,1457846291,2016-03-13 05:18:11
424,3499,suspenseful,1457846279,2016-03-13 05:17:59
424,3499,tense,1457846283,2016-03-13 05:18:03
424,3499,thriller,1457846285,2016-03-13 05:18:05
424,3527,aliens,1457901283,2016-03-13 20:34:43
424,3527,sci-fi,1457901285,2016-03-13 20:34:45
424,3527,scifi cult,1457901288,2016-03-13 20:34:48
424,3911,satire,1457844176,2016-03-13 04:42:56
424,3948,comedy,1457846488,2016-03-13 05:21:28
424,3948,robert de niro,1457846484,2016-03-13 05:21:24
424,4226,mystery,1457842983,2016-03-13 04:23:03
424,4226,psychological,1457842979,2016-03-13 04:22:59
424,4226,twist ending,1457842977,2016-03-13 04:22:57
424,4262,al pacino,1457900965,2016-03-13 20:29:25
424,4816,ben stiller,1457846960,2016-03-13 05:29:20
424,4816,comedy,1457846970,2016-03-13 05:29:30
424,4816,david bowie,1457846952,2016-03-13 05:29:12
424,4816,goofy,1457846949,2016-03-13 05:29:09
424,4816,mindless one liners,1457846956,2016-03-13 05:29:16
424,4816,will ferrell,1457846959,2016-03-13 05:29:19
424,4878,jake gyllenhaal,1457901910,2016-03-13 20:45:10
424,4993,fantasy,1457901156,2016-03-13 20:32:36
424,4993,high fantasy,1457901162,2016-03-13 20:32:42
424,4993,magic,1457901158,2016-03-13 20:32:38
424,4993,mythology,1457901174,2016-03-13 20:32:54
424,4993,tolkien,1457901165,2016-03-13 20:32:45
424,4993,wizards,1457901168,2016-03-13 20:32:48
424,5291,black and white,1457845331,2016-03-13 05:02:11
424,5291,samurai,1457845338,2016-03-13 05:02:18
424,6016,multiple storylines,1457900999,2016-03-13 20:29:59
424,6016,true story,1457901005,2016-03-13 20:30:05
424,6188,comedy,1457846098,2016-03-13 05:14:58
424,6188,will ferrell,1457846100,2016-03-13 05:15:00
424,6290,rob zombie,1457902367,2016-03-13 20:52:47
424,7361,jim carrey,1457901740,2016-03-13 20:42:20
424,8641,comedy,1457846537,2016-03-13 05:22:17
424,8641,will ferrell,1457846533,2016-03-13 05:22:13
424,8950,christian bale,1457842841,2016-03-13 04:20:41
424,8950,creepy,1457842847,2016-03-13 04:20:47
424,8950,powerful ending,1457842857,2016-03-13 04:20:57
424,8950,psychology,1457842844,2016-03-13 04:20:44
424,8950,schizophrenia,1457842854,2016-03-13 04:20:54
424,8950,twist ending,1457842837,2016-03-13 04:20:37
424,27020,drugs,1457901575,2016-03-13 20:39:35
424,27020,lesbian,1457901570,2016-03-13 20:39:30
424,30825,ben stiller,1457846573,2016-03-13 05:22:53
424,30825,robert de niro,1457846569,2016-03-13 05:22:49
424,34323,rob zombie,1457902355,2016-03-13 20:52:35
424,40278,jake gyllenhaal,1457846443,2016-03-13 05:20:43
424,40278,modern war,1457846449,2016-03-13 05:20:49
424,48516,atmospheric,1457843188,2016-03-13 04:26:28
424,48516,jack nicholson,1457843173,2016-03-13 04:26:13
424,48516,leonardo dicaprio,1457843178,2016-03-13 04:26:18
424,48516,martin scorsese,1457843176,2016-03-13 04:26:16
424,48516,suspense,1457843184,2016-03-13 04:26:24
424,53127,based on a play,1457923334,2016-03-14 02:42:14
424,53127,conspiracy theory,1457923313,2016-03-14 02:41:53
424,53127,creepy,1457923337,2016-03-14 02:42:17
424,53127,insanity,1457923284,2016-03-14 02:41:24
424,53127,paranoia,1457923318,2016-03-14 02:41:58
424,53127,ptsd,1457923256,2016-03-14 02:40:56
424,60756,funny,1457846127,2016-03-13 05:15:27
424,60756,will ferrell,1457846129,2016-03-13 05:15:29
424,66097,claymation,1457844468,2016-03-13 04:47:48
424,66097,creepy,1457844484,2016-03-13 04:48:04
424,66097,dark,1457844475,2016-03-13 04:47:55
424,66097,dark fairy tale,1457844498,2016-03-13 04:48:18
424,66097,surreal,1457844481,2016-03-13 04:48:01
424,66097,tim burton,1457844494,2016-03-13 04:48:14
424,68157,black comedy,1457844667,2016-03-13 04:51:07
424,68157,brad pitt,1457844663,2016-03-13 04:51:03
424,68157,christoph waltz,1457844660,2016-03-13 04:51:00
424,68157,quentin tarantino,1457844652,2016-03-13 04:50:52
424,68157,satire,1457844670,2016-03-13 04:51:10
424,74458,insanity,1457843102,2016-03-13 04:25:02
424,74458,leonardo dicaprio,1457843110,2016-03-13 04:25:10
424,74458,martin scorsese,1457843107,2016-03-13 04:25:07
424,74458,plot twist,1457843104,2016-03-13 04:25:04
424,74458,psychological,1457843098,2016-03-13 04:24:58
424,74458,psychological thriller,1457843113,2016-03-13 04:25:13
424,74458,thought-provoking,1457843122,2016-03-13 04:25:22
424,79132,action,1457844927,2016-03-13 04:55:27
424,79132,alternate reality,1457844911,2016-03-13 04:55:11
424,79132,leonardo dicaprio,1457844916,2016-03-13 04:55:16
424,79132,sci-fi,1457844903,2016-03-13 04:55:03
424,79132,thought-provoking,1457844920,2016-03-13 04:55:20
424,79132,visually appealing,1457844914,2016-03-13 04:55:14
424,81562,stranded,1457901404,2016-03-13 20:36:44
424,81591,alter ego,1457845684,2016-03-13 05:08:04
424,81591,atmospheric,1457845658,2016-03-13 05:07:38
424,81591,creepy,1457845668,2016-03-13 05:07:48
424,81591,horror,1457845670,2016-03-13 05:07:50
424,81591,obsession,1457845677,2016-03-13 05:07:57
424,81591,surreal,1457845661,2016-03-13 05:07:41
424,102903,illusions,1457845623,2016-03-13 05:07:03
424,102903,overcomplicated,1457845593,2016-03-13 05:06:33
424,102903,predictable,1457845596,2016-03-13 05:06:36
424,102903,stupid ending,1457845587,2016-03-13 05:06:27
424,104879,absorbing,1457846360,2016-03-13 05:19:20
424,104879,acting,1457846358,2016-03-13 05:19:18
424,104879,atmospheric,1457846366,2016-03-13 05:19:26
424,104879,hugh jackman,1457846364,2016-03-13 05:19:24
424,104879,jake gyllenhaal,1457846355,2016-03-13 05:19:15
424,104879,morality,1457846368,2016-03-13 05:19:28
424,104879,mystery,1457846378,2016-03-13 05:19:38
424,104879,thriller,1457846362,2016-03-13 05:19:22
424,106100,jared leto,1457845924,2016-03-13 05:12:04
424,106100,social commentary,1457845921,2016-03-13 05:12:01
424,106100,uplifting,1457845933,2016-03-13 05:12:13
424,106489,fantasy,1457901210,2016-03-13 20:33:30
424,106489,tolkien,1457901214,2016-03-13 20:33:34
424,106489,too long,1457901201,2016-03-13 20:33:21
424,109487,christopher nolan,1457901805,2016-03-13 20:43:25
424,109487,sci-fi,1457901808,2016-03-13 20:43:28
424,109487,time-travel,1457901811,2016-03-13 20:43:31
424,112515,atmospheric,1457843258,2016-03-13 04:27:38
424,112515,dark,1457843256,2016-03-13 04:27:36
424,112515,metaphorical,1457843228,2016-03-13 04:27:08
424,112515,psychological,1457843261,2016-03-13 04:27:41
424,112556,annoying,1457845088,2016-03-13 04:58:08
424,112556,stupid ending,1457845155,2016-03-13 04:59:15
435,750,dark comedy,1366676044,2013-04-23 00:14:04
435,2959,dark comedy,1366676088,2013-04-23 00:14:48
435,58559,psychology,1366676040,2013-04-23 00:14:00
435,58559,superhero,1366676054,2013-04-23 00:14:14
439,5952,myth,1436944038,2015-07-15 07:07:18
439,98809,action,1436944128,2015-07-15 07:08:48
439,98809,myth,1436944141,2015-07-15 07:09:01
462,152711,cambodia,1478489688,2016-11-07 03:34:48
462,152711,crime,1478489709,2016-11-07 03:35:09
462,152711,human rights,1478489696,2016-11-07 03:34:56
462,152711,murder,1478489701,2016-11-07 03:35:01
462,152711,procedural,1478489713,2016-11-07 03:35:13
474,1,pixar,1137206825,2006-01-14 02:47:05
474,2,game,1137375552,2006-01-16 01:39:12
474,5,pregnancy,1137373903,2006-01-16 01:11:43
474,5,remake,1137373903,2006-01-16 01:11:43
474,7,remake,1137375642,2006-01-16 01:40:42
474,11,politics,1137374904,2006-01-16 01:28:24
474,11,president,1137374904,2006-01-16 01:28:24
474,14,politics,1137375623,2006-01-16 01:40:23
474,14,president,1137375623,2006-01-16 01:40:23
474,16,mafia,1137181640,2006-01-13 19:47:20
474,17,jane austen,1137181153,2006-01-13 19:39:13
474,21,hollywood,1137206178,2006-01-14 02:36:18
474,22,serial killer,1137375496,2006-01-16 01:38:16
474,25,alcoholism,1138137555,2006-01-24 21:19:15
474,26,shakespeare,1138137603,2006-01-24 21:20:03
474,28,in netflix queue,1137201942,2006-01-14 01:25:42
474,28,jane austen,1137180037,2006-01-13 19:20:37
474,29,kidnapping,1138137473,2006-01-24 21:17:53
474,31,high school,1137375502,2006-01-16 01:38:22
474,31,teacher,1137375502,2006-01-16 01:38:22
474,32,time travel,1137206826,2006-01-14 02:47:06
474,34,animal movie,1137180956,2006-01-13 19:35:56
474,34,pigs,1137205237,2006-01-14 02:20:37
474,36,death penalty,1137202363,2006-01-14 01:32:43
474,36,nun,1137191227,2006-01-13 22:27:07
474,38,twins,1137373760,2006-01-16 01:09:20
474,39,emma,1138137492,2006-01-24 21:18:12
474,39,jane austen,1138137492,2006-01-24 21:18:12
474,40,in netflix queue,1137202107,2006-01-14 01:28:27
474,40,south africa,1137202107,2006-01-14 01:28:27
474,41,shakespeare,1138137646,2006-01-24 21:20:46
474,43,england,1138137640,2006-01-24 21:20:40
474,45,journalism,1137206826,2006-01-14 02:47:06
474,46,wedding,1137375539,2006-01-16 01:38:59
474,47,serial killer,1137206452,2006-01-14 02:40:52
474,50,heist,1137206826,2006-01-14 02:47:06
474,52,adoption,1137206315,2006-01-14 02:38:35
474,52,prostitution,1137206371,2006-01-14 02:39:31
474,58,writing,1138137613,2006-01-24 21:20:13
474,62,music,1137374957,2006-01-16 01:29:17
474,92,jekyll and hyde,1138137574,2006-01-24 21:19:34
474,96,theater,1138137537,2006-01-24 21:18:57
474,101,crime,1138137460,2006-01-24 21:17:40
474,104,golf,1137374014,2006-01-16 01:13:34
474,107,muppets,1137375573,2006-01-16 01:39:33
474,110,scotland,1137180974,2006-01-13 19:36:14
474,111,assassination,1137206513,2006-01-14 02:41:53
474,116,holocaust,1138040398,2006-01-23 18:19:58
474,122,dating,1137373679,2006-01-16 01:07:59
474,140,journalism,1137375031,2006-01-16 01:30:31
474,150,moon,1137205234,2006-01-14 02:20:34
474,150,nasa,1137180977,2006-01-13 19:36:17
474,150,space,1137205233,2006-01-14 02:20:33
474,153,superhero,1137375453,2006-01-16 01:37:33
474,160,michael crichton,1137373726,2006-01-16 01:08:46
474,161,submarine,1138137497,2006-01-24 21:18:17
474,162,in netflix queue,1137202038,2006-01-14 01:27:18
474,185,computers,1137375604,2006-01-16 01:40:04
474,199,made me cry,1137203124,2006-01-14 01:45:24
474,215,generation x,1138040410,2006-01-23 18:20:10
474,216,school,1137373675,2006-01-16 01:07:55
474,222,ireland,1137181644,2006-01-13 19:47:24
474,223,generation x,1138137480,2006-01-24 21:18:00
474,224,mental illness,1138137516,2006-01-24 21:18:36
474,224,psychology,1138137516,2006-01-24 21:18:36
474,230,stephen king,1138137506,2006-01-24 21:18:26
474,232,in netflix queue,1137201027,2006-01-14 01:10:27
474,235,movie business,1137181651,2006-01-13 19:47:31
474,237,basketball,1138137528,2006-01-24 21:18:48
474,237,france,1138137528,2006-01-24 21:18:48
474,237,infertility,1138137528,2006-01-24 21:18:48
474,246,basketball,1137784780,2006-01-20 19:19:40
474,247,australia,1137181666,2006-01-13 19:47:46
474,249,beethoven,1137181672,2006-01-13 19:47:52
474,252,einstein,1137374021,2006-01-16 01:13:41
474,257,court,1137375555,2006-01-16 01:39:15
474,260,darth vader,1137206494,2006-01-14 02:41:34
474,260,luke skywalker,1137206496,2006-01-14 02:41:36
474,260,space opera,1137206504,2006-01-14 02:41:44
474,261,louisa may alcott,1137181688,2006-01-13 19:48:08
474,262,england,1137206203,2006-01-14 02:36:43
474,262,girl power,1137206203,2006-01-14 02:36:43
474,262,india,1137206203,2006-01-14 02:36:43
474,272,england,1138137566,2006-01-24 21:19:26
474,272,mental illness,1138137566,2006-01-24 21:19:26
474,277,christmas,1137374027,2006-01-16 01:13:47
474,279,in netflix queue,1137202159,2006-01-14 01:29:19
474,280,prison,1137375585,2006-01-16 01:39:45
474,282,disability,1137375594,2006-01-16 01:39:54
474,282,twins,1137375594,2006-01-16 01:39:54
474,290,in netflix queue,1137201907,2006-01-14 01:25:07
474,293,hit men,1138137619,2006-01-24 21:20:19
474,296,hit men,1137205001,2006-01-14 02:16:41
474,300,tv,1137206376,2006-01-14 02:39:36
474,307,death,1137203087,2006-01-14 01:44:47
474,308,marriage,1137206827,2006-01-14 02:47:07
474,316,time travel,1138137673,2006-01-24 21:21:13
474,317,christmas,1137374047,2006-01-16 01:14:07
474,318,prison,1137205060,2006-01-14 02:17:40
474,318,stephen king,1137181171,2006-01-13 19:39:31
474,318,wrongful imprisonment,1137205064,2006-01-14 02:17:44
474,326,in netflix queue,1137201797,2006-01-14 01:23:17
474,329,enterprise,1137206491,2006-01-14 02:41:31
474,337,mental illness,1137206828,2006-01-14 02:47:08
474,338,serial killer,1137375662,2006-01-16 01:41:02
474,339,coma,1138137781,2006-01-24 21:23:01
474,342,australia,1138137593,2006-01-24 21:19:53
474,342,weddings,1138137593,2006-01-24 21:19:53
474,345,cross dressing,1138040381,2006-01-23 18:19:41
474,345,men in drag,1138040381,2006-01-23 18:19:41
474,345,remade,1138040381,2006-01-23 18:19:41
474,349,tom clancy,1137180961,2006-01-13 19:36:01
474,350,john grisham,1137375482,2006-01-16 01:38:02
474,351,interracial romance,1137374008,2006-01-16 01:13:28
474,356,shrimp,1137375519,2006-01-16 01:38:39
474,356,vietnam,1137375519,2006-01-16 01:38:39
474,357,wedding,1137375527,2006-01-16 01:38:47
474,361,gambling,1138137551,2006-01-24 21:19:11
474,363,holocaust,1137202123,2006-01-14 01:28:43
474,363,in netflix queue,1137202123,2006-01-14 01:28:43
474,364,disney,1137180959,2006-01-13 19:35:59
474,371,journalism,1137375629,2006-01-16 01:40:29
474,377,bus,1137206476,2006-01-14 02:41:16
474,380,spies,1137206826,2006-01-14 02:47:06
474,381,alcoholism,1137375043,2006-01-16 01:30:43
474,412,edith wharton,1137181633,2006-01-13 19:47:13
474,421,horses,1138040415,2006-01-23 18:20:15
474,425,mental illness,1138040434,2006-01-23 18:20:34
474,425,oscar (best actress),1138040434,2006-01-23 18:20:34
474,440,president,1137191329,2006-01-13 22:28:49
474,454,john grisham,1137181658,2006-01-13 19:47:38
474,457,based on a tv show,1137784717,2006-01-20 19:18:37
474,471,hula hoop,1137375547,2006-01-16 01:39:07
474,474,assassination,1138137543,2006-01-24 21:19:03
474,475,ireland,1137181677,2006-01-13 19:47:57
474,477,biopic,1138137776,2006-01-24 21:22:56
474,480,dinosaur,1137202921,2006-01-14 01:42:01
474,488,japan,1137375570,2006-01-16 01:39:30
474,488,sexuality,1137375570,2006-01-16 01:39:30
474,497,shakespeare,1137181143,2006-01-13 19:39:03
474,500,cross dressing,1137374959,2006-01-16 01:29:19
474,500,divorce,1137374961,2006-01-16 01:29:21
474,500,men in drag,1137374967,2006-01-16 01:29:27
474,508,aids,1137375634,2006-01-16 01:40:34
474,513,radio,1138137637,2006-01-24 21:20:37
474,513,show business,1138137637,2006-01-24 21:20:37
474,515,butler,1137202599,2006-01-14 01:36:39
474,515,housekeeper,1137202599,2006-01-14 01:36:39
474,516,military,1137374250,2006-01-16 01:17:30
474,522,australia,1138137660,2006-01-24 21:21:00
474,522,racism,1138137660,2006-01-24 21:21:00
474,522,violence,1138137660,2006-01-24 21:21:00
474,524,football,1137375002,2006-01-16 01:30:02
474,527,holocaust,1137180970,2006-01-13 19:36:10
474,529,chess,1137181705,2006-01-13 19:48:25
474,531,in netflix queue,1137201896,2006-01-14 01:24:56
474,534,c.s. lewis,1137181163,2006-01-13 19:39:23
474,535,large cast,1137206471,2006-01-14 02:41:11
474,538,race,1138137665,2006-01-24 21:21:05
474,539,empire state building,1137203041,2006-01-14 01:44:01
474,541,robots,1137375464,2006-01-16 01:37:44
474,543,beat poetry,1137203057,2006-01-14 01:44:17
474,551,christmas,1137375615,2006-01-16 01:40:15
474,551,halloween,1137375615,2006-01-16 01:40:15
474,556,politics,1137375666,2006-01-16 01:41:06
474,562,adolescence,1137206827,2006-01-14 02:47:07
474,586,christmas,1137374182,2006-01-16 01:16:22
474,587,overrated,1137180951,2006-01-13 19:35:51
474,588,disney,1137180971,2006-01-13 19:36:11
474,589,robots,1137206517,2006-01-14 02:41:57
474,590,american indians,1137180976,2006-01-13 19:36:16
474,590,native americans,1137180976,2006-01-13 19:36:16
474,592,superhero,1137206164,2006-01-14 02:36:04
474,593,hannibal lector,1137180982,2006-01-13 19:36:22
474,594,disney,1137375648,2006-01-16 01:40:48
474,595,disney,1137180963,2006-01-13 19:36:03
474,596,disney,1137374224,2006-01-16 01:17:04
474,597,prostitution,1137206324,2006-01-14 02:38:44
474,608,coen brothers,1137180968,2006-01-13 19:36:08
474,616,disney,1138040401,2006-01-23 18:20:01
474,628,priest,1137375884,2006-01-16 01:44:44
474,638,babies,1137375798,2006-01-16 01:43:18
474,647,gulf war,1137375718,2006-01-16 01:41:58
474,648,based on a tv show,1138137584,2006-01-24 21:19:44
474,668,india,1138137607,2006-01-24 21:20:07
474,670,india,1137181320,2006-01-13 19:42:00
474,671,spoof,1138137597,2006-01-24 21:19:57
474,673,bugs bunny,1137373978,2006-01-16 01:12:58
474,708,veterinarian,1137203107,2006-01-14 01:45:07
474,720,aardman,1137206828,2006-01-14 02:47:08
474,728,in netflix queue,1137202096,2006-01-14 01:28:16
474,733,alcatraz,1137206418,2006-01-14 02:40:18
474,736,disaster,1137180960,2006-01-13 19:36:00
474,745,aardman,1137206827,2006-01-14 02:47:07
474,748,aliens,1138137820,2006-01-24 21:23:40
474,750,atomic bomb,1137202888,2006-01-14 01:41:28
474,778,drug abuse,1137191490,2006-01-13 22:31:30
474,780,aliens,1137206181,2006-01-14 02:36:21
474,800,in netflix queue,1137201974,2006-01-14 01:26:14
474,805,john grisham,1137375969,2006-01-16 01:46:09
474,818,based on a tv show,1137375996,2006-01-16 01:46:36
474,830,adultery,1137374123,2006-01-16 01:15:23
474,832,kidnapping,1137374242,2006-01-16 01:17:22
474,838,jane austen,1137375748,2006-01-16 01:42:28
474,852,golf,1137374262,2006-01-16 01:17:42
474,858,mafia,1137180955,2006-01-13 19:35:55
474,892,shakespeare,1137375988,2006-01-16 01:46:28
474,898,divorce,1137206322,2006-01-14 02:38:42
474,899,movie business,1137181713,2006-01-13 19:48:33
474,900,france,1138137809,2006-01-24 21:23:29
474,902,capote,1138137849,2006-01-24 21:24:09
474,903,falling,1137205255,2006-01-14 02:20:55
474,904,voyeurism,1137206380,2006-01-14 02:39:40
474,905,screwball,1137202499,2006-01-14 01:34:59
474,906,brooch,1137191231,2006-01-13 22:27:11
474,907,divorce,1137375780,2006-01-16 01:43:00
474,908,mount rushmore,1138137968,2006-01-24 21:26:08
474,909,adultery,1137206162,2006-01-14 02:36:02
474,910,men in drag,1137191481,2006-01-13 22:31:21
474,911,heist,1138306780,2006-01-26 20:19:40
474,912,start of a beautiful friendship,1137202319,2006-01-14 01:31:59
474,913,statue,1137206229,2006-01-14 02:37:09
474,914,george bernard shaw,1137202973,2006-01-14 01:42:53
474,915,rich guy - poor girl,1137206449,2006-01-14 02:40:49
474,916,italy,1137206429,2006-01-14 02:40:29
474,916,royalty,1137206429,2006-01-14 02:40:29
474,918,1900s,1138137949,2006-01-24 21:25:49
474,919,dorothy,1137205270,2006-01-14 02:21:10
474,919,toto,1137205270,2006-01-14 02:21:10
474,920,civil war,1137374145,2006-01-16 01:15:45
474,921,television,1137375857,2006-01-16 01:44:17
474,922,movies,1137207406,2006-01-14 02:56:46
474,923,rosebud,1137202868,2006-01-14 01:41:08
474,924,hal,1137368035,2006-01-15 23:33:55
474,924,space,1137368035,2006-01-15 23:33:55
474,926,hollywood,1137202821,2006-01-14 01:40:21
474,927,divorce,1137368140,2006-01-15 23:35:40
474,928,mrs. dewinter,1137202590,2006-01-14 01:36:30
474,929,europe,1140441887,2006-02-20 13:24:47
474,929,journalism,1140441887,2006-02-20 13:24:47
474,929,war,1140441887,2006-02-20 13:24:47
474,930,assassination,1137207035,2006-01-14 02:50:35
474,931,amnesia,1138137999,2006-01-24 21:26:39
474,934,wedding,1137375767,2006-01-16 01:42:47
474,936,cold war,1137521228,2006-01-17 18:07:08
474,936,russia,1137521228,2006-01-17 18:07:08
474,938,prostitution,1137374937,2006-01-16 01:28:57
474,940,swashbuckler,1138137798,2006-01-24 21:23:18
474,941,swashbuckler,1138137943,2006-01-24 21:25:43
474,943,ghosts,1138306878,2006-01-26 20:21:18
474,944,shangri-la,1137207008,2006-01-14 02:50:08
474,945,astaire and rogers,1137181301,2006-01-13 19:41:41
474,947,butler,1137521096,2006-01-17 18:04:56
474,947,homeless,1137521096,2006-01-17 18:04:56
474,947,screwball,1137521103,2006-01-17 18:05:03
474,948,oil,1137206938,2006-01-14 02:48:58
474,950,nick and nora charles,1137200994,2006-01-14 01:09:54
474,951,screwball,1137202906,2006-01-14 01:41:46
474,952,race,1137375685,2006-01-16 01:41:25
474,953,christmas,1138137927,2006-01-24 21:25:27
474,954,politics,1137202956,2006-01-14 01:42:36
474,955,leopard,1137368052,2006-01-15 23:34:12
474,955,screwball,1137368052,2006-01-15 23:34:12
474,956,adoption,1137207058,2006-01-14 02:50:58
474,965,fugitive,1137206861,2006-01-14 02:47:41
474,968,zombies,1137181787,2006-01-13 19:49:47
474,969,missionary,1137202249,2006-01-14 01:30:49
474,970,crime,1138306770,2006-01-26 20:19:30
474,971,tennessee williams,1138137870,2006-01-24 21:24:30
474,973,journalism,1138306956,2006-01-26 20:22:36
474,976,hemingway,1137375762,2006-01-16 01:42:42
474,986,animal movie,1137181755,2006-01-13 19:49:15
474,991,ireland,1137375821,2006-01-16 01:43:41
474,994,food,1138137832,2006-01-24 21:23:52
474,1006,death penalty,1138137880,2006-01-24 21:24:40
474,1006,john grisham,1138137880,2006-01-24 21:24:40
474,1010,disney,1137375809,2006-01-16 01:43:29
474,1010,race,1137375809,2006-01-16 01:43:29
474,1013,twins,1137375864,2006-01-16 01:44:24
474,1022,disney,1137181749,2006-01-13 19:49:09
474,1025,disney,1137375959,2006-01-16 01:45:59
474,1025,king arthur,1137375959,2006-01-16 01:45:59
474,1028,disney,1137375815,2006-01-16 01:43:35
474,1028,nanny,1137375815,2006-01-16 01:43:35
474,1029,disney,1137375741,2006-01-16 01:42:21
474,1030,disney,1137374219,2006-01-16 01:16:59
474,1032,disney,1137374073,2006-01-16 01:14:33
474,1033,disney,1137202900,2006-01-14 01:41:40
474,1035,rogers and hammerstein,1137181179,2006-01-13 19:39:39
474,1041,in netflix queue,1137201463,2006-01-14 01:17:43
474,1042,music,1137203070,2006-01-14 01:44:30
474,1059,shakespeare,1137181313,2006-01-13 19:41:53
474,1066,astaire and rogers,1137181830,2006-01-13 19:50:30
474,1068,anti-semitism,1138306851,2006-01-26 20:20:51
474,1076,governess,1137521394,2006-01-17 18:09:54
474,1079,fish,1137202895,2006-01-14 01:41:35
474,1080,bible,1137375841,2006-01-16 01:44:01
474,1080,parody,1137375841,2006-01-16 01:44:01
474,1080,religion,1137375841,2006-01-16 01:44:01
474,1081,cross dressing,1138138013,2006-01-24 21:26:53
474,1082,politics,1138137861,2006-01-24 21:24:21
474,1084,1920s,1138137844,2006-01-24 21:24:04
474,1084,gangsters,1138137844,2006-01-24 21:24:04
474,1088,dance,1138306856,2006-01-26 20:20:56
474,1088,music,1138306856,2006-01-26 20:20:56
474,1089,heist,1137207100,2006-01-14 02:51:40
474,1089,violence,1137207100,2006-01-14 02:51:40
474,1090,vietnam,1138137990,2006-01-24 21:26:30
474,1093,1960s,1137375736,2006-01-16 01:42:16
474,1093,jim morrison,1137375736,2006-01-16 01:42:16
474,1093,music,1137375736,2006-01-16 01:42:16
474,1096,holocaust,1137375015,2006-01-16 01:30:15
474,1097,aliens,1137521204,2006-01-17 18:06:44
474,1101,navy,1138138004,2006-01-24 21:26:44
474,1103,1950s,1137207088,2006-01-14 02:51:28
474,1103,adolescence,1137207088,2006-01-14 02:51:28
474,1104,tennessee williams,1137207146,2006-01-14 02:52:26
474,1124,aging,1137207041,2006-01-14 02:50:41
474,1125,clousseau,1137375898,2006-01-16 01:44:58
474,1135,military,1137374233,2006-01-16 01:17:13
474,1136,england,1137202949,2006-01-14 01:42:29
474,1136,king arthur,1137202949,2006-01-14 01:42:29
474,1147,boxing,1137201093,2006-01-14 01:11:33
474,1147,in netflix queue,1137201093,2006-01-14 01:11:33
474,1148,aardman,1137368133,2006-01-15 23:35:33
474,1171,politics,1137181738,2006-01-13 19:48:58
474,1177,italy,1137191228,2006-01-13 22:27:08
474,1178,court,1137521169,2006-01-17 18:06:09
474,1178,military,1137521169,2006-01-17 18:06:09
474,1179,crime,1138306883,2006-01-26 20:21:23
474,1183,adultery,1137374103,2006-01-16 01:15:03
474,1185,in netflix queue,1137201055,2006-01-14 01:10:55
474,1187,disability,1137207053,2006-01-14 02:50:53
474,1188,australia,1137202649,2006-01-14 01:37:29
474,1188,dance,1137202649,2006-01-14 01:37:29
474,1189,in netflix queue,1137201133,2006-01-14 01:12:13
474,1189,police,1137201133,2006-01-14 01:12:13
474,1193,mental illness,1138137985,2006-01-24 21:26:25
474,1196,i am your father,1137202639,2006-01-14 01:37:19
474,1196,space,1137205077,2006-01-14 02:17:57
474,1196,space opera,1137205075,2006-01-14 02:17:55
474,1197,inigo montoya,1137202999,2006-01-14 01:43:19
474,1197,six-fingered man,1137202999,2006-01-14 01:43:19
474,1198,archaeology,1137784496,2006-01-20 19:14:56
474,1198,ark of the covenant,1137207066,2006-01-14 02:51:06
474,1198,indiana jones,1137207064,2006-01-14 02:51:04
474,1200,space,1138137801,2006-01-24 21:23:21
474,1201,spaghetti western,1138137912,2006-01-24 21:25:12
474,1203,court,1137206845,2006-01-14 02:47:25
474,1204,middle east,1137206997,2006-01-14 02:49:57
474,1206,brainwashing,1138137889,2006-01-24 21:24:49
474,1207,harper lee,1137191542,2006-01-13 22:32:22
474,1207,racism,1137191542,2006-01-13 22:32:22
474,1208,vietnam,1138137816,2006-01-24 21:23:36
474,1209,spaghetti western,1138137976,2006-01-24 21:26:16
474,1210,darth vader,1137207127,2006-01-14 02:52:07
474,1210,luke skywalker,1137207127,2006-01-14 02:52:07
474,1210,space opera,1137207127,2006-01-14 02:52:07
474,1212,ferris wheel,1137201067,2006-01-14 01:11:07
474,1212,venice,1143683500,2006-03-30 01:51:40
474,1212,zither,1143683500,2006-03-30 01:51:40
474,1213,mafia,1138137920,2006-01-24 21:25:20
474,1214,aliens,1137766234,2006-01-20 14:10:34
474,1217,samurai,1137207077,2006-01-14 02:51:17
474,1219,norman bates,1137203028,2006-01-14 01:43:48
474,1220,saturday night live,1137375705,2006-01-16 01:41:45
474,1221,mafia,1137181066,2006-01-13 19:37:46
474,1222,vietnam,1137181761,2006-01-13 19:49:21
474,1223,moon,1137205261,2006-01-14 02:21:01
474,1224,shakespeare,1137181778,2006-01-13 19:49:38
474,1225,mozart,1137181247,2006-01-13 19:40:47
474,1225,salieri,1137181247,2006-01-13 19:40:47
474,1228,boxing,1137375891,2006-01-16 01:44:51
474,1230,new york,1137206872,2006-01-14 02:47:52
474,1231,nasa,1137181802,2006-01-13 19:50:02
474,1231,space,1137207104,2006-01-14 02:51:44
474,1233,submarine,1138137835,2006-01-24 21:23:55
474,1234,the entertainer,1137520998,2006-01-17 18:03:18
474,1235,may-december romance,1137206961,2006-01-14 02:49:21
474,1237,chess,1137375008,2006-01-16 01:30:08
474,1237,death,1137375008,2006-01-16 01:30:08
474,1240,robots,1137368088,2006-01-15 23:34:48
474,1242,civil war,1137181272,2006-01-13 19:41:12
474,1243,shakespeare sort of,1137181815,2006-01-13 19:50:15
474,1244,black and white,1138306904,2006-01-26 20:21:44
474,1245,mafia,1137375832,2006-01-16 01:43:52
474,1246,high school,1137191334,2006-01-13 22:28:54
474,1247,simon and garfunkel,1137181084,2006-01-13 19:38:04
474,1249,hit men,1138137899,2006-01-24 21:24:59
474,1250,pow,1137206891,2006-01-14 02:48:11
474,1252,incest,1137521080,2006-01-17 18:04:40
474,1253,aliens,1137206910,2006-01-14 02:48:30
474,1254,cold,1137203094,2006-01-14 01:44:54
474,1257,skiing,1137375698,2006-01-16 01:41:38
474,1258,stephen king,1137181824,2006-01-13 19:50:24
474,1259,stephen king,1137181838,2006-01-13 19:50:38
474,1260,serial killer,1137207017,2006-01-14 02:50:17
474,1262,pow,1137206951,2006-01-14 02:49:11
474,1263,vietnam,1137375724,2006-01-16 01:42:04
474,1266,revenge,1138031666,2006-01-23 15:54:26
474,1267,assassination,1137207027,2006-01-14 02:50:27
474,1267,brainwashing,1137207027,2006-01-14 02:50:27
474,1269,murder,1138137828,2006-01-24 21:23:48
474,1270,time travel,1137202832,2006-01-14 01:40:32
474,1272,world war ii,1137181795,2006-01-13 19:49:55
474,1276,prison,1137520930,2006-01-17 18:02:10
474,1277,in netflix queue,1137201859,2006-01-14 01:24:19
474,1278,spoof,1138031675,2006-01-23 15:54:35
474,1280,in netflix queue,1137201087,2006-01-14 01:11:27
474,1281,nazis,1137206944,2006-01-14 02:49:04
474,1282,disney,1137375752,2006-01-16 01:42:32
474,1283,gunfight,1138306895,2006-01-26 20:21:35
474,1284,hammett,1138306774,2006-01-26 20:19:34
474,1285,high school,1137368062,2006-01-15 23:34:22
474,1288,heavy metal,1137368105,2006-01-15 23:35:05
474,1288,mockumentary,1137368105,2006-01-15 23:35:05
474,1288,music,1137368105,2006-01-15 23:35:05
474,1291,archaeology,1137206982,2006-01-14 02:49:42
474,1291,holy grail,1137206982,2006-01-14 02:49:42
474,1292,television,1137206878,2006-01-14 02:47:58
474,1293,india,1137191587,2006-01-13 22:33:07
474,1296,e. m. forster,1137191679,2006-01-13 22:34:39
474,1299,cambodia,1138137933,2006-01-24 21:25:33
474,1299,vietnam,1138137933,2006-01-24 21:25:33
474,1301,shakespeare sort of,1138306870,2006-01-26 20:21:10
474,1301,space,1138306870,2006-01-26 20:21:10
474,1302,baseball,1138137903,2006-01-24 21:25:03
474,1303,india,1138031736,2006-01-23 15:55:36
474,1304,crime,1138137854,2006-01-24 21:24:14
474,1307,new york,1137202686,2006-01-14 01:38:06
474,1333,birds,1137202841,2006-01-14 01:40:41
474,1343,remake,1137181261,2006-01-13 19:41:01
474,1344,lawyer,1137202856,2006-01-14 01:40:56
474,1345,high school,1137784649,2006-01-20 19:17:29
474,1345,prom,1137784649,2006-01-20 19:17:29
474,1345,stephen king,1137784649,2006-01-20 19:17:29
474,1348,vampires,1137374972,2006-01-16 01:29:32
474,1350,demons,1137368289,2006-01-15 23:38:09
474,1353,personals ads,1137202938,2006-01-14 01:42:18
474,1354,religion,1137202850,2006-01-14 01:40:50
474,1356,borg,1137202633,2006-01-14 01:37:13
474,1358,ex-con,1137203050,2006-01-14 01:44:10
474,1361,in netflix queue,1137201059,2006-01-14 01:10:59
474,1363,religion,1137374986,2006-01-16 01:29:46
474,1366,arthur miller,1137191572,2006-01-13 22:32:52
474,1367,dogs,1137374063,2006-01-16 01:14:23
474,1367,remake,1137374063,2006-01-16 01:14:23
474,1372,klingons,1137203064,2006-01-14 01:44:24
474,1374,captain kirk,1138031870,2006-01-23 15:57:50
474,1376,whales,1137368320,2006-01-15 23:38:40
474,1377,superhero,1137374089,2006-01-16 01:14:49
474,1380,high school,1137368225,2006-01-15 23:37:05
474,1381,high school,1137374154,2006-01-16 01:15:54
474,1387,shark,1137202913,2006-01-14 01:41:53
474,1389,shark,1137373926,2006-01-16 01:12:06
474,1393,sports,1137205489,2006-01-14 02:24:49
474,1394,coen brothers,1137181415,2006-01-13 19:43:35
474,1396,spying,1138031853,2006-01-23 15:57:33
474,1398,hemingway,1137374949,2006-01-16 01:29:09
474,1407,slasher,1138031814,2006-01-23 15:56:54
474,1407,spoof,1138031814,2006-01-23 15:56:54
474,1408,hawkeye,1137368264,2006-01-15 23:37:44
474,1408,james fennimore cooper,1137368264,2006-01-15 23:37:44
474,1411,shakespeare,1137191597,2006-01-13 22:33:17
474,1413,conan,1137205643,2006-01-14 02:27:23
474,1416,andrew lloyd weber,1137374117,2006-01-16 01:15:17
474,1423,in netflix queue,1137202085,2006-01-14 01:28:05
474,1423,vietnam,1137202085,2006-01-14 01:28:05
474,1441,mental illness,1137375694,2006-01-16 01:41:34
474,1446,in netflix queue,1137201854,2006-01-14 01:24:14
474,1449,mockumentary,1137368329,2006-01-15 23:38:49
474,1466,mafia,1137191577,2006-01-13 22:32:57
474,1474,jungle,1137374191,2006-01-16 01:16:31
474,1485,lawyer,1137375802,2006-01-16 01:43:22
474,1496,tolstoy,1137191560,2006-01-13 22:32:40
474,1500,hit men,1137368241,2006-01-15 23:37:21
474,1500,reunion,1137368241,2006-01-15 23:37:21
474,1513,reunion,1137375929,2006-01-16 01:45:29
474,1537,ballroom dance,1137368308,2006-01-15 23:38:28
474,1542,in netflix queue,1137202048,2006-01-14 01:27:28
474,1544,dinosaurs,1137373781,2006-01-16 01:09:41
474,1545,death,1138031807,2006-01-23 15:56:47
474,1569,weddings,1138031775,2006-01-23 15:56:15
474,1573,transplants,1137205452,2006-01-14 02:24:12
474,1580,aliens,1137205519,2006-01-14 02:25:19
474,1586,military,1137374138,2006-01-16 01:15:38
474,1608,president,1137375681,2006-01-16 01:41:21
474,1610,tom clancy,1137191607,2006-01-13 22:33:27
474,1617,police,1137191242,2006-01-13 22:27:22
474,1625,twist ending,1138031717,2006-01-23 15:55:17
474,1635,1970s,1137191612,2006-01-13 22:33:32
474,1643,england,1137375849,2006-01-16 01:44:09
474,1643,queen victoria,1137375849,2006-01-16 01:44:09
474,1645,lawyers,1137374095,2006-01-16 01:14:55
474,1650,henry james,1138031883,2006-01-23 15:58:03
474,1653,future,1137205460,2006-01-14 02:24:20
474,1663,military,1137375949,2006-01-16 01:45:49
474,1672,in netflix queue,1137202154,2006-01-14 01:29:14
474,1674,amish,1137521041,2006-01-17 18:04:01
474,1680,alternate universe,1138031846,2006-01-23 15:57:26
474,1682,tv,1137205617,2006-01-14 02:26:57
474,1683,henry james,1137181445,2006-01-13 19:44:05
474,1711,savannah,1137374207,2006-01-16 01:16:47
474,1717,sequel,1138031833,2006-01-23 15:57:13
474,1717,slasher,1138031824,2006-01-23 15:57:04
474,1717,spoof,1138031824,2006-01-23 15:57:04
474,1719,canada,1139838573,2006-02-13 13:49:33
474,1719,death,1139838573,2006-02-13 13:49:33
474,1721,shipwreck,1138031879,2006-01-23 15:57:59
474,1732,coen brothers,1138306661,2006-01-26 20:17:41
474,1735,charles dickens,1137374163,2006-01-16 01:16:03
474,1748,amnesia,1138031699,2006-01-23 15:54:59
474,1777,1980s,1137205630,2006-01-14 02:27:10
474,1797,in netflix queue,1137201971,2006-01-14 01:26:11
474,1810,politics,1137374994,2006-01-16 01:29:54
474,1834,twist ending,1138031861,2006-01-23 15:57:41
474,1836,no dvd at netflix,1137179444,2006-01-13 19:10:44
474,1893,in netflix queue,1137201105,2006-01-14 01:11:45
474,1900,in netflix queue,1137201889,2006-01-14 01:24:49
474,1902,generation x,1138031706,2006-01-23 15:55:06
474,1909,conspiracy,1137205667,2006-01-14 02:27:47
474,1912,heist,1138031795,2006-01-23 15:56:35
474,1913,australia,1137191654,2006-01-13 22:34:14
474,1917,space,1137373862,2006-01-16 01:11:02
474,1921,mathematics,1138031797,2006-01-23 15:56:37
474,1931,ships,1138031771,2006-01-23 15:56:11
474,1938,alcoholism,1137766211,2006-01-20 14:10:11
474,1940,anti-semitism,1137368219,2006-01-15 23:36:59
474,1940,judaism,1137368219,2006-01-15 23:36:59
474,1942,huey long,1137201047,2006-01-14 01:10:47
474,1942,in netflix queue,1137201047,2006-01-14 01:10:47
474,1942,robert penn warren,1137201047,2006-01-14 01:10:47
474,1945,boxing,1137191644,2006-01-13 22:34:04
474,1945,coulda been a contender,1137191644,2006-01-13 22:34:04
474,1947,gangs,1137202674,2006-01-14 01:37:54
474,1950,racism,1137520942,2006-01-17 18:02:22
474,1951,dickens,1137191634,2006-01-13 22:33:54
474,1952,prostitution,1138031755,2006-01-23 15:55:55
474,1953,drugs,1137368199,2006-01-15 23:36:39
474,1953,police,1137368199,2006-01-15 23:36:39
474,1954,boxing,1137191671,2006-01-13 22:34:31
474,1954,sports,1137191671,2006-01-13 22:34:31
474,1955,divorce,1137181397,2006-01-13 19:43:17
474,1957,olympics,1137181069,2006-01-13 19:37:49
474,1957,sports,1137181069,2006-01-13 19:37:49
474,1959,adultery,1138031923,2006-01-23 15:58:43
474,1959,africa,1138031923,2006-01-23 15:58:43
474,1960,china,1137368246,2006-01-15 23:37:26
474,1961,autism,1137191663,2006-01-13 22:34:23
474,1962,rasicm,1137368186,2006-01-15 23:36:26
474,1975,jason,1137374129,2006-01-16 01:15:29
474,1976,jason,1137373611,2006-01-16 01:06:51
474,1977,jason,1137373908,2006-01-16 01:11:48
474,1978,jason,1137373605,2006-01-16 01:06:45
474,1979,jason,1137373625,2006-01-16 01:07:05
474,1983,halloween,1137374175,2006-01-16 01:16:15
474,1984,halloween,1137374180,2006-01-16 01:16:20
474,1994,ghosts,1138031804,2006-01-23 15:56:44
474,1995,ghosts,1137374228,2006-01-16 01:17:08
474,1996,ghosts,1137373825,2006-01-16 01:10:25
474,1997,demons,1137368191,2006-01-15 23:36:31
474,2006,california,1138031745,2006-01-23 15:55:45
474,2006,mexico,1138031745,2006-01-23 15:55:45
474,2011,time travel,1137374084,2006-01-16 01:14:44
474,2019,samurai,1137368312,2006-01-15 23:38:32
474,2020,adultery,1137368176,2006-01-15 23:36:16
474,2022,bible,1137202075,2006-01-14 01:27:55
474,2022,katzanzakis,1143683469,2006-03-30 01:51:09
474,2028,world war ii,1137180952,2006-01-13 19:35:52
474,2054,disney,1138032013,2006-01-23 16:00:13
474,2058,police,1138032116,2006-01-23 16:01:56
474,2059,twins,1137374214,2006-01-16 01:16:54
474,2064,general motors,1138032156,2006-01-23 16:02:36
474,2064,michigan,1138032156,2006-01-23 16:02:36
474,2065,in netflix queue,1137202057,2006-01-14 01:27:37
474,2066,memory,1138032133,2006-01-23 16:02:13
474,2070,music,1137191821,2006-01-13 22:37:01
474,2071,aids,1137200442,2006-01-14 01:00:42
474,2071,in netflix queue,1137200442,2006-01-14 01:00:42
474,2076,sexuality,1137418851,2006-01-16 13:40:51
474,2076,suburbia,1137418851,2006-01-16 13:40:51
474,2078,disney,1138032023,2006-01-23 16:00:23
474,2080,disney,1138032086,2006-01-23 16:01:26
474,2085,disney,1137191781,2006-01-13 22:36:21
474,2097,carnival,1138559451,2006-01-29 18:30:51
474,2097,ray bradbury,1138559451,2006-01-29 18:30:51
474,2100,mermaid,1137191808,2006-01-13 22:36:48
474,2108,weather forecaster,1138032081,2006-01-23 16:01:21
474,2114,s.e. hinton,1137191789,2006-01-13 22:36:29
474,2115,archaeology,1137784519,2006-01-20 19:15:19
474,2116,tolkein,1137374427,2006-01-16 01:20:27
474,2118,stephen king,1137191728,2006-01-13 22:35:28
474,2121,stephen king,1137374355,2006-01-16 01:19:15
474,2122,stephen king,1137373696,2006-01-16 01:08:16
474,2139,mice,1137521184,2006-01-17 18:06:24
474,2145,1980s,1138032148,2006-01-23 16:02:28
474,2145,high school,1138032148,2006-01-23 16:02:28
474,2160,demons,1138032159,2006-01-23 16:02:39
474,2167,vampires,1137374320,2006-01-16 01:18:40
474,2171,aquarium,1137202573,2006-01-14 01:36:13
474,2171,boston,1137202573,2006-01-14 01:36:13
474,2171,personals ads,1137202573,2006-01-14 01:36:13
474,2186,murder,1137205604,2006-01-14 02:26:44
474,2187,theater,1140467428,2006-02-20 20:30:28
474,2194,capone,1138032218,2006-01-23 16:03:38
474,2194,gangsters,1138032218,2006-01-23 16:03:38
474,2202,survival,1137205513,2006-01-14 02:25:13
474,2203,small towns,1138032173,2006-01-23 16:02:53
474,2206,paranoia,1137205610,2006-01-14 02:26:50
474,2208,train,1137271242,2006-01-14 20:40:42
474,2243,journalism,1137205380,2006-01-14 02:23:00
474,2247,mafia,1137374432,2006-01-16 01:20:32
474,2248,in your eyes,1137202613,2006-01-14 01:36:53
474,2248,lloyd dobbler,1137202613,2006-01-14 01:36:53
474,2249,mafia,1137374445,2006-01-16 01:20:45
474,2268,court,1137191761,2006-01-13 22:36:01
474,2268,military,1137191761,2006-01-13 22:36:01
474,2291,freaks,1137205437,2006-01-14 02:23:57
474,2295,screwball,1137202461,2006-01-14 01:34:21
474,2300,broadway,1137205562,2006-01-14 02:26:02
474,2302,court,1137374439,2006-01-16 01:20:39
474,2310,adolescence,1138032095,2006-01-23 16:01:35
474,2312,death penalty,1137374919,2006-01-16 01:28:39
474,2313,freaks,1137205442,2006-01-14 02:24:02
474,2324,holocaust,1137181119,2006-01-13 19:38:39
474,2329,racism,1138031951,2006-01-23 15:59:11
474,2334,terrorism,1138032178,2006-01-23 16:02:58
474,2335,football,1137374560,2006-01-16 01:22:40
474,2336,england,1137191737,2006-01-13 22:35:37
474,2351,in netflix queue,1137202131,2006-01-14 01:28:51
474,2355,pixar,1137191711,2006-01-13 22:35:11
474,2357,south america,1137205389,2006-01-14 02:23:09
474,2360,in netflix queue,1137201464,2006-01-14 01:17:44
474,2390,in netflix queue,1137202019,2006-01-14 01:26:59
474,2391,heist,1138032185,2006-01-23 16:03:05
474,2394,bible,1137191285,2006-01-13 22:28:05
474,2394,moses,1137202582,2006-01-14 01:36:22
474,2396,england,1137191800,2006-01-13 22:36:40
474,2410,boxing,1137374485,2006-01-16 01:21:25
474,2411,boxing,1137373840,2006-01-16 01:10:40
474,2412,boxing,1137373964,2006-01-16 01:12:44
474,2420,martial arts,1138032051,2006-01-23 16:00:51
474,2421,martial arts,1137374406,2006-01-16 01:20:06
474,2422,martial arts,1137374411,2006-01-16 01:20:11
474,2423,christmas,1137373883,2006-01-16 01:11:23
474,2424,e-mail,1137202717,2006-01-14 01:38:37
474,2424,remake,1137202717,2006-01-14 01:38:37
474,2431,doctors,1137373812,2006-01-16 01:10:12
474,2442,in netflix queue,1137201903,2006-01-14 01:25:03
474,2463,kidnapping,1137374497,2006-01-16 01:21:37
474,2467,religion,1140703344,2006-02-23 14:02:24
474,2470,australia,1137374348,2006-01-16 01:19:08
474,2471,australia,1137373731,2006-01-16 01:08:51
474,2491,food,1137374514,2006-01-16 01:21:54
474,2494,holocaust,1137179426,2006-01-13 19:10:26
474,2494,hungary,1137179426,2006-01-13 19:10:26
474,2502,stapler,1138032123,2006-01-23 16:02:03
474,2502,workplace,1138032129,2006-01-23 16:02:09
474,2506,disability,1137374460,2006-01-16 01:21:00
474,2517,stephen king,1137373705,2006-01-16 01:08:25
474,2529,twist ending,1138032140,2006-01-23 16:02:20
474,2550,ghosts,1138032008,2006-01-23 16:00:08
474,2553,evil children,1138038893,2006-01-23 17:54:53
474,2554,evil children,1138038892,2006-01-23 17:54:52
474,2565,siam,1137191238,2006-01-13 22:27:18
474,2571,alternate universe,1137204991,2006-01-14 02:16:31
474,2572,shakespeare sort of,1137374893,2006-01-16 01:28:13
474,2579,black and white,1138032056,2006-01-23 16:00:56
474,2581,high school,1138032122,2006-01-23 16:02:02
474,2583,southern us,1138031988,2006-01-23 15:59:48
474,2598,golfing,1137374470,2006-01-16 01:21:10
474,2600,virtual reality,1138031996,2006-01-23 15:59:56
474,2612,motherhood,1138032112,2006-01-23 16:01:52
474,2628,prequel,1138032197,2006-01-23 16:03:17
474,2628,the force,1138032197,2006-01-23 16:03:17
474,2640,superhero,1138032200,2006-01-23 16:03:20
474,2641,superhero,1138032201,2006-01-23 16:03:21
474,2642,superhero,1137373986,2006-01-16 01:13:06
474,2648,in netflix queue,1137200966,2006-01-14 01:09:26
474,2660,aliens,1137521194,2006-01-17 18:06:34
474,2664,1950s,1138032017,2006-01-23 16:00:17
474,2677,in netflix queue,1137202023,2006-01-14 01:27:03
474,2692,alternate endings,1138032166,2006-01-23 16:02:46
474,2693,star trek,1138032207,2006-01-23 16:03:27
474,2699,spiders,1137373650,2006-01-16 01:07:30
474,2710,claims to be true,1138031976,2006-01-23 15:59:36
474,2710,video,1138031976,2006-01-23 15:59:36
474,2712,sexuality,1138032003,2006-01-23 16:00:03
474,2716,ghosts,1137205464,2006-01-14 02:24:24
474,2717,ghosts,1137373633,2006-01-16 01:07:13
474,2719,remake,1137373916,2006-01-16 01:11:56
474,2723,superhero,1137205533,2006-01-14 02:25:33
474,2726,heist,1137205507,2006-01-14 02:25:07
474,2728,crucifixion,1137520905,2006-01-17 18:01:45
474,2728,rome,1137520896,2006-01-17 18:01:36
474,2728,slavery,1137520896,2006-01-17 18:01:36
474,2745,missionary,1137202541,2006-01-14 01:35:41
474,2745,priest,1137191266,2006-01-13 22:27:46
474,2750,nostalgia,1137443255,2006-01-16 20:27:35
474,2750,radio,1137443255,2006-01-16 20:27:35
474,2761,robots,1138032019,2006-01-23 16:00:19
474,2762,ghosts,1137205068,2006-01-14 02:17:48
474,2762,i see dead people,1137202627,2006-01-14 01:37:07
474,2787,stephen king,1137374342,2006-01-16 01:19:02
474,2791,aviation,1138031941,2006-01-23 15:59:01
474,2791,spoof,1138031941,2006-01-23 15:59:01
474,2797,children,1138032265,2006-01-23 16:04:25
474,2801,gambling,1137205541,2006-01-14 02:25:41
474,2803,lawyers,1137374982,2006-01-16 01:29:42
474,2804,christmas,1137191720,2006-01-13 22:35:20
474,2827,aliens,1137374307,2006-01-16 01:18:27
474,2863,beatles,1138032352,2006-01-23 16:05:52
474,2871,river,1138032293,2006-01-23 16:04:53
474,2872,england,1137191745,2006-01-13 22:35:45
474,2872,king arthur,1137191745,2006-01-13 22:35:45
474,2905,in netflix queue,1137201967,2006-01-14 01:26:07
474,2915,prostitution,1137374478,2006-01-16 01:21:18
474,2918,high school,1137191753,2006-01-13 22:35:53
474,2919,academy award (best supporting actress),1137367916,2006-01-15 23:31:56
474,2919,indonesia,1137367916,2006-01-15 23:31:56
474,2919,journalism,1137367916,2006-01-15 23:31:56
474,2927,adultery,1138032272,2006-01-23 16:04:32
474,2935,gambling,1138032373,2006-01-23 16:06:13
474,2937,screwball,1137205550,2006-01-14 02:25:50
474,2939,in netflix queue,1137202140,2006-01-14 01:29:00
474,2940,nightclub,1138032341,2006-01-23 16:05:41
474,2941,island,1138032457,2006-01-23 16:07:37
474,2943,vietnam,1138804253,2006-02-01 14:30:53
474,2952,gambling,1137191914,2006-01-13 22:38:34
474,2959,violence,1137205034,2006-01-14 02:17:14
474,2966,brothers,1138032507,2006-01-23 16:08:27
474,2966,lawn mower,1138032507,2006-01-23 16:08:27
474,2967,evil children,1138038912,2006-01-23 17:55:12
474,2968,time travel,1138032520,2006-01-23 16:08:40
474,2987,live action/animation,1138032544,2006-01-23 16:09:04
474,3000,anime,1138032418,2006-01-23 16:06:58
474,3006,tobacco,1138032361,2006-01-23 16:06:01
474,3006,true story,1138032361,2006-01-23 16:06:01
474,3007,in netflix queue,1137201930,2006-01-14 01:25:30
474,3011,dance marathon,1137191967,2006-01-13 22:39:27
474,3028,shakespeare,1137374544,2006-01-16 01:22:24
474,3030,samurai,1138032553,2006-01-23 16:09:13
474,3039,class,1138032532,2006-01-23 16:08:52
474,3040,camp,1137373789,2006-01-16 01:09:49
474,3044,memory,1137202357,2006-01-14 01:32:37
474,3044,music,1137202357,2006-01-14 01:32:37
474,3052,religion,1137191859,2006-01-13 22:37:39
474,3060,in netflix queue,1137201892,2006-01-14 01:24:52
474,3071,high school,1137375023,2006-01-16 01:30:23
474,3072,new york,1137191274,2006-01-13 22:27:54
474,3077,in netflix queue,1137201542,2006-01-14 01:19:02
474,3077,up series,1137201543,2006-01-14 01:19:03
474,3081,ichabod crane,1137374535,2006-01-16 01:22:15
474,3087,christmas,1137271226,2006-01-14 20:40:26
474,3087,new york,1137271222,2006-01-14 20:40:22
474,3095,depression,1137205475,2006-01-14 02:24:35
474,3095,dust bowl,1137205475,2006-01-14 02:24:35
474,3097,remade,1138032435,2006-01-23 16:07:15
474,3098,baseball,1137201875,2006-01-14 01:24:35
474,3098,sports,1137201875,2006-01-14 01:24:35
474,3101,adultery,1138032312,2006-01-23 16:05:12
474,3108,homeless,1137374925,2006-01-16 01:28:45
474,3111,racism,1138032385,2006-01-23 16:06:25
474,3114,pixar,1138032529,2006-01-23 16:08:49
474,3115,men in drag,1137191883,2006-01-13 22:38:03
474,3125,graham greene,1137191874,2006-01-13 22:37:54
474,3135,fatherhood,1138032346,2006-01-23 16:05:46
474,3147,stephen king,1137191901,2006-01-13 22:38:21
474,3152,black-and-white,1137521245,2006-01-17 18:07:25
474,3160,l.a.,1137202527,2006-01-14 01:35:27
474,3174,andy kaufman,1137191943,2006-01-13 22:39:03
474,3175,spoof,1138032315,2006-01-23 16:05:15
474,3176,europe,1137202659,2006-01-14 01:37:39
474,3176,murder,1137202659,2006-01-14 01:37:39
474,3178,boxing,1137374389,2006-01-16 01:19:49
474,3181,shakespeare,1137179352,2006-01-13 19:09:12
474,3192,in netflix queue,1137201464,2006-01-14 01:17:44
474,3210,high school,1137374381,2006-01-16 01:19:41
474,3211,a dingo ate my baby,1137191854,2006-01-13 22:37:34
474,3211,australia,1137191854,2006-01-13 22:37:34
474,3247,nuns,1137374526,2006-01-16 01:22:06
474,3250,in netflix queue,1137202163,2006-01-14 01:29:23
474,3258,plastic surgery,1137375095,2006-01-16 01:31:35
474,3259,ireland,1137375116,2006-01-16 01:31:56
474,3260,e.m. forster,1137181368,2006-01-13 19:42:48
474,3263,basketball,1137374566,2006-01-16 01:22:46
474,3270,figure skating,1137375084,2006-01-16 01:31:24
474,3273,slasher,1138032428,2006-01-23 16:07:08
474,3273,spoof,1138032428,2006-01-23 16:07:08
474,3281,sexuality,1137374330,2006-01-16 01:18:50
474,3306,big top,1137205399,2006-01-14 02:23:19
474,3306,circus,1137205399,2006-01-14 02:23:19
474,3307,blind,1137205412,2006-01-14 02:23:32
474,3310,orphans,1138032366,2006-01-23 16:06:06
474,3317,writing,1138032548,2006-01-23 16:09:08
474,3330,adolescence,1138032469,2006-01-23 16:07:49
474,3330,sexuality,1138032498,2006-01-23 16:08:18
474,3338,in netflix queue,1137201680,2006-01-14 01:21:20
474,3341,remade,1138032286,2006-01-23 16:04:46
474,3360,basketball,1137784798,2006-01-20 19:19:58
474,3384,subway,1138032512,2006-01-23 16:08:32
474,3385,peace corp,1137374553,2006-01-16 01:22:33
474,3386,politics,1137191934,2006-01-13 22:38:54
474,3386,president,1137191934,2006-01-13 22:38:54
474,3408,scandal,1138032304,2006-01-23 16:05:04
474,3408,true story,1138032304,2006-01-23 16:05:04
474,3420,lawyers,1137375055,2006-01-16 01:30:55
474,3421,college,1137374581,2006-01-16 01:23:01
474,3421,toga,1137374587,2006-01-16 01:23:07
474,3424,racism,1137191865,2006-01-13 22:37:45
474,3429,aardman,1140626569,2006-02-22 16:42:49
474,3435,insurance,1137520877,2006-01-17 18:01:17
474,3447,pearl s buck,1137191895,2006-01-13 22:38:15
474,3451,hepburn and tracy,1137181361,2006-01-13 19:42:41
474,3451,interracial marriage,1137205479,2006-01-14 02:24:39
474,3451,prejudice,1137205481,2006-01-14 02:24:41
474,3451,racism,1137205477,2006-01-14 02:24:37
474,3456,in netflix queue,1137201463,2006-01-14 01:17:43
474,3461,island,1138032377,2006-01-23 16:06:17
474,3462,factory,1137205526,2006-01-14 02:25:26
474,3468,pool,1137521005,2006-01-17 18:03:25
474,3469,court,1137375171,2006-01-16 01:32:51
474,3469,evolution,1137375171,2006-01-16 01:32:51
474,3469,religion,1137375171,2006-01-16 01:32:51
474,3475,class,1138032413,2006-01-23 16:06:53
474,3481,nick hornby,1137181093,2006-01-13 19:38:13
474,3489,peter pan,1137191920,2006-01-13 22:38:40
474,3498,in netflix queue,1137201900,2006-01-14 01:25:00
474,3502,death,1137375216,2006-01-16 01:33:36
474,3504,journalism,1137191950,2006-01-13 22:39:10
474,3507,in netflix queue,1137200453,2006-01-14 01:00:53
474,3512,transplants,1137205572,2006-01-14 02:26:12
474,3515,alternate endings,1138032711,2006-01-23 16:11:51
474,3526,families,1138032724,2006-01-23 16:12:04
474,3528,psychiatrist,1137374751,2006-01-16 01:25:51
474,3536,priest,1137181376,2006-01-13 19:42:56
474,3536,rabbi,1137181376,2006-01-13 19:42:56
474,3546,show business,1138032886,2006-01-23 16:14:46
474,3548,1920s,1137205331,2006-01-14 02:22:11
474,3549,gambling,1137191235,2006-01-13 22:27:15
474,3552,golf,1137374630,2006-01-16 01:23:50
474,3556,1970s,1138032871,2006-01-23 16:14:31
474,3556,suicide,1138032871,2006-01-23 16:14:31
474,3559,in netflix queue,1137202015,2006-01-14 01:26:55
474,3566,business,1137205342,2006-01-14 02:22:22
474,3566,religion,1137205342,2006-01-14 02:22:22
474,3608,pee wee herman,1138032732,2006-01-23 16:12:12
474,3629,mining,1138032660,2006-01-23 16:11:00
474,3675,christmas,1137205636,2006-01-14 02:27:16
474,3676,in netflix queue,1137202167,2006-01-14 01:29:27
474,3683,coen brothers,1137521124,2006-01-17 18:05:24
474,3712,television,1137375317,2006-01-16 01:35:17
474,3723,shakespeare,1137191908,2006-01-13 22:38:28
474,3724,vietnam,1137201954,2006-01-14 01:25:54
474,3730,spying,1138032598,2006-01-23 16:09:58
474,3735,police,1138032794,2006-01-23 16:13:14
474,3793,superhero,1137205670,2006-01-14 02:27:50
474,3801,court,1137191841,2006-01-13 22:37:21
474,3811,court,1138032584,2006-01-23 16:09:44
474,3816,missing children,1138032720,2006-01-23 16:12:00
474,3844,diabetes,1137375348,2006-01-16 01:35:48
474,3849,disability,1138032820,2006-01-23 16:13:40
474,3859,in netflix queue,1137201554,2006-01-14 01:19:14
474,3859,televangelist,1137201554,2006-01-14 01:19:14
474,3877,superhero,1137374791,2006-01-16 01:26:31
474,3897,journalism,1137205322,2006-01-14 02:22:02
474,3897,music,1137205322,2006-01-14 02:22:02
474,3897,rolling stone,1137205322,2006-01-14 02:22:02
474,3910,blindness,1138032613,2006-01-23 16:10:13
474,3910,factory,1138032613,2006-01-23 16:10:13
474,3911,dogs,1137181343,2006-01-13 19:42:23
474,3932,invisibility,1138032669,2006-01-23 16:11:09
474,3949,drug abuse,1137192093,2006-01-13 22:41:33
474,3951,in netflix queue,1137179732,2006-01-13 19:15:32
474,3967,ballet,1137191989,2006-01-13 22:39:49
474,3983,family,1137205683,2006-01-14 02:28:03
474,3988,dr. seuss,1137373756,2006-01-16 01:09:16
474,3994,superhero,1137205619,2006-01-14 02:26:59
474,3996,china,1138032606,2006-01-23 16:10:06
474,3996,martial arts,1138032600,2006-01-23 16:10:00
474,4007,business,1138032878,2006-01-23 16:14:38
474,4012,stand-up comedy,1137374767,2006-01-16 01:26:07
474,4019,writing,1138032630,2006-01-23 16:10:30
474,4024,edith wharton,1137375144,2006-01-16 01:32:24
474,4025,pageant,1137374719,2006-01-16 01:25:19
474,4027,bluegrass,1137520959,2006-01-17 18:02:39
474,4029,movies,1137205589,2006-01-14 02:26:29
474,4034,based on a tv show,1137784729,2006-01-20 19:18:49
474,4046,quakers,1138032635,2006-01-23 16:10:35
474,4077,psychopaths,1138039049,2006-01-23 17:57:29
474,4105,zombies,1137374672,2006-01-16 01:24:32
474,4113,tennessee williams,1137192025,2006-01-13 22:40:25
474,4117,in netflix queue,1137200919,2006-01-14 01:08:39
474,4138,demons,1137373794,2006-01-16 01:09:54
474,4160,death penalty,1137205651,2006-01-14 02:27:31
474,4164,homeless,1138032589,2006-01-23 16:09:49
474,4164,new york,1138032589,2006-01-23 16:09:49
474,4166,reality tv,1137374777,2006-01-16 01:26:17
474,4171,eugene o'neill,1137192041,2006-01-13 22:40:41
474,4174,in netflix queue,1137200882,2006-01-14 01:08:02
474,4184,christmas,1138032577,2006-01-23 16:09:37
474,4189,bible,1137375121,2006-01-16 01:32:01
474,4189,religion,1137375121,2006-01-16 01:32:01
474,4190,preacher,1137520919,2006-01-17 18:01:59
474,4190,religion,1137520919,2006-01-17 18:01:59
474,4191,sexuality,1138032573,2006-01-23 16:09:33
474,4194,in netflix queue,1137201575,2006-01-14 01:19:35
474,4204,virginity,1137373770,2006-01-16 01:09:30
474,4210,hannibal lecter,1139059882,2006-02-04 13:31:22
474,4210,serial killer,1139059887,2006-02-04 13:31:27
474,4211,von bulow,1137192103,2006-01-13 22:41:43
474,4214,college,1137374771,2006-01-16 01:26:11
474,4218,in netflix queue,1137202093,2006-01-14 01:28:13
474,4221,football,1137374725,2006-01-16 01:25:25
474,4226,backwards. memory,1137191263,2006-01-13 22:27:43
474,4232,spying,1138032824,2006-01-23 16:13:44
474,4246,singletons,1137205374,2006-01-14 02:22:54
474,4259,nabokov,1137192047,2006-01-13 22:40:47
474,4263,alcoholism,1138032622,2006-01-23 16:10:22
474,4292,union,1137192082,2006-01-13 22:41:22
474,4296,death,1137374704,2006-01-16 01:25:04
474,4306,fairy tales,1137205586,2006-01-14 02:26:26
474,4312,in netflix queue,1137202173,2006-01-14 01:29:33
474,4316,figure skating,1137375157,2006-01-16 01:32:37
474,4326,race,1137375204,2006-01-16 01:33:24
474,4326,rasicm,1137375204,2006-01-16 01:33:24
474,4333,strangers on a train,1138032832,2006-01-23 16:13:52
474,4347,holocaust,1138032626,2006-01-23 16:10:26
474,4356,in netflix queue,1137201794,2006-01-14 01:23:14
474,4359,adultery,1138032800,2006-01-23 16:13:20
474,4361,men in drag,1138032838,2006-01-23 16:13:58
474,4370,robots,1137205306,2006-01-14 02:21:46
474,4380,accident,1138032770,2006-01-23 16:12:50
474,4396,race,1137373684,2006-01-16 01:08:04
474,4404,in netflix queue,1137200537,2006-01-14 01:02:17
474,4447,lawyers,1138032674,2006-01-23 16:11:14
474,4448,heist,1138032773,2006-01-23 16:12:53
474,4465,rape,1138032565,2006-01-23 16:09:25
474,4476,twins,1137374622,2006-01-16 01:23:42
474,4477,circus,1137373669,2006-01-16 01:07:49
474,4489,africa,1137766266,2006-01-20 14:11:06
474,4489,immigrants,1137374636,2006-01-16 01:23:56
474,4495,new york,1137202342,2006-01-14 01:32:22
474,4526,aliens,1137373948,2006-01-16 01:12:28
474,4537,hippies,1137205576,2006-01-14 02:26:16
474,4545,robots,1137374781,2006-01-16 01:26:21
474,4546,kidnapping,1138032855,2006-01-23 16:14:15
474,4546,remade,1138032855,2006-01-23 16:14:15
474,4558,twins,1137374798,2006-01-16 01:26:38
474,4571,time travel,1137205348,2006-01-14 02:22:28
474,4600,doctors,1137375124,2006-01-16 01:32:04
474,4621,babies,1137374699,2006-01-16 01:24:59
474,4623,baseball,1137374712,2006-01-16 01:25:12
474,4638,dinosaurs,1137374692,2006-01-16 01:24:52
474,4639,hollywood,1137375071,2006-01-16 01:31:11
474,4639,movie business,1137375071,2006-01-16 01:31:11
474,4641,adolescence,1138032652,2006-01-23 16:10:52
474,4677,dogs,1137373991,2006-01-16 01:13:11
474,4678,television,1138032842,2006-01-23 16:14:02
474,4688,in netflix queue,1137201126,2006-01-14 01:12:06
474,4787,prodigies,1138032687,2006-01-23 16:11:27
474,4801,family,1138032678,2006-01-23 16:11:18
474,4808,remake,1137374805,2006-01-16 01:26:45
474,4809,nuclear disaster,1137367824,2006-01-15 23:30:24
474,4809,union,1137367824,2006-01-15 23:30:24
474,4812,nasa,1137374786,2006-01-16 01:26:26
474,4812,space,1137374786,2006-01-16 01:26:26
474,4823,wedding,1138032791,2006-01-23 16:13:11
474,4835,loretta lynn,1137192003,2006-01-13 22:40:03
474,4857,judaism,1138039170,2006-01-23 17:59:30
474,4857,tradition!,1137192017,2006-01-13 22:40:17
474,4874,aliens,1137375186,2006-01-16 01:33:06
474,4874,psychiatrist,1137375186,2006-01-16 01:33:06
474,4878,time travel,1137205781,2006-01-14 02:29:41
474,4881,coen brothers,1137192055,2006-01-13 22:40:55
474,4896,magic,1137205893,2006-01-14 02:31:33
474,4896,wizards,1137205893,2006-01-14 02:31:33
474,4902,ghosts,1137367852,2006-01-15 23:30:52
474,4920,psychology,1138039319,2006-01-23 18:01:59
474,4963,heist,1138039322,2006-01-23 18:02:02
474,4969,in netflix queue,1137179563,2006-01-13 19:12:43
474,4970,nightclub,1138039117,2006-01-23 17:58:37
474,4970,singers,1138039117,2006-01-23 17:58:37
474,4973,whimsical,1137202289,2006-01-14 01:31:29
474,4979,new york,1137271220,2006-01-14 20:40:20
474,4980,time travel,1138039109,2006-01-23 17:58:29
474,4993,tolkein,1137181125,2006-01-13 19:38:45
474,4998,racism,1139102582,2006-02-05 01:23:02
474,5008,agatha christie,1138039430,2006-01-23 18:03:50
474,5008,court,1138039430,2006-01-23 18:03:50
474,5012,cross dressing,1138039463,2006-01-23 18:04:23
474,5012,judaism,1138039463,2006-01-23 18:04:23
474,5015,race,1138039271,2006-01-23 18:01:11
474,5034,ghost,1137191298,2006-01-13 22:28:18
474,5064,dumas,1138039163,2006-01-23 17:59:23
474,5064,revenge,1138039163,2006-01-23 17:59:23
474,5114,movie business,1138039083,2006-01-23 17:58:03
474,5120,in netflix queue,1137200871,2006-01-14 01:07:51
474,5135,india,1137192060,2006-01-13 22:41:00
474,5139,baseball,1137373653,2006-01-16 01:07:33
474,5213,religion,1137373958,2006-01-16 01:12:38
474,5224,in netflix queue,1137201464,2006-01-14 01:17:44
474,5238,in netflix queue,1137202052,2006-01-14 01:27:32
474,5266,crime,1138039345,2006-01-23 18:02:25
474,5291,in netflix queue,1137200907,2006-01-14 01:08:27
474,5291,samurai,1142282530,2006-03-13 20:42:10
474,5294,religion,1138039177,2006-01-23 17:59:37
474,5304,in netflix queue,1137200961,2006-01-14 01:09:21
474,5316,world war ii,1137375111,2006-01-16 01:31:51
474,5349,superhero,1137206068,2006-01-14 02:34:28
474,5353,blind,1137784621,2006-01-20 19:17:01
474,5377,nick hornby,1137181073,2006-01-13 19:37:53
474,5379,anti-semitism,1137205732,2006-01-14 02:28:52
474,5379,judaism,1137205732,2006-01-14 02:28:52
474,5398,boxing,1138039410,2006-01-23 18:03:30
474,5404,books,1138039075,2006-01-23 17:57:55
474,5445,future,1137206007,2006-01-14 02:33:27
474,5446,australia,1137181573,2006-01-13 19:46:13
474,5450,sisterhood,1138039255,2006-01-23 18:00:55
474,5450,women,1138039255,2006-01-23 18:00:55
474,5451,disability,1137375287,2006-01-16 01:34:47
474,5451,mental illness,1137375287,2006-01-16 01:34:47
474,5470,oscar wilde,1137181530,2006-01-13 19:45:30
474,5475,in netflix queue,1137201978,2006-01-14 01:26:18
474,5483,movie business,1137181538,2006-01-13 19:45:38
474,5498,in netflix queue,1137179781,2006-01-13 19:16:21
474,5502,aliens,1137206065,2006-01-14 02:34:25
474,5505,adultery,1137205854,2006-01-14 02:30:54
474,5505,younger men,1137205854,2006-01-14 02:30:54
474,5527,as byatt,1138039372,2006-01-23 18:02:52
474,5527,books,1138039372,2006-01-23 18:02:52
474,5528,photography,1138039335,2006-01-23 18:02:15
474,5528,psychopaths,1138039335,2006-01-23 18:02:15
474,5548,homeless,1137374645,2006-01-16 01:24:05
474,5577,adolescence,1138039226,2006-01-23 18:00:26
474,5601,animal movie,1138039452,2006-01-23 18:04:12
474,5603,crime,1138039241,2006-01-23 18:00:41
474,5603,heist,1138039241,2006-01-23 18:00:41
474,5618,anime,1137206076,2006-01-14 02:34:36
474,5629,bible,1137374683,2006-01-16 01:24:43
474,5630,hannibal lecter,1139059884,2006-02-04 13:31:24
474,5633,bombs,1138039202,2006-01-23 18:00:02
474,5644,baseball,1138039381,2006-01-23 18:03:01
474,5644,lou gehrig,1138039381,2006-01-23 18:03:01
474,5669,violence in america,1138039133,2006-01-23 17:58:53
474,5673,pudding,1137206033,2006-01-14 02:33:53
474,5682,holocaust,1138039189,2006-01-23 17:59:49
474,5685,girl power,1137206048,2006-01-14 02:34:08
474,5690,made me cry,1137205866,2006-01-14 02:31:06
474,5690,orphans,1137205866,2006-01-14 02:31:06
474,5721,in netflix queue,1137200976,2006-01-14 01:09:36
474,5721,judaism,1137200976,2006-01-14 01:09:36
474,5747,world war i,1137181512,2006-01-13 19:45:12
474,5791,art,1138039181,2006-01-23 17:59:41
474,5792,dating,1137375296,2006-01-16 01:34:56
474,5802,teenagers,1138039442,2006-01-23 18:04:02
474,5812,salute to douglas sirk,1137181505,2006-01-13 19:45:05
474,5816,magic,1137205882,2006-01-14 02:31:22
474,5816,wizards,1137205882,2006-01-14 02:31:22
474,5820,music business,1138039419,2006-01-23 18:03:39
474,5875,short films,1137375257,2006-01-16 01:34:17
474,5876,graham greene,1138039395,2006-01-23 18:03:15
474,5878,coma,1138039423,2006-01-23 18:03:43
474,5899,africa,1137442538,2006-01-16 20:15:38
474,5952,tolkein,1137181130,2006-01-13 19:38:50
474,5954,crime,1138039070,2006-01-23 17:57:50
474,5954,nightclub,1138039070,2006-01-23 17:57:50
474,5971,anime,1138039281,2006-01-23 18:01:21
474,5989,crime,1138039137,2006-01-23 17:58:57
474,5991,court,1138039145,2006-01-23 17:59:05
474,5991,jazz,1138039140,2006-01-23 17:59:00
474,5991,murder,1138039142,2006-01-23 17:59:02
474,5994,dickens,1138039286,2006-01-23 18:01:26
474,5995,holocaust,1137181562,2006-01-13 19:46:02
474,6002,drugs,1138307168,2006-01-26 20:26:08
474,6002,planes,1138307168,2006-01-26 20:26:08
474,6002,widows/widowers,1138307168,2006-01-26 20:26:08
474,6003,television,1138307058,2006-01-26 20:24:18
474,6016,crime,1138039157,2006-01-23 17:59:17
474,6016,photography,1138039157,2006-01-23 17:59:17
474,6016,violence,1138039157,2006-01-23 17:59:17
474,6020,class,1138307024,2006-01-26 20:23:44
474,6027,in netflix queue,1137200848,2006-01-14 01:07:28
474,6031,motherhood,1138039234,2006-01-23 18:00:34
474,6031,race,1138039234,2006-01-23 18:00:34
474,6041,in netflix queue,1137200888,2006-01-14 01:08:08
474,6063,doll,1137375194,2006-01-16 01:33:14
474,6090,ghosts,1138307131,2006-01-26 20:25:31
474,6101,chile,1137900975,2006-01-22 03:36:15
474,6101,politics,1137900975,2006-01-22 03:36:15
474,6101,south america,1137900975,2006-01-22 03:36:15
474,6104,spoof,1138039279,2006-01-23 18:01:19
474,6156,england,1138307301,2006-01-26 20:28:21
474,6159,adolescence,1138307031,2006-01-26 20:23:51
474,6163,obsession,1137205905,2006-01-14 02:31:45
474,6170,horses,1138307048,2006-01-26 20:24:08
474,6178,blind,1138039358,2006-01-23 18:02:38
474,6178,blindness,1138039358,2006-01-23 18:02:38
474,6178,race,1138039358,2006-01-23 18:02:38
474,6181,civil war,1138039404,2006-01-23 18:03:24
474,6181,stephen crane,1138039404,2006-01-23 18:03:24
474,6183,day and hudson,1138039366,2006-01-23 18:02:46
474,6183,sexuality,1138039366,2006-01-23 18:02:46
474,6195,books,1138498655,2006-01-29 01:37:35
474,6195,stones of summer,1138498655,2006-01-29 01:37:35
474,6197,mental illness,1138307351,2006-01-26 20:29:11
474,6201,england,1137191244,2006-01-13 22:27:24
474,6216,world war ii,1138307229,2006-01-26 20:27:09
474,6218,soccer,1138039102,2006-01-23 17:58:22
474,6228,in netflix queue,1137201613,2006-01-14 01:20:13
474,6232,animal movie,1138039126,2006-01-23 17:58:46
474,6232,lions,1138039125,2006-01-23 17:58:45
474,6235,holocaust,1138307079,2006-01-26 20:24:39
474,6235,world war ii,1138307079,2006-01-26 20:24:39
474,6238,immigrants,1138307096,2006-01-26 20:24:56
474,6242,television,1138307280,2006-01-26 20:28:00
474,6244,in netflix queue,1137201921,2006-01-14 01:25:21
474,6245,prostitution,1138307361,2006-01-26 20:29:21
474,6254,screwball,1137181469,2006-01-13 19:44:29
474,6268,adolescence,1138307261,2006-01-26 20:27:41
474,6269,big brothers,1137206096,2006-01-14 02:34:56
474,6273,l.a.,1137521025,2006-01-17 18:03:45
474,6281,crime,1138307249,2006-01-26 20:27:29
474,6286,amnesia,1138039259,2006-01-23 18:00:59
474,6288,gangs,1138307044,2006-01-26 20:24:04
474,6289,titanic,1138307085,2006-01-26 20:24:45
474,6291,prostitution,1138039248,2006-01-23 18:00:48
474,6296,mockumentary,1138039267,2006-01-23 18:01:07
474,6297,children,1138307101,2006-01-26 20:25:01
474,6299,birds,1138307384,2006-01-26 20:29:44
474,6305,ray bradbury,1137181490,2006-01-13 19:44:50
474,6308,lawyers,1137374834,2006-01-16 01:27:14
474,6327,1970s,1138486479,2006-01-28 22:14:39
474,6327,movies,1137200584,2006-01-14 01:03:04
474,6331,spelling bee,1138039807,2006-01-23 18:10:07
474,6333,jean grey,1137202706,2006-01-14 01:38:26
474,6333,magneto,1137202706,2006-01-14 01:38:26
474,6333,rogue,1137202706,2006-01-14 01:38:26
474,6333,superhero,1137205082,2006-01-14 02:18:02
474,6333,wolverine,1137202706,2006-01-14 01:38:26
474,6334,teachers,1138039540,2006-01-23 18:05:40
474,6337,gambling,1138307244,2006-01-26 20:27:24
474,6339,trains,1138307176,2006-01-26 20:26:16
474,6341,art,1138307304,2006-01-26 20:28:24
474,6350,anime,1138039543,2006-01-23 18:05:43
474,6367,retro,1138039562,2006-01-23 18:06:02
474,6368,movies,1138307051,2006-01-26 20:24:11
474,6373,religion,1137375076,2006-01-16 01:31:16
474,6375,in netflix queue,1137200486,2006-01-14 01:01:26
474,6375,they might be giants,1137200486,2006-01-14 01:01:26
474,6377,disney,1138039593,2006-01-23 18:06:33
474,6377,fish,1138039593,2006-01-23 18:06:33
474,6378,heist,1138307128,2006-01-26 20:25:28
474,6380,child abuse,1137205738,2006-01-14 02:28:58
474,6385,girl power,1137202810,2006-01-14 01:40:10
474,6390,ninotchka remake,1138307320,2006-01-26 20:28:40
474,6400,crime,1138307197,2006-01-26 20:26:37
474,6407,olympics,1137374882,2006-01-16 01:28:02
474,6407,tokyo,1137374882,2006-01-16 01:28:02
474,6422,civil war,1138039799,2006-01-23 18:09:59
474,6440,movie business,1138307037,2006-01-26 20:23:57
474,6452,in netflix queue,1137201737,2006-01-14 01:22:17
474,6454,nazis,1138307204,2006-01-26 20:26:44
474,6466,in netflix queue,1137202027,2006-01-14 01:27:07
474,6502,zombies,1137181462,2006-01-13 19:44:22
474,6515,fugitive,1137206135,2006-01-14 02:35:35
474,6516,in netflix queue,1137202127,2006-01-14 01:28:47
474,6535,politics,1137374839,2006-01-16 01:27:19
474,6536,swashbuckler,1138307326,2006-01-26 20:28:46
474,6539,swashbuckler,1138307257,2006-01-26 20:27:37
474,6545,dodie smith,1137181524,2006-01-13 19:45:24
474,6547,flood,1137375241,2006-01-16 01:34:01
474,6552,immigration,1138039559,2006-01-23 18:05:59
474,6565,horses,1138307288,2006-01-26 20:28:08
474,6579,japan,1138307236,2006-01-26 20:27:16
474,6591,religion,1138039719,2006-01-23 18:08:39
474,6592,marriage,1138039795,2006-01-23 18:09:55
474,6603,othello,1137375103,2006-01-16 01:31:43
474,6609,bible,1138307089,2006-01-26 20:24:49
474,6620,cancer,1137205715,2006-01-14 02:28:35
474,6636,road trip,1138307356,2006-01-26 20:29:16
474,6639,blindness,1138307381,2006-01-26 20:29:41
474,6650,family,1138039708,2006-01-23 18:08:28
474,6650,multiple roles,1138039708,2006-01-23 18:08:28
474,6650,murder,1138039708,2006-01-23 18:08:28
474,6660,ballet,1138307265,2006-01-26 20:27:45
474,6662,clousseau,1137375266,2006-01-16 01:34:26
474,6667,fbi,1138307378,2006-01-26 20:29:38
474,6668,in netflix queue,1137179689,2006-01-13 19:14:49
474,6669,terminal illness,1138039639,2006-01-23 18:07:19
474,6708,con men,1138307183,2006-01-26 20:26:23
474,6708,fatherhood,1138307183,2006-01-26 20:26:23
474,6710,vertriloquism,1138307069,2006-01-26 20:24:29
474,6711,japan,1138307143,2006-01-26 20:25:43
474,6713,in netflix queue,1137201914,2006-01-14 01:25:14
474,6724,in netflix queue,1137201684,2006-01-14 01:21:24
474,6732,matchmaker,1137375130,2006-01-16 01:32:10
474,6744,vampire,1137375236,2006-01-16 01:33:56
474,6753,animal movie,1138307295,2006-01-26 20:28:15
474,6768,religion,1138039714,2006-01-23 18:08:34
474,6770,adultery,1138307212,2006-01-26 20:26:52
474,6770,terminal illness,1138307212,2006-01-26 20:26:52
474,6773,biking,1138307369,2006-01-26 20:29:29
474,6776,india,1137181544,2006-01-13 19:45:44
474,6785,lonesome polecat,1137206059,2006-01-14 02:34:19
474,6786,in netflix queue,1137201845,2006-01-14 01:24:05
474,6787,journalism,1138039529,2006-01-23 18:05:29
474,6787,watergate,1138039529,2006-01-23 18:05:29
474,6788,pregnancy,1137374818,2006-01-16 01:26:58
474,6791,food,1137191312,2006-01-13 22:28:32
474,6807,british comedy,1138307193,2006-01-26 20:26:33
474,6810,domestic violence,1138307335,2006-01-26 20:28:55
474,6820,werewolf,1138039608,2006-01-23 18:06:48
474,6832,amnesia,1138307274,2006-01-26 20:27:54
474,6849,christmas,1137374871,2006-01-16 01:27:51
474,6852,black and white,1138307125,2006-01-26 20:25:25
474,6852,capote,1138307125,2006-01-26 20:25:25
474,6852,crime,1138307125,2006-01-26 20:25:25
474,6852,death penalty,1138307125,2006-01-26 20:25:25
474,6852,murder,1138307125,2006-01-26 20:25:25
474,6856,biopic,1138039917,2006-01-23 18:11:57
474,6863,school,1138307284,2006-01-26 20:28:04
474,6867,trains,1138039811,2006-01-23 18:10:11
474,6870,child abuse,1138307224,2006-01-26 20:27:04
474,6870,kidnapping,1138307224,2006-01-26 20:27:04
474,6874,martial arts,1138039672,2006-01-23 18:07:52
474,6874,revenge,1138039672,2006-01-23 18:07:52
474,6881,thanksgiving,1137181567,2006-01-13 19:46:07
474,6890,adolescence,1138039574,2006-01-23 18:06:14
474,6890,violence in america,1138039574,2006-01-23 18:06:14
474,6909,transplants,1138039587,2006-01-23 18:06:27
474,6912,rita hayworth can dance!,1137179371,2006-01-13 19:09:31
474,6918,india,1138039870,2006-01-23 18:11:10
474,6932,journalism,1137181582,2006-01-13 19:46:22
474,6936,christmas,1138039581,2006-01-23 18:06:21
474,6944,remake,1137374824,2006-01-16 01:27:04
474,6944,wedding,1137374824,2006-01-16 01:27:04
474,6948,music business,1138039867,2006-01-23 18:11:07
474,6948,rap,1138039867,2006-01-23 18:11:07
474,6963,amish,1137181478,2006-01-13 19:44:38
474,6970,hepburn and tracy,1137521576,2006-01-17 18:12:56
474,6979,cold war,1138039874,2006-01-23 18:11:14
474,6981,religion,1138039909,2006-01-23 18:11:49
474,6984,dickens,1138039822,2006-01-23 18:10:22
474,6985,saint,1137206024,2006-01-14 02:33:44
474,6993,family,1138039618,2006-01-23 18:06:58
474,7013,good and evil,1137206020,2006-01-14 02:33:40
474,7018,court,1137375276,2006-01-16 01:34:36
474,7018,scott turow,1137375276,2006-01-16 01:34:36
474,7023,in netflix queue,1137179697,2006-01-13 19:14:57
474,7025,in netflix queue,1137179593,2006-01-13 19:13:13
474,7049,astaire and rogers,1137784580,2006-01-20 19:16:20
474,7050,astaire and rogers,1137784592,2006-01-20 19:16:32
474,7053,astaire and rogers,1138039791,2006-01-23 18:09:51
474,7055,astaire and rogers,1138039819,2006-01-23 18:10:19
474,7059,horses,1138039728,2006-01-23 18:08:48
474,7061,terminal illness,1138039554,2006-01-23 18:05:54
474,7062,birds,1138039535,2006-01-23 18:05:35
474,7062,prison,1138039535,2006-01-23 18:05:35
474,7069,in netflix queue,1137201628,2006-01-14 01:20:28
474,7069,shakespeare,1137201628,2006-01-14 01:20:28
474,7070,cattle drive,1138039780,2006-01-23 18:09:40
474,7071,in netflix queue,1137201154,2006-01-14 01:12:34
474,7073,clousseau,1137375451,2006-01-16 01:37:31
474,7079,disability,1137375406,2006-01-16 01:36:46
474,7086,george bernard shaw,1137201703,2006-01-14 01:21:43
474,7087,e.m. forster,1138039751,2006-01-23 18:09:11
474,7088,in netflix queue,1137202031,2006-01-14 01:27:11
474,7090,martial arts,1138039622,2006-01-23 18:07:02
474,7091,marx brothers,1138559500,2006-01-29 18:31:40
474,7121,hepburn and tracy,1137181204,2006-01-13 19:40:04
474,7132,marx brothers,1138039735,2006-01-23 18:08:55
474,7132,opera,1138039735,2006-01-23 18:08:55
474,7139,immigrants,1138039653,2006-01-23 18:07:33
474,7141,in netflix queue,1137201569,2006-01-14 01:19:29
474,7153,tolkein,1137181217,2006-01-13 19:40:17
474,7156,vietnam,1138039601,2006-01-23 18:06:41
474,7158,real estate,1137205933,2006-01-14 02:32:13
474,7160,serial killer,1138039725,2006-01-23 18:08:45
474,7162,civil war,1138039548,2006-01-23 18:05:48
474,7190,charlotte bronte,1140047502,2006-02-15 23:51:42
474,7212,cross dressing,1138039664,2006-01-23 18:07:44
474,7212,men in drag,1138039664,2006-01-23 18:07:44
474,7217,amnesia,1137521621,2006-01-17 18:13:41
474,7218,in netflix queue,1137179905,2006-01-13 19:18:25
474,7219,truckers,1138039826,2006-01-23 18:10:26
474,7234,circus,1137206103,2006-01-14 02:35:03
474,7256,mountain climbing,1138039857,2006-01-23 18:10:57
474,7285,adolescence,1138039837,2006-01-23 18:10:37
474,7301,priest,1137521429,2006-01-17 18:10:29
474,7301,religion,1137521429,2006-01-17 18:10:29
474,7318,religion,1138039757,2006-01-23 18:09:17
474,7323,cold war,1138039614,2006-01-23 18:06:54
474,7361,memory,1137205808,2006-01-14 02:30:08
474,7371,grace,1137205800,2006-01-14 02:30:00
474,7382,adolescence,1138039629,2006-01-23 18:07:09
474,7382,crime,1138039629,2006-01-23 18:07:09
474,7438,revenge,1137205948,2006-01-14 02:32:28
474,7440,holocaust,1142279175,2006-03-13 19:46:15
474,7451,high school,1137205962,2006-01-14 02:32:42
474,7479,world war ii,1138039893,2006-01-23 18:11:33
474,7493,multiple personalities,1138039850,2006-01-23 18:10:50
474,7572,cancer,1137181595,2006-01-13 19:46:35
474,7584,hepburn and tracy,1138039906,2006-01-23 18:11:46
474,7584,marriage,1138039906,2006-01-23 18:11:46
474,7614,rogers and hammerstein,1138040199,2006-01-23 18:16:39
474,7618,biopic,1137201647,2006-01-14 01:20:47
474,7618,in netflix queue,1137201648,2006-01-14 01:20:48
474,7619,blindness,1138040167,2006-01-23 18:16:07
474,7619,deaf,1138040171,2006-01-23 18:16:11
474,7646,stephen king,1137374860,2006-01-16 01:27:40
474,7649,space station,1138039958,2006-01-23 18:12:38
474,7700,in netflix queue,1137201116,2006-01-14 01:11:56
474,7705,hepburn and tracy,1137521641,2006-01-17 18:14:01
474,7705,sports,1137521641,2006-01-17 18:14:01
474,7713,sexuality,1138040011,2006-01-23 18:13:31
474,7714,king arthur,1138039998,2006-01-23 18:13:18
474,7728,adultery,1138040205,2006-01-23 18:16:45
474,7748,in netflix queue,1137202002,2006-01-14 01:26:42
474,7766,macbeth,1138040268,2006-01-23 18:17:48
474,7789,terrorism,1138039932,2006-01-23 18:12:12
474,7792,in netflix queue,1137200939,2006-01-14 01:08:59
474,7831,nick and nora charles,1137201638,2006-01-14 01:20:38
474,7832,nick and nora charles,1137201717,2006-01-14 01:21:57
474,7833,nick and nora charles,1137201661,2006-01-14 01:21:01
474,7834,nick and nora charles,1137200666,2006-01-14 01:04:26
474,7835,nick and nora charles,1137201747,2006-01-14 01:22:27
474,7924,in netflix queue,1137201677,2006-01-14 01:21:17
474,7926,in netflix queue,1137179753,2006-01-13 19:15:53
474,7932,amtrak,1137271192,2006-01-14 20:39:52
474,7932,homeless,1137271192,2006-01-14 20:39:52
474,7932,independent,1137271192,2006-01-14 20:39:52
474,7932,new york,1137271192,2006-01-14 20:39:52
474,7932,sundance award winner,1137271191,2006-01-14 20:39:51
474,7932,train,1137271192,2006-01-14 20:39:52
474,7934,psychology,1138040275,2006-01-23 18:17:55
474,7981,police,1138040118,2006-01-23 18:15:18
474,7983,show business,1138039989,2006-01-23 18:13:09
474,8011,politics,1143998541,2006-04-02 17:22:21
474,8014,in netflix queue,1137200544,2006-01-14 01:02:24
474,8019,remade,1138040062,2006-01-23 18:14:22
474,8033,in netflix queue,1137200492,2006-01-14 01:01:32
474,8094,in netflix queue,1137179631,2006-01-13 19:13:51
474,8153,van gogh,1137375419,2006-01-16 01:36:59
474,8167,swashbuckler,1138040004,2006-01-23 18:13:24
474,8183,in netflix queue,1137201001,2006-01-14 01:10:01
474,8188,not available from netflix,1137179956,2006-01-13 19:19:16
474,8190,in netflix queue,1137201864,2006-01-14 01:24:24
474,8191,anne boleyn,1138039949,2006-01-23 18:12:29
474,8197,in netflix queue,1137202144,2006-01-14 01:29:04
474,8207,assassination,1138040067,2006-01-23 18:14:27
474,8228,heist,1138040147,2006-01-23 18:15:47
474,8235,clock,1137202793,2006-01-14 01:39:53
474,8266,prince,1137375433,2006-01-16 01:37:13
474,8275,in netflix queue,1137201789,2006-01-14 01:23:09
474,8337,military,1138039993,2006-01-23 18:13:13
474,8338,convent,1138039973,2006-01-23 18:12:53
474,8338,religion,1138039973,2006-01-23 18:12:53
474,8341,dickens,1137200651,2006-01-14 01:04:11
474,8360,ogres,1138040236,2006-01-23 18:17:16
474,8366,pregnancy,1138040220,2006-01-23 18:17:00
474,8366,religion,1138040220,2006-01-23 18:17:00
474,8368,magic,1137202784,2006-01-14 01:39:44
474,8368,wizards,1137202784,2006-01-14 01:39:44
474,8375,politics,1137375412,2006-01-16 01:36:52
474,8376,high school,1138040176,2006-01-23 18:16:16
474,8379,in netflix queue,1137200899,2006-01-14 01:08:19
474,8382,death,1137375392,2006-01-16 01:36:32
474,8424,divorce,1138040077,2006-01-23 18:14:37
474,8446,world war ii,1137375442,2006-01-16 01:37:22
474,8463,deafness,1138040133,2006-01-23 18:15:33
474,8464,food,1138040254,2006-01-23 18:17:34
474,8464,mcdonalds,1138040254,2006-01-23 18:17:34
474,8507,circus,1138040090,2006-01-23 18:14:50
474,8530,ireland,1138040071,2006-01-23 18:14:31
474,8580,fairy tales,1137201021,2006-01-14 01:10:21
474,8580,in netflix queue,1137201021,2006-01-14 01:10:21
474,8607,in netflix queue,1137201077,2006-01-14 01:11:17
474,8609,in netflix queue,1137179727,2006-01-13 19:15:27
474,8622,politics,1138040083,2006-01-23 18:14:43
474,8622,terrorism,1138040083,2006-01-23 18:14:43
474,8636,doc ock,1137202798,2006-01-14 01:39:58
474,8638,generation x,1138039967,2006-01-23 18:12:47
474,8645,drugs,1138040155,2006-01-23 18:15:55
474,8645,immigrants,1138040155,2006-01-23 18:15:55
474,8695,court,1137375369,2006-01-16 01:36:09
474,8714,cole porter,1137375425,2006-01-16 01:37:05
474,8754,oscar (best actress),1142282521,2006-03-13 20:42:01
474,8765,in netflix queue,1137179707,2006-01-13 19:15:07
474,8784,psychology,1138040105,2006-01-23 18:15:05
474,8796,rome,1137375385,2006-01-16 01:36:25
474,8809,australia,1138040052,2006-01-23 18:14:12
474,8827,stand up,1138039969,2006-01-23 18:12:49
474,8838,in netflix queue,1137179758,2006-01-13 19:15:58
474,8874,zombies,1138040225,2006-01-23 18:17:05
474,8875,alcoholism,1138040042,2006-01-23 18:14:02
474,8875,marriage,1138040042,2006-01-23 18:14:02
474,8879,agatha christie,1145755135,2006-04-23 01:18:55
474,8879,oscar (best supporting actress),1145755138,2006-04-23 01:18:58
474,8879,train,1145755140,2006-04-23 01:19:00
474,8880,disability,1138040162,2006-01-23 18:16:02
474,8914,time travel,1138040211,2006-01-23 18:16:51
474,8920,oscar (best actress),1142282522,2006-03-13 20:42:02
474,8938,parenthood,1138040262,2006-01-23 18:17:42
474,8938,psychology,1138040262,2006-01-23 18:17:42
474,8943,stage,1137375373,2006-01-16 01:36:13
474,8949,wine,1138040242,2006-01-23 18:17:22
474,8950,psychology,1138040138,2006-01-23 18:15:38
474,8951,abortion,1138040272,2006-01-23 18:17:52
474,8958,biopic,1138040214,2006-01-23 18:16:54
474,8961,disney,1138040115,2006-01-23 18:15:15
474,8961,superhero,1138040115,2006-01-23 18:15:15
474,8970,peter pan,1138040086,2006-01-23 18:14:46
474,8979,hearst,1137521449,2006-01-17 18:10:49
474,8983,martial arts,1138040109,2006-01-23 18:15:09
474,8998,in netflix queue,1137179738,2006-01-13 19:15:38
474,9018,journalism,1138040046,2006-01-23 18:14:06
474,25753,gold,1139940948,2006-02-14 18:15:48
474,25825,revenge,1137205843,2006-01-14 02:30:43
474,25841,show business,1138040249,2006-01-23 18:17:29
474,25855,in netflix queue,1137179637,2006-01-13 19:13:57
474,25865,in netflix queue,1137201652,2006-01-14 01:20:52
474,25886,made me cry,1137206038,2006-01-14 02:33:58
474,25940,mirrors,1137521290,2006-01-17 18:08:10
474,25952,in netflix queue,1137179713,2006-01-13 19:15:13
474,26085,not available from netflix,1137179665,2006-01-13 19:14:25
474,26131,in netflix queue,1137200982,2006-01-14 01:09:42
474,26151,donkey,1145749895,2006-04-22 23:51:35
474,26242,in netflix queue,1137179570,2006-01-13 19:12:50
474,26662,anime,1138040136,2006-01-23 18:15:36
474,26776,in netflix queue,1137179786,2006-01-13 19:16:26
474,27731,in netflix queue,1137201122,2006-01-14 01:12:02
474,27741,in netflix queue,1137179587,2006-01-13 19:13:07
474,27790,religion,1138040326,2006-01-23 18:18:46
474,27790,saints,1138040326,2006-01-23 18:18:46
474,27820,animal movie,1138040358,2006-01-23 18:19:18
474,27820,camels,1138040358,2006-01-23 18:19:18
474,27834,fatherhood,1138040348,2006-01-23 18:19:08
474,27838,revenge,1137205953,2006-01-14 02:32:33
474,27878,india,1138038974,2006-01-23 17:56:14
474,27882,surfing,1139939407,2006-02-14 17:50:07
474,30707,boxing,1138040320,2006-01-23 18:18:40
474,30749,genocide,1137205917,2006-01-14 02:31:57
474,30793,roald dahl,1138038979,2006-01-23 17:56:19
474,30812,biopic,1138038949,2006-01-23 17:55:49
474,30812,howard hughes,1138038949,2006-01-23 17:55:49
474,30812,movie business,1138038949,2006-01-23 17:55:49
474,30820,child abuse,1137206121,2006-01-14 02:35:21
474,30822,busniess,1137205938,2006-01-14 02:32:18
474,30850,shakespeare,1137181555,2006-01-13 19:45:55
474,31030,motherhood,1138040311,2006-01-23 18:18:31
474,31437,orphans,1138040341,2006-01-23 18:19:01
474,31658,06 oscar nominated best movie - animation,1145451856,2006-04-19 13:04:16
474,31658,in netflix queue,1137201531,2006-01-14 01:18:51
474,31903,marriage,1138040364,2006-01-23 18:19:24
474,31923,in netflix queue,1137200865,2006-01-14 01:07:45
474,32160,in netflix queue,1137179674,2006-01-13 19:14:34
474,32371,in netflix queue,1137202044,2006-01-14 01:27:24
474,32582,birds,1138804206,2006-02-01 14:30:06
474,32582,parrots,1138804206,2006-02-01 14:30:06
474,32584,fatherhood,1138038959,2006-01-23 17:55:59
474,33154,business,1137766122,2006-01-20 14:08:42
474,33154,money,1137766122,2006-01-20 14:08:42
474,33154,scandal,1137766123,2006-01-20 14:08:43
474,33166,racism,1138038982,2006-01-23 17:56:22
474,33493,space,1137206087,2006-01-14 02:34:47
474,33493,space opera,1137206087,2006-01-14 02:34:47
474,33660,boxing,1137201602,2006-01-14 01:20:02
474,34271,hip hop,1141848751,2006-03-08 20:12:31
474,34359,pregnancy,1138040301,2006-01-23 18:18:21
474,34405,firefly,1137181624,2006-01-13 19:47:04
474,34437,in netflix queue,1137179720,2006-01-13 19:15:20
474,34482,in netflix queue,1137202180,2006-01-14 01:29:40
474,34528,pregnancy,1139693892,2006-02-11 21:38:12
474,34542,animal movie,1138039000,2006-01-23 17:56:40
474,34542,bears,1138039000,2006-01-23 17:56:40
474,35015,animal movie,1137180081,2006-01-13 19:21:21
474,35015,in netflix queue,1137202200,2006-01-14 01:30:00
474,36517,africa,1139234947,2006-02-06 14:09:07
474,36517,business,1139234947,2006-02-06 14:09:07
474,36517,politics,1139234947,2006-02-06 14:09:07
474,36527,mathematics,1137201998,2006-01-14 01:26:38
474,36535,in netflix queue,1137201162,2006-01-14 01:12:42
474,37240,in netflix queue,1138804230,2006-02-01 14:30:30
474,37729,06 oscar nominated best movie - animation,1139059938,2006-02-04 13:32:18
474,37733,in netflix queue,1137200955,2006-01-14 01:09:15
474,37736,dickens,1139940656,2006-02-14 18:10:56
474,37741,truman capote,1142996187,2006-03-22 02:56:27
474,38038,06 oscar nominated best movie - animation,1139664190,2006-02-11 13:23:10
474,38038,aardman,1139664221,2006-02-11 13:23:41
474,38061,in netflix queue,1137179624,2006-01-13 19:13:44
474,38886,divorce,1145451837,2006-04-19 13:03:57
474,39234,courtroom drama,1140576326,2006-02-22 02:45:26
474,39234,in netflix queue,1137202089,2006-01-14 01:28:09
474,39292,in netflix queue,1137201595,2006-01-14 01:19:55
474,39292,journalism,1137201595,2006-01-14 01:19:55
474,39292,mccarthy hearings,1137201595,2006-01-14 01:19:55
474,39292,morrow,1137201595,2006-01-14 01:19:55
474,40583,in netflix queue,1137200527,2006-01-14 01:02:07
474,40629,in netflix queue,1137179797,2006-01-13 19:16:37
474,40815,magic,1137202776,2006-01-14 01:39:36
474,40815,wizards,1137202776,2006-01-14 01:39:36
474,40819,johnny cash,1137200595,2006-01-14 01:03:15
474,41566,c.s. lewis,1137181617,2006-01-13 19:46:57
474,41997,in netflix queue,1137179603,2006-01-13 19:13:23
474,42002,in netflix queue,1137202150,2006-01-14 01:29:10
474,42740,in netflix queue,1138804237,2006-02-01 14:30:37
477,32,brad pitt,1242494310,2009-05-16 17:18:30
477,32,bruce willis,1242494306,2009-05-16 17:18:26
477,32,mindfuck,1242494321,2009-05-16 17:18:41
477,32,post apocalyptic,1242494300,2009-05-16 17:18:20
477,32,post-apocalyptic,1242494300,2009-05-16 17:18:20
477,32,remake,1242494315,2009-05-16 17:18:35
477,32,time travel,1242494304,2009-05-16 17:18:24
477,32,twist ending,1242494302,2009-05-16 17:18:22
477,34,villain nonexistent or not needed for good story,1244787845,2009-06-12 06:24:05
477,104,adam sandler,1244787691,2009-06-12 06:21:31
477,216,adam sandler,1244787718,2009-06-12 06:21:58
477,216,stop looking at me swan,1244787726,2009-06-12 06:22:06
477,318,morgan freeman,1244566076,2009-06-09 16:47:56
477,541,androids,1262795764,2010-01-06 16:36:04
477,541,artificial intelligence,1262795769,2010-01-06 16:36:09
477,541,atmospheric,1262795768,2010-01-06 16:36:08
477,541,cyberpunk,1262795770,2010-01-06 16:36:10
477,541,future,1262795772,2010-01-06 16:36:12
477,541,mindfuck,1262795778,2010-01-06 16:36:18
477,541,philip k. dick,1262795776,2010-01-06 16:36:16
477,589,scifi masterpiece,1201166474,2008-01-24 09:21:14
477,593,disturbing,1241396359,2009-05-04 00:19:19
477,593,drama,1241396391,2009-05-04 00:19:51
477,593,gothic,1241396378,2009-05-04 00:19:38
477,593,psychology,1241396367,2009-05-04 00:19:27
477,593,suspense,1241396389,2009-05-04 00:19:49
477,733,michael bay,1241938858,2009-05-10 07:00:58
477,733,terrorism,1241938853,2009-05-10 07:00:53
477,750,black comedy,1242494959,2009-05-16 17:29:19
477,750,dark comedy,1242494953,2009-05-16 17:29:13
477,750,satire,1242494951,2009-05-16 17:29:11
477,832,give me back my son!,1269832636,2010-03-29 03:17:16
477,832,it was melodramatic and kind of dumb,1269832633,2010-03-29 03:17:13
477,832,mel gibson,1269832629,2010-03-29 03:17:09
477,903,alfred hitchcock,1242577125,2009-05-17 16:18:45
477,903,atmospheric,1242577135,2009-05-17 16:18:55
477,903,imdb top 250,1242577117,2009-05-17 16:18:37
477,903,james stewart,1242577112,2009-05-17 16:18:32
477,904,imdb top 250,1242577077,2009-05-17 16:17:57
477,904,james stewart,1242577056,2009-05-17 16:17:36
477,904,mystery,1242577064,2009-05-17 16:17:44
477,904,photographer,1242577068,2009-05-17 16:17:48
477,904,photography,1242577070,2009-05-17 16:17:50
477,908,alfred hitchcock,1242577097,2009-05-17 16:18:17
477,908,imdb top 250,1242577100,2009-05-17 16:18:20
477,922,eerie,1245030098,2009-06-15 01:41:38
477,922,movie business,1245030089,2009-06-15 01:41:29
477,1089,humorous,1242494883,2009-05-16 17:28:03
477,1089,neo-noir,1242494879,2009-05-16 17:27:59
477,1089,quentin tarantino,1242494874,2009-05-16 17:27:54
477,1089,religion,1242494896,2009-05-16 17:28:16
477,1089,tarantino,1242494887,2009-05-16 17:28:07
477,1196,classic,1262795806,2010-01-06 16:36:46
477,1196,george lucas,1262795793,2010-01-06 16:36:33
477,1196,harrison ford,1262795792,2010-01-06 16:36:32
477,1196,music,1262795815,2010-01-06 16:36:55
477,1196,original plot,1262795808,2010-01-06 16:36:48
477,1196,sci-fi,1262795797,2010-01-06 16:36:37
477,1196,sequel,1262795800,2010-01-06 16:36:40
477,1219,alfred hitchcock,1242577153,2009-05-17 16:19:13
477,1219,black and white,1242577173,2009-05-17 16:19:33
477,1219,imdb top 250,1242577161,2009-05-17 16:19:21
477,1219,remade,1242577165,2009-05-17 16:19:25
477,1222,anti-war,1242494925,2009-05-16 17:28:45
477,1274,animation,1244787931,2009-06-12 06:25:31
477,1274,anime,1244787929,2009-06-12 06:25:29
477,1274,visually stunning,1244787944,2009-06-12 06:25:44
477,2393,cameo:whoopi goldberg,1242278473,2009-05-14 05:21:13
477,2393,space opera,1242278463,2009-05-14 05:21:03
477,2393,star trek,1242278464,2009-05-14 05:21:04
477,2694,adam sandler,1244787788,2009-06-12 06:23:08
477,2706,best comedy,1244707216,2009-06-11 08:00:16
477,2706,chris klein,1244707221,2009-06-11 08:00:21
477,2706,dumb,1244707211,2009-06-11 08:00:11
477,2706,jason biggs,1244707223,2009-06-11 08:00:23
477,2706,not funny,1244707227,2009-06-11 08:00:27
477,2706,pizza beer,1244707207,2009-06-11 08:00:07
477,2706,seann william scott,1244707224,2009-06-11 08:00:24
477,2706,teen,1244707202,2009-06-11 08:00:02
477,2761,animation,1244787872,2009-06-12 06:24:32
477,3000,adventure,1241396438,2009-05-04 00:20:38
477,3000,atmospheric,1241396434,2009-05-04 00:20:34
477,3000,fantasy world,1241396427,2009-05-04 00:20:27
477,3000,studio ghibli,1241396420,2009-05-04 00:20:20
477,3000,surreal,1241396422,2009-05-04 00:20:22
477,3527,aliens,1278683918,2010-07-09 13:58:38
477,3527,arnold schwarzenegger,1269832592,2010-03-29 03:16:32
477,3527,dialogue,1269832605,2010-03-29 03:16:45
477,3527,guns,1278683912,2010-07-09 13:58:32
477,3527,jesse ventura,1269832593,2010-03-29 03:16:33
477,3527,macho,1269832597,2010-03-29 03:16:37
477,3527,sci-fi,1269832609,2010-03-29 03:16:49
477,3527,scifi cult,1269832612,2010-03-29 03:16:52
477,3994,atmospheric,1241396301,2009-05-04 00:18:21
477,3994,comics,1241396280,2009-05-04 00:18:00
477,3994,father-son relationship,1241396313,2009-05-04 00:18:33
477,3994,mindfuck,1241396308,2009-05-04 00:18:28
477,3994,unique,1241396293,2009-05-04 00:18:13
477,4226,mystery,1256051072,2009-10-20 15:04:32
477,4226,twist ending,1256051079,2009-10-20 15:04:39
477,4454,claymation,1245030193,2009-06-15 01:43:13
477,4454,creativity,1245030187,2009-06-15 01:43:07
477,4454,dystopia,1245030190,2009-06-15 01:43:10
477,4454,free to download,1245030175,2009-06-15 01:42:55
477,4454,imagination,1245030178,2009-06-15 01:42:58
477,4454,no dialogue,1245030196,2009-06-15 01:43:16
477,4454,social commentary,1245030185,2009-06-15 01:43:05
477,4725,mental hospital,1252820163,2009-09-13 05:36:03
477,4725,psychology,1252820170,2009-09-13 05:36:10
477,4725,suspense,1252820168,2009-09-13 05:36:08
477,4725,well done,1252820180,2009-09-13 05:36:20
477,4878,dreamlike,1242494462,2009-05-16 17:21:02
477,4878,hallucinatory,1242494486,2009-05-16 17:21:26
477,4878,mental illness,1242494483,2009-05-16 17:21:23
477,4878,psychology,1242494469,2009-05-16 17:21:09
477,4878,social commentary,1242494478,2009-05-16 17:21:18
477,4878,teen,1242494496,2009-05-16 17:21:36
477,4878,thought-provoking,1242494462,2009-05-16 17:21:02
477,5459,crappy sequel,1262795620,2010-01-06 16:33:40
477,5459,first was much better,1262795632,2010-01-06 16:33:52
477,5459,sequel,1262795653,2010-01-06 16:34:13
477,7361,cult film,1242494340,2009-05-16 17:19:00
477,7361,imagination,1256051047,2009-10-20 15:04:07
477,7361,jim carrey,1242494357,2009-05-16 17:19:17
477,7361,love,1256051045,2009-10-20 15:04:05
477,7361,surreal,1256051041,2009-10-20 15:04:01
477,7439,comic book,1201196824,2008-01-24 17:47:04
477,8783,atmospheric,1242580424,2009-05-17 17:13:44
477,8783,good soundtrack,1242580444,2009-05-17 17:14:04
477,8783,m. night shyamalan,1242580441,2009-05-17 17:14:01
477,8961,animation,1244789192,2009-06-12 06:46:32
477,8961,samuel l. jackson,1244789197,2009-06-12 06:46:37
477,41569,big budget,1262795959,2010-01-06 16:39:19
477,42422,love,1252377761,2009-09-08 02:42:41
477,45499,halle berry,1262795979,2010-01-06 16:39:39
477,45499,hugh jackman,1262795972,2010-01-06 16:39:32
477,45730,bad,1242580531,2009-05-17 17:15:31
477,45730,disappointing,1242580521,2009-05-17 17:15:21
477,45730,faerie tale,1242580526,2009-05-17 17:15:26
477,45730,fairy tale,1242580523,2009-05-17 17:15:23
477,45730,far fetched,1242580497,2009-05-17 17:14:57
477,45730,m. night shyamalan,1242580504,2009-05-17 17:15:04
477,45730,paul giamatti,1242580508,2009-05-17 17:15:08
477,47610,costume drama,1242580608,2009-05-17 17:16:48
477,47610,edward norton,1242580578,2009-05-17 17:16:18
477,47610,magic,1242580595,2009-05-17 17:16:35
477,47610,paul giamatti,1242580580,2009-05-17 17:16:20
477,52885,dreamlike,1256051008,2009-10-20 15:03:28
477,53468,zombies,1254101434,2009-09-28 01:30:34
477,54503,friendship,1244566102,2009-06-09 16:48:22
477,54503,high school,1244566117,2009-06-09 16:48:37
477,54503,michael cera,1244566094,2009-06-09 16:48:14
477,54503,nerds,1244566133,2009-06-09 16:48:53
477,54503,self discovery,1244566119,2009-06-09 16:48:39
477,54503,shenanigans,1244566122,2009-06-09 16:48:42
477,54503,virginity,1244566127,2009-06-09 16:48:47
477,55167,anime,1282924582,2010-08-27 15:56:22
477,56174,alone in the world,1262795676,2010-01-06 16:34:36
477,56174,apocalypse,1262795677,2010-01-06 16:34:37
477,56174,based on a book,1262795681,2010-01-06 16:34:41
477,56174,last man on earth,1262795684,2010-01-06 16:34:44
477,56174,plot holes,1262795671,2010-01-06 16:34:31
477,56174,post apocalyptic,1262795695,2010-01-06 16:34:55
477,56174,post-apocalyptic,1262795699,2010-01-06 16:34:59
477,56174,religion,1262795669,2010-01-06 16:34:29
477,56174,vampire,1262795702,2010-01-06 16:35:02
477,56367,michael cera,1244566158,2009-06-09 16:49:18
477,56367,notable soundtrack,1244566156,2009-06-09 16:49:16
477,56367,pregnancy,1244566154,2009-06-09 16:49:14
477,56367,teenage pregnancy,1244566153,2009-06-09 16:49:13
477,56367,witty,1244566176,2009-06-09 16:49:36
477,57669,black comedy,1269832562,2010-03-29 03:16:02
477,57669,colin farrell,1269832561,2010-03-29 03:16:01
477,57669,dark comedy,1269832559,2010-03-29 03:15:59
477,57669,drugs,1269832564,2010-03-29 03:16:04
477,57669,friendship,1269832567,2010-03-29 03:16:07
477,57669,irreverent,1269832579,2010-03-29 03:16:19
477,57669,ralph fiennes,1269832572,2010-03-29 03:16:12
477,57669,stylized,1269832574,2010-03-29 03:16:14
477,59141,movies about movies,1241396155,2009-05-04 00:15:55
477,60069,last man on earth,1241396252,2009-05-04 00:17:32
477,60069,love story,1241396256,2009-05-04 00:17:36
477,60069,post apocalyptic,1241396239,2009-05-04 00:17:19
477,60069,social commentary,1241396236,2009-05-04 00:17:16
477,61323,brad pitt,1269832483,2010-03-29 03:14:43
477,61323,coen bros,1269832486,2010-03-29 03:14:46
477,61323,coen brothers,1269832484,2010-03-29 03:14:44
477,61323,dark comedy,1269832488,2010-03-29 03:14:48
477,61323,espionage,1269832491,2010-03-29 03:14:51
477,61323,george clooney,1269832490,2010-03-29 03:14:50
477,61323,john malkovich,1269832492,2010-03-29 03:14:52
477,61323,satire,1269832497,2010-03-29 03:14:57
477,61323,twists & turns,1269832504,2010-03-29 03:15:04
477,61323,weird,1269832501,2010-03-29 03:15:01
477,62336,2d animation,1282924611,2010-08-27 15:56:51
477,62336,cult film,1282924621,2010-08-27 15:57:01
477,62336,stylish,1282924615,2010-08-27 15:56:55
477,62336,surreal,1282924617,2010-08-27 15:56:57
477,66934,joss whedon,1244788368,2009-06-12 06:32:48
477,66934,nathan fillion,1244788378,2009-06-12 06:32:58
477,66934,neil patrick harris,1244788374,2009-06-12 06:32:54
477,66934,parody,1244788359,2009-06-12 06:32:39
477,67087,andy samberg,1269833868,2010-03-29 03:37:48
477,67087,bromance,1269833887,2010-03-29 03:38:07
477,67087,bromantic,1269833884,2010-03-29 03:38:04
477,67087,comedy,1269833878,2010-03-29 03:37:58
477,67087,jaime pressly,1269833873,2010-03-29 03:37:53
477,67087,jason segel,1269833863,2010-03-29 03:37:43
477,67087,masculinity,1269833871,2010-03-29 03:37:51
477,67087,paul rudd,1269833866,2010-03-29 03:37:46
477,68237,2001-like,1252898614,2009-09-14 03:23:34
477,68237,sci-fi,1252898620,2009-09-14 03:23:40
477,68237,solitude,1252898625,2009-09-14 03:23:45
477,68319,bad plot,1262795886,2010-01-06 16:38:06
477,68319,comic book,1241938912,2009-05-10 07:01:52
477,68319,hugh jackman,1262795892,2010-01-06 16:38:12
477,68319,ryan reynolds,1262795891,2010-01-06 16:38:11
477,68319,too many characters,1241941484,2009-05-10 07:44:44
477,68358,future,1245030304,2009-06-15 01:45:04
477,68358,lack of development,1262795924,2010-01-06 16:38:44
477,68358,lack of story,1262795926,2010-01-06 16:38:46
477,68358,quick cuts,1245030309,2009-06-15 01:45:09
477,68358,sci-fi,1262795933,2010-01-06 16:38:53
477,68358,simon pegg,1245030316,2009-06-15 01:45:16
477,68358,space,1262795932,2010-01-06 16:38:52
477,68358,space travel,1262795931,2010-01-06 16:38:51
477,68358,time travel,1262795929,2010-01-06 16:38:49
477,68791,artificial intelligence,1262795849,2010-01-06 16:37:29
477,68791,bad acting,1262795862,2010-01-06 16:37:42
477,68791,bad plot,1262795842,2010-01-06 16:37:22
477,68791,bad script,1262795859,2010-01-06 16:37:39
477,68791,christian bale,1262795846,2010-01-06 16:37:26
477,68791,fighting the system,1262795852,2010-01-06 16:37:32
477,68791,franchise,1262795875,2010-01-06 16:37:55
477,68791,new composer,1243401981,2009-05-27 05:26:21
477,68791,post-apocalyptic,1262795854,2010-01-06 16:37:34
477,68791,robots,1243401992,2009-05-27 05:26:32
477,68791,sci-fi,1262795871,2010-01-06 16:37:51
477,68791,sequel,1262795873,2010-01-06 16:37:53
477,68945,recap,1246349071,2009-06-30 08:04:31
477,69526,bad plot,1262795720,2010-01-06 16:35:20
477,69526,michael bay,1262795729,2010-01-06 16:35:29
477,69526,needed more autobots,1246346162,2009-06-30 07:16:02
477,69526,plot holes,1262795732,2010-01-06 16:35:32
477,69526,ridiculous,1262795737,2010-01-06 16:35:37
477,69526,shia labeouf,1246346172,2009-06-30 07:16:12
477,69526,stop using useless characters for filler,1246346159,2009-06-30 07:15:59
477,69757,artistic,1279956134,2010-07-24 07:22:14
477,69757,funny,1279956141,2010-07-24 07:22:21
477,69757,humorous,1279956124,2010-07-24 07:22:04
477,69757,inspiring,1279956130,2010-07-24 07:22:10
477,69757,intelligent,1279956132,2010-07-24 07:22:12
477,69757,quirky,1279956145,2010-07-24 07:22:25
477,69757,romance,1279956123,2010-07-24 07:22:03
477,69757,zooey deschanel,1279956120,2010-07-24 07:22:00
477,70286,intelligent sci-fi,1250476969,2009-08-17 02:42:49
477,72224,bad humor,1296891269,2011-02-05 07:34:29
477,72998,bad science,1262707524,2010-01-05 16:05:24
477,72998,futuristic,1262707531,2010-01-05 16:05:31
477,72998,graphic design,1262707532,2010-01-05 16:05:32
477,72998,james cameron,1262707536,2010-01-05 16:05:36
477,72998,military,1262707534,2010-01-05 16:05:34
477,72998,poor dialogue,1262707537,2010-01-05 16:05:37
477,72998,sci-fi,1262707551,2010-01-05 16:05:51
477,72998,superficial plot,1262707525,2010-01-05 16:05:25
477,72998,unoriginal,1262794416,2010-01-06 16:13:36
477,72998,white guilt,1262707542,2010-01-05 16:05:42
477,79132,dreamlike,1280608188,2010-07-31 20:29:48
477,79132,surreal,1280608178,2010-07-31 20:29:38
477,79132,visually appealing,1280608181,2010-07-31 20:29:41
477,79702,geeky,1282923864,2010-08-27 15:44:24
477,79702,michael cera,1282923853,2010-08-27 15:44:13
477,79702,stylized,1282923856,2010-08-27 15:44:16
477,79702,video games,1282923860,2010-08-27 15:44:20
477,82242,male nudity,1293690470,2010-12-30 06:27:50
477,82461,action choreography,1296891206,2011-02-05 07:33:26
477,82461,horrid characterisation,1296891200,2011-02-05 07:33:20
477,82461,poor plot development,1296891195,2011-02-05 07:33:15
477,82461,sequel,1296891202,2011-02-05 07:33:22
477,82461,soundtrack,1296891203,2011-02-05 07:33:23
487,112552,passion,1429347541,2015-04-18 08:59:01
487,112552,psychological,1429347541,2015-04-18 08:59:01
487,112552,suspense,1429347541,2015-04-18 08:59:01
506,112552,jazz,1424487178,2015-02-21 02:52:58
506,112552,music,1424487178,2015-02-21 02:52:58
506,112552,tense,1424487178,2015-02-21 02:52:58
509,80834,adventure,1435992979,2015-07-04 06:56:19
509,80834,animation,1435992979,2015-07-04 06:56:19
509,80834,fantasy,1435992979,2015-07-04 06:56:19
513,750,purity of essence,1159980456,2006-10-04 16:47:36
513,750,slim pickens,1159980456,2006-10-04 16:47:36
513,6787,deep throat,1159980769,2006-10-04 16:52:49
520,3039,dan aykroyd,1326608424,2012-01-15 06:20:24
520,60516,enjoyable,1326610782,2012-01-15 06:59:42
533,356,bubba gump shrimp,1424753866,2015-02-24 04:57:46
533,356,lieutenant dan,1424753866,2015-02-24 04:57:46
533,356,stupid is as stupid does,1424753866,2015-02-24 04:57:46
537,527,based on a true story,1424142072,2015-02-17 03:01:12
537,527,biography,1424142112,2015-02-17 03:01:52
537,527,disturbing,1424142113,2015-02-17 03:01:53
537,527,holocaust,1424142110,2015-02-17 03:01:50
537,1625,mystery,1424141701,2015-02-17 02:55:01
537,1721,romance,1424141922,2015-02-17 02:58:42
537,2329,edward norton,1424141449,2015-02-17 02:50:49
537,2329,emotional,1424141459,2015-02-17 02:50:59
537,2329,politics,1424141461,2015-02-17 02:51:01
537,2571,philosophy,1424141098,2015-02-17 02:44:58
537,2571,post apocalyptic,1424141101,2015-02-17 02:45:01
537,3949,depressing,1424141547,2015-02-17 02:52:27
537,3949,psychology,1424141551,2015-02-17 02:52:31
537,5989,cheating,1424139697,2015-02-17 02:21:37
537,5989,intelligent,1424139627,2015-02-17 02:20:27
537,5989,leonardo dicaprio,1424139605,2015-02-17 02:20:05
537,5989,lies,1424139629,2015-02-17 02:20:29
537,5989,smart,1424139670,2015-02-17 02:21:10
537,5989,tom hanks,1424139608,2015-02-17 02:20:08
537,5989,twists & turns,1424139659,2015-02-17 02:20:59
537,8533,memory loss,1424141963,2015-02-17 02:59:23
537,8533,romance,1424141953,2015-02-17 02:59:13
537,8533,sad,1424141974,2015-02-17 02:59:34
537,55765,corruption,1424139519,2015-02-17 02:18:39
537,55765,denzel washington,1424139515,2015-02-17 02:18:35
537,55765,mafia,1424139559,2015-02-17 02:19:19
537,55765,organized crime,1424139529,2015-02-17 02:18:49
537,58295,heist,1424139043,2015-02-17 02:10:43
537,58295,robbery,1424139058,2015-02-17 02:10:58
537,58295,small time criminals,1424139056,2015-02-17 02:10:56
537,69122,casino,1424140307,2015-02-17 02:31:47
537,69122,comedy,1424140299,2015-02-17 02:31:39
537,69122,funny,1424140317,2015-02-17 02:31:57
537,69122,hotel,1424140308,2015-02-17 02:31:48
537,69122,las vegas,1424140298,2015-02-17 02:31:38
537,69481,war,1424144802,2015-02-17 03:46:42
537,72998,beautiful scenery,1424140229,2015-02-17 02:30:29
537,72998,graphic design,1424140242,2015-02-17 02:30:42
537,72998,music,1424140259,2015-02-17 02:30:59
537,72998,politics,1424140263,2015-02-17 02:31:03
537,72998,romance,1424140252,2015-02-17 02:30:52
537,72998,thought-provoking,1424140286,2015-02-17 02:31:26
537,72998,too long,1424140237,2015-02-17 02:30:37
537,72998,visually stunning,1424140233,2015-02-17 02:30:33
537,79132,big budget,1424140151,2015-02-17 02:29:11
537,79132,clever,1424140142,2015-02-17 02:29:02
537,79132,complicated,1424140133,2015-02-17 02:28:53
537,79132,dead wife,1424140200,2015-02-17 02:30:00
537,79132,great soundtrack,1424140118,2015-02-17 02:28:38
537,79132,heist,1424140154,2015-02-17 02:29:14
537,79132,intellectual,1424140159,2015-02-17 02:29:19
537,79132,mindfuck,1424140185,2015-02-17 02:29:45
537,79132,philosophy,1424140124,2015-02-17 02:28:44
537,79132,psychological,1424140165,2015-02-17 02:29:25
537,79132,psychology,1424140162,2015-02-17 02:29:22
537,79132,suspense,1424140144,2015-02-17 02:29:04
537,79132,thought-provoking,1424140130,2015-02-17 02:28:50
537,80489,crime,1424139483,2015-02-17 02:18:03
537,80489,fbi,1424139489,2015-02-17 02:18:09
537,80489,romance,1424139421,2015-02-17 02:17:01
537,80489,too much love interest,1424139454,2015-02-17 02:17:34
537,80906,business,1424461859,2015-02-20 19:50:59
537,80906,corruption,1424461848,2015-02-20 19:50:48
537,80906,economics,1424461852,2015-02-20 19:50:52
537,80906,investor corruption,1424461854,2015-02-20 19:50:54
537,80906,politics,1424461849,2015-02-20 19:50:49
537,80906,truth,1424461857,2015-02-20 19:50:57
537,89745,captain america,1424140576,2015-02-17 02:36:16
537,89745,silly,1424140613,2015-02-17 02:36:53
537,89745,superhero,1424140571,2015-02-17 02:36:11
537,89745,superhero team,1424140598,2015-02-17 02:36:38
537,90439,bank,1424141059,2015-02-17 02:44:19
537,90439,big corporations,1424138651,2015-02-17 02:04:11
537,90439,business,1424138635,2015-02-17 02:03:55
537,90439,corruption,1424138654,2015-02-17 02:04:14
537,90439,financial crisis,1424138667,2015-02-17 02:04:27
537,90439,kevin spacey,1424138645,2015-02-17 02:04:05
537,90439,realistic,1424138641,2015-02-17 02:04:01
537,90439,suspense,1424141005,2015-02-17 02:43:25
537,90439,wall street,1424141052,2015-02-17 02:44:12
537,92259,emotional,1424141413,2015-02-17 02:50:13
537,92259,sexuality,1424141386,2015-02-17 02:49:46
537,95067,interesting scenario,1424140932,2015-02-17 02:42:12
537,95441,crude humor,1424140358,2015-02-17 02:32:38
537,97304,cia,1424138568,2015-02-17 02:02:48
537,97304,politics,1424138581,2015-02-17 02:03:01
537,97304,thrilling,1424138560,2015-02-17 02:02:40
537,99114,soundtrack,1424140415,2015-02-17 02:33:35
537,104218,adam sandler,1424317302,2015-02-19 03:41:42
537,104841,cliche characters,1424140813,2015-02-17 02:40:13
537,104841,long shots,1424140806,2015-02-17 02:40:06
537,104841,predictable,1424140784,2015-02-17 02:39:44
537,104841,simple,1424140794,2015-02-17 02:39:54
537,104841,slow action,1424140827,2015-02-17 02:40:27
537,104841,visually appealing,1424140838,2015-02-17 02:40:38
537,105504,hostage,1424141178,2015-02-17 02:46:18
537,105504,ocean,1424141170,2015-02-17 02:46:10
537,105504,suspense,1424141149,2015-02-17 02:45:49
537,106782,stock market,1424142693,2015-02-17 03:11:33
537,106782,wall street,1424142688,2015-02-17 03:11:28
543,85565,comedy,1377022063,2013-08-20 18:07:43
567,1,fun,1525286013,2018-05-02 18:33:33
567,101,off-beat comedy,1525287216,2018-05-02 18:53:36
567,101,quirky,1525287214,2018-05-02 18:53:34
567,308,cynical,1525287798,2018-05-02 19:03:18
567,356,bittersweet,1525287545,2018-05-02 18:59:05
567,356,emotional,1525287537,2018-05-02 18:58:57
567,356,heartwarming,1525287541,2018-05-02 18:59:01
567,356,touching,1525287539,2018-05-02 18:58:59
567,541,atmospheric,1525286590,2018-05-02 18:43:10
567,541,dreamlike,1525286588,2018-05-02 18:43:08
567,541,existentialism,1525286583,2018-05-02 18:43:03
567,541,philosophical,1525286586,2018-05-02 18:43:06
567,750,black comedy,1525287727,2018-05-02 19:02:07
567,750,dark comedy,1525287724,2018-05-02 19:02:04
567,750,quirky,1525287729,2018-05-02 19:02:09
567,1203,claustrophobic,1525283652,2018-05-02 17:54:12
567,1203,confrontational,1525283610,2018-05-02 17:53:30
567,1203,earnest,1525283658,2018-05-02 17:54:18
567,1203,good dialogue,1525283605,2018-05-02 17:53:25
567,1203,great screenplay,1525283612,2018-05-02 17:53:32
567,1203,gritty,1525283636,2018-05-02 17:53:56
567,1203,motivational,1525283631,2018-05-02 17:53:51
567,1203,thought-provoking,1525283607,2018-05-02 17:53:27
567,1237,atmospheric,1525286526,2018-05-02 18:42:06
567,1237,cerebral,1525286536,2018-05-02 18:42:16
567,1237,existentialism,1525286523,2018-05-02 18:42:03
567,1237,philosophical,1525286544,2018-05-02 18:42:24
567,1237,reflective,1525286538,2018-05-02 18:42:18
567,1260,atmospheric,1525285649,2018-05-02 18:27:29
567,1260,chilly,1525285661,2018-05-02 18:27:41
567,1260,creepy,1525285667,2018-05-02 18:27:47
567,1260,menacing,1525285665,2018-05-02 18:27:45
567,1260,mental illness,1525285654,2018-05-02 18:27:34
567,1260,oninous,1525285670,2018-05-02 18:27:50
567,1653,intelligent,1525287116,2018-05-02 18:51:56
567,1653,thought-provoking,1525287118,2018-05-02 18:51:58
567,1704,heartwarming,1525287326,2018-05-02 18:55:26
567,1704,inspirational,1525287323,2018-05-02 18:55:23
567,1916,avant-garde romantic comedy,1525282933,2018-05-02 17:42:13
567,1916,elegiac,1525282961,2018-05-02 17:42:41
567,1916,melancholy,1525282935,2018-05-02 17:42:15
567,1916,quirky,1525282930,2018-05-02 17:42:10
567,1916,wry,1525282972,2018-05-02 17:42:52
567,1921,artsy,1525287302,2018-05-02 18:55:02
567,1921,atmospheric,1525287273,2018-05-02 18:54:33
567,1921,cerebral,1525287286,2018-05-02 18:54:46
567,1921,enigmatic,1525287289,2018-05-02 18:54:49
567,1921,existentialism,1525287275,2018-05-02 18:54:35
567,1921,hallucinatory,1525287271,2018-05-02 18:54:31
567,1921,insanity,1525287293,2018-05-02 18:54:53
567,1921,paranoia,1525287295,2018-05-02 18:54:55
567,1921,paranoid,1525287277,2018-05-02 18:54:37
567,1921,surreal,1525287281,2018-05-02 18:54:41
567,1921,tense,1525287285,2018-05-02 18:54:45
567,1921,visually appealing,1525287283,2018-05-02 18:54:43
567,2138,atmospheric,1525283760,2018-05-02 17:56:00
567,2138,beautiful,1525283752,2018-05-02 17:55:52
567,2324,bittersweet,1525285789,2018-05-02 18:29:49
567,2324,emotional,1525285791,2018-05-02 18:29:51
567,2324,heartwarming,1525285795,2018-05-02 18:29:55
567,2324,poignant,1525285800,2018-05-02 18:30:00
567,2324,sentimental,1525285793,2018-05-02 18:29:53
567,2324,tear jerker,1525285797,2018-05-02 18:29:57
567,2324,tearjerking,1525285787,2018-05-02 18:29:47
567,2731,emotional,1525285761,2018-05-02 18:29:21
567,2731,gentle,1525285768,2018-05-02 18:29:28
567,2731,heartwarming,1525285770,2018-05-02 18:29:30
567,2731,lyrical,1525285763,2018-05-02 18:29:23
567,2731,reflective,1525285753,2018-05-02 18:29:13
567,3134,downbeat,1525287634,2018-05-02 19:00:34
567,3134,poignant,1525287636,2018-05-02 19:00:36
567,3266,black comedy,1525283004,2018-05-02 17:43:24
567,3266,crazy,1525283002,2018-05-02 17:43:22
567,3266,dark,1525282999,2018-05-02 17:43:19
567,3266,dark comedy,1525282995,2018-05-02 17:43:15
567,3266,dark humor,1525283008,2018-05-02 17:43:28
567,3266,serial killer,1525283012,2018-05-02 17:43:32
567,3424,great cinematography,1525284096,2018-05-02 18:01:36
567,3671,dark humor,1525283215,2018-05-02 17:46:55
567,3671,easygoing,1525283227,2018-05-02 17:47:07
567,3671,silly,1525283225,2018-05-02 17:47:05
567,3676,art house,1525282858,2018-05-02 17:40:58
567,3676,atmospheric,1525282843,2018-05-02 17:40:43
567,3676,creepy,1525282842,2018-05-02 17:40:42
567,3676,cryptic,1525282831,2018-05-02 17:40:31
567,3676,dark,1525282860,2018-05-02 17:41:00
567,3676,disturbing,1525282840,2018-05-02 17:40:40
567,3676,dreamlike,1525282845,2018-05-02 17:40:45
567,3676,enigmatic,1525282838,2018-05-02 17:40:38
567,3676,fucked up,1525282866,2018-05-02 17:41:06
567,3676,gruesome,1525282863,2018-05-02 17:41:03
567,3676,hallucinatory,1525282848,2018-05-02 17:40:48
567,3676,insane,1525282856,2018-05-02 17:40:56
567,3676,paranoid,1525282868,2018-05-02 17:41:08
567,3676,strange,1525282854,2018-05-02 17:40:54
567,3676,surreal,1525282828,2018-05-02 17:40:28
567,3676,weird,1525282851,2018-05-02 17:40:51
567,3994,atmospheric,1525285498,2018-05-02 18:24:58
567,3994,somber,1525285503,2018-05-02 18:25:03
567,4144,atmospheric,1525283524,2018-05-02 17:52:04
567,4144,beautiful,1525283566,2018-05-02 17:52:46
567,4144,bittersweet,1525283563,2018-05-02 17:52:43
567,4144,dreamy,1525283557,2018-05-02 17:52:37
567,4144,elegant,1525283529,2018-05-02 17:52:09
567,4144,heartbreaking,1525283540,2018-05-02 17:52:20
567,4144,intimate,1525283535,2018-05-02 17:52:15
567,4144,loneliness,1525283527,2018-05-02 17:52:07
567,4144,long takes,1525283572,2018-05-02 17:52:52
567,4144,longing,1525283542,2018-05-02 17:52:22
567,4144,melancholic,1525283526,2018-05-02 17:52:06
567,4144,melancholy,1525283531,2018-05-02 17:52:11
567,4144,moody,1525283533,2018-05-02 17:52:13
567,4144,nocturnal,1525283537,2018-05-02 17:52:17
567,4144,romantic,1525283568,2018-05-02 17:52:48
567,4144,unique,1525283560,2018-05-02 17:52:40
567,4144,visually appealing,1525283544,2018-05-02 17:52:24
567,4144,visually stunning,1525283550,2018-05-02 17:52:30
567,4226,cerebral,1525282541,2018-05-02 17:35:41
567,4226,dreamlike,1525282545,2018-05-02 17:35:45
567,4552,"""artsy""",1525285878,2018-05-02 18:31:18
567,4552,atmospheric,1525285874,2018-05-02 18:31:14
567,4552,gritty,1525285880,2018-05-02 18:31:20
567,4552,hallucinatory,1525285875,2018-05-02 18:31:15
567,4552,surreal,1525285865,2018-05-02 18:31:05
567,4552,visually stunning,1525285872,2018-05-02 18:31:12
567,4878,atmospheric,1525282581,2018-05-02 17:36:21
567,4878,cerebral,1525282593,2018-05-02 17:36:33
567,4878,dreamlike,1525282577,2018-05-02 17:36:17
567,4878,enigmatic,1525282598,2018-05-02 17:36:38
567,4878,hallucinatory,1525282590,2018-05-02 17:36:30
567,4878,mental illness,1525282579,2018-05-02 17:36:19
567,4878,mindfuck,1525282602,2018-05-02 17:36:42
567,4878,philosophy,1525282583,2018-05-02 17:36:23
567,4878,psychological,1525282595,2018-05-02 17:36:35
567,4878,quirky,1525282588,2018-05-02 17:36:28
567,4878,surreal,1525282571,2018-05-02 17:36:11
567,4878,thought-provoking,1525282573,2018-05-02 17:36:13
567,4878,weird,1525282585,2018-05-02 17:36:25
567,5673,anger,1525282648,2018-05-02 17:37:28
567,5673,awkward,1525282635,2018-05-02 17:37:15
567,5673,bittersweet,1525282627,2018-05-02 17:37:07
567,5673,hallucinatory,1525282650,2018-05-02 17:37:30
567,5673,quirky,1525282629,2018-05-02 17:37:09
567,5673,sad,1525282646,2018-05-02 17:37:26
567,5673,surreal,1525282654,2018-05-02 17:37:34
567,5673,symbolism,1525282652,2018-05-02 17:37:32
567,5673,tense,1525282631,2018-05-02 17:37:11
567,5673,unconventional,1525282616,2018-05-02 17:36:56
567,5673,unique,1525282637,2018-05-02 17:37:17
567,5673,wistful,1525282643,2018-05-02 17:37:23
567,5690,beautiful,1525283799,2018-05-02 17:56:39
567,5690,downbeat,1525283801,2018-05-02 17:56:41
567,5690,grim,1525283797,2018-05-02 17:56:37
567,5690,poignant,1525283788,2018-05-02 17:56:28
567,5690,tear jerker,1525283804,2018-05-02 17:56:44
567,5690,tragedy,1525283795,2018-05-02 17:56:35
567,5690,tragic,1525283809,2018-05-02 17:56:49
567,6214,dark,1525283391,2018-05-02 17:49:51
567,6214,disturbing,1525283383,2018-05-02 17:49:43
567,6291,depressing,1525287038,2018-05-02 18:50:38
567,6291,melancholy,1525287040,2018-05-02 18:50:40
567,6291,sad,1525287050,2018-05-02 18:50:50
567,6377,heartwarming,1525286742,2018-05-02 18:45:42
567,6669,meditative,1525286218,2018-05-02 18:36:58
567,6669,philosophical,1525286214,2018-05-02 18:36:54
567,6669,poignant,1525286220,2018-05-02 18:37:00
567,6669,purposefulness,1525286216,2018-05-02 18:36:56
567,6818,atmospheric,1525282332,2018-05-02 17:32:12
567,6818,bleak,1525282333,2018-05-02 17:32:13
567,6818,disturbing,1525282337,2018-05-02 17:32:17
567,6818,gritty,1525282340,2018-05-02 17:32:20
567,6818,harsh,1525282335,2018-05-02 17:32:15
567,7024,bleak,1525283990,2018-05-02 17:59:50
567,7024,confrontational,1525284016,2018-05-02 18:00:16
567,7024,disturbing,1525283975,2018-05-02 17:59:35
567,7024,harsh,1525283987,2018-05-02 17:59:47
567,7024,haunting,1525284009,2018-05-02 18:00:09
567,7024,inhumane,1525284013,2018-05-02 18:00:13
567,7024,thought-provoking,1525283979,2018-05-02 17:59:39
567,7361,arthouse,1525282744,2018-05-02 17:39:04
567,7361,artistic,1525282751,2018-05-02 17:39:11
567,7361,atmospheric,1525282731,2018-05-02 17:38:51
567,7361,beautiful,1525282670,2018-05-02 17:37:50
567,7361,bittersweet,1525282677,2018-05-02 17:37:57
567,7361,colourful,1525282696,2018-05-02 17:38:16
567,7361,comedy,1525282701,2018-05-02 17:38:21
567,7361,dreamlike,1525282681,2018-05-02 17:38:01
567,7361,emotional,1525282667,2018-05-02 17:37:47
567,7361,feel-good,1525282786,2018-05-02 17:39:46
567,7361,happpiness,1525282735,2018-05-02 17:38:55
567,7361,humane,1525282811,2018-05-02 17:40:11
567,7361,insightful,1525282724,2018-05-02 17:38:44
567,7361,intelligent,1525282746,2018-05-02 17:39:06
567,7361,lovely,1525282737,2018-05-02 17:38:57
567,7361,melancholy,1525282692,2018-05-02 17:38:12
567,7361,mind-bending,1525282728,2018-05-02 17:38:48
567,7361,philosophy,1525282673,2018-05-02 17:37:53
567,7361,quirky,1525282687,2018-05-02 17:38:07
567,7361,quirky romantic,1525282715,2018-05-02 17:38:35
567,7361,romantic,1525282694,2018-05-02 17:38:14
567,7361,surreal,1525282704,2018-05-02 17:38:24
567,7361,surrealism,1525282683,2018-05-02 17:38:03
567,7361,thought-provoking,1525282689,2018-05-02 17:38:09
567,8335,heartbreaking,1525285746,2018-05-02 18:29:06
567,8477,post-apocalyptic,1525282477,2018-05-02 17:34:37
567,25771,mindfuck,1525282469,2018-05-02 17:34:29
567,25771,surreal,1525282464,2018-05-02 17:34:24
567,25771,surrealism,1525282466,2018-05-02 17:34:26
567,26717,boring,1525285892,2018-05-02 18:31:32
567,26717,psychedelic,1525285894,2018-05-02 18:31:34
567,26717,symbolic,1525285896,2018-05-02 18:31:36
567,27773,bizarre,1525283311,2018-05-02 17:48:31
567,27773,claustrophobic,1525283317,2018-05-02 17:48:37
567,27773,depressing,1525283303,2018-05-02 17:48:23
567,27773,disturbing,1525283306,2018-05-02 17:48:26
567,27773,hallucinatory,1525283304,2018-05-02 17:48:24
567,27773,paranoid,1525283318,2018-05-02 17:48:38
567,27773,surreal,1525283313,2018-05-02 17:48:33
567,27773,twisted,1525283339,2018-05-02 17:48:59
567,30810,heartwarming,1525284057,2018-05-02 18:00:57
567,30810,off-beat comedy,1525284048,2018-05-02 18:00:48
567,30810,quirky,1525284031,2018-05-02 18:00:31
567,30810,trippy,1525284067,2018-05-02 18:01:07
567,30810,visually appealing,1525284041,2018-05-02 18:00:41
567,30810,whimsical,1525284034,2018-05-02 18:00:34
567,40491,depression,1525282384,2018-05-02 17:33:04
567,45880,cinematography,1525287347,2018-05-02 18:55:47
567,45880,lyrical,1525287351,2018-05-02 18:55:51
567,48394,atmospheric,1525286824,2018-05-02 18:47:04
567,48394,bittersweet,1525286830,2018-05-02 18:47:10
567,48394,visually appealing,1525286827,2018-05-02 18:47:07
567,48780,atmospheric,1525286470,2018-05-02 18:41:10
567,48780,enigmatic,1525286468,2018-05-02 18:41:08
567,50872,clever,1525283885,2018-05-02 17:58:05
567,50872,inspirational,1525283888,2018-05-02 17:58:08
567,56782,atmospheric,1525283248,2018-05-02 17:47:28
567,56782,cerebral,1525283239,2018-05-02 17:47:19
567,56782,character study,1525283288,2018-05-02 17:48:08
567,56782,gritty,1525283242,2018-05-02 17:47:22
567,56782,intense,1525283245,2018-05-02 17:47:25
567,56782,long shots,1525283253,2018-05-02 17:47:33
567,56782,morality,1525283268,2018-05-02 17:47:48
567,56782,visually appealing,1525283236,2018-05-02 17:47:16
567,57502,abstract,1525285566,2018-05-02 18:26:06
567,57502,dark,1525285567,2018-05-02 18:26:07
567,57502,psychedelic,1525285561,2018-05-02 18:26:01
567,57502,surreal,1525285558,2018-05-02 18:25:58
567,58301,dark,1525283356,2018-05-02 17:49:16
567,58301,dark humor,1525283360,2018-05-02 17:49:20
567,58301,intelligent,1525283358,2018-05-02 17:49:18
567,58301,thought-provoking,1525283367,2018-05-02 17:49:27
567,58559,dark,1525285594,2018-05-02 18:26:34
567,58559,gritty,1525285601,2018-05-02 18:26:41
567,63062,emotional,1525286194,2018-05-02 18:36:34
567,68954,bittersweet,1525286758,2018-05-02 18:45:58
567,68954,emotional,1525286759,2018-05-02 18:45:59
567,68954,heartbreaking,1525286755,2018-05-02 18:45:55
567,68954,touching,1525286762,2018-05-02 18:46:02
567,71899,bittersweet,1525283044,2018-05-02 17:44:04
567,71899,black comedy,1525283050,2018-05-02 17:44:10
567,71899,character study,1525283036,2018-05-02 17:43:56
567,71899,dark comedy,1525283033,2018-05-02 17:43:53
567,71899,friendship,1525283029,2018-05-02 17:43:49
567,71899,loneliness,1525283039,2018-05-02 17:43:59
567,71899,mental illness,1525283031,2018-05-02 17:43:51
567,71899,philosophical,1525283034,2018-05-02 17:43:54
567,71899,poignant,1525283043,2018-05-02 17:44:03
567,71899,quirky,1525283048,2018-05-02 17:44:08
567,71899,sad,1525283041,2018-05-02 17:44:01
567,71899,sweet,1525283052,2018-05-02 17:44:12
567,71899,touching,1525283027,2018-05-02 17:43:47
567,74791,surreal,1525286112,2018-05-02 18:35:12
567,74791,whimsical,1525286110,2018-05-02 18:35:10
567,79132,cerebral,1525287390,2018-05-02 18:56:30
567,79132,dreamlike,1525287383,2018-05-02 18:56:23
567,79132,philosophy,1525287385,2018-05-02 18:56:25
567,79132,thought-provoking,1525287380,2018-05-02 18:56:20
567,80463,good dialogue,1525286347,2018-05-02 18:39:07
567,80463,loneliness,1525286325,2018-05-02 18:38:45
567,80463,witty,1525286317,2018-05-02 18:38:37
567,89745,fun,1525285537,2018-05-02 18:25:37
567,89745,great humor,1525285534,2018-05-02 18:25:34
567,89745,visually appealing,1525285532,2018-05-02 18:25:32
567,94959,quirky,1525286360,2018-05-02 18:39:20
567,95558,beautiful,1525287504,2018-05-02 18:58:24
567,95558,emotional,1525287499,2018-05-02 18:58:19
567,95558,poetic,1525287506,2018-05-02 18:58:26
567,96079,beautiful cinematography,1525287362,2018-05-02 18:56:02
567,96079,beautifully filmed,1525287364,2018-05-02 18:56:04
567,96079,cinematography,1525287366,2018-05-02 18:56:06
567,99764,moving,1525282453,2018-05-02 17:34:13
567,99764,philosopical,1525282451,2018-05-02 17:34:11
567,99764,surreal,1525282456,2018-05-02 17:34:16
567,99764,weird,1525282455,2018-05-02 17:34:15
567,99917,artistic,1525286643,2018-05-02 18:44:03
567,99917,artsy,1525286654,2018-05-02 18:44:14
567,99917,atmospheric,1525286652,2018-05-02 18:44:12
567,99917,beautiful,1525286645,2018-05-02 18:44:05
567,99917,dreamlike,1525286649,2018-05-02 18:44:09
567,99917,existentialism,1525286647,2018-05-02 18:44:07
567,104875,quirky,1525285913,2018-05-02 18:31:53
567,104944,emotional,1525285982,2018-05-02 18:33:02
567,104944,feel-good,1525285975,2018-05-02 18:32:55
567,104944,heartwarming,1525285984,2018-05-02 18:33:04
567,104944,mental illness,1525285990,2018-05-02 18:33:10
567,104944,touching,1525285973,2018-05-02 18:32:53
567,105504,suspense,1525286930,2018-05-02 18:48:50
567,105504,tense,1525286932,2018-05-02 18:48:52
567,106766,atmospheric,1525283920,2018-05-02 17:58:40
567,106766,cinematography,1525283924,2018-05-02 17:58:44
567,106766,depressing,1525283919,2018-05-02 17:58:39
567,106766,funny,1525283917,2018-05-02 17:58:37
567,107406,fatalistic,1525286785,2018-05-02 18:46:25
567,108932,cheeky,1525283702,2018-05-02 17:55:02
567,108932,clever,1525283675,2018-05-02 17:54:35
567,108932,colorful,1525283676,2018-05-02 17:54:36
567,108932,feel-good,1525283700,2018-05-02 17:55:00
567,108932,fun,1525283672,2018-05-02 17:54:32
567,108932,imaginative,1525283681,2018-05-02 17:54:41
567,108932,quirky,1525283678,2018-05-02 17:54:38
567,109487,bad dialogue,1525287562,2018-05-02 18:59:22
567,109487,philosophical issues,1525287571,2018-05-02 18:59:31
567,109487,thought-provoking,1525287567,2018-05-02 18:59:27
567,109487,visually appealing,1525287559,2018-05-02 18:59:19
567,112421,adorable,1525283433,2018-05-02 17:50:33
567,112421,black comedy,1525283421,2018-05-02 17:50:21
567,112421,eccentric,1525283427,2018-05-02 17:50:27
567,112421,introspection,1525283425,2018-05-02 17:50:25
567,112421,mental illness,1525283417,2018-05-02 17:50:17
567,112421,quirky,1525283419,2018-05-02 17:50:19
567,112552,inspirational,1525286276,2018-05-02 18:37:56
567,112552,inspiring,1525286278,2018-05-02 18:37:58
567,112552,intense,1525286274,2018-05-02 18:37:54
567,112852,funny,1525285382,2018-05-02 18:23:02
567,112852,great visuals,1525285333,2018-05-02 18:22:13
567,112852,humorous,1525285336,2018-05-02 18:22:16
567,112852,unlikely hero,1525285378,2018-05-02 18:22:58
567,113705,bittersweet,1525286093,2018-05-02 18:34:53
567,114627,atmospheric,1525286623,2018-05-02 18:43:43
567,114627,bizzare,1525286627,2018-05-02 18:43:47
567,114627,eerie,1525286621,2018-05-02 18:43:41
567,114627,symbolism,1525286619,2018-05-02 18:43:39
567,116797,inspirational,1525286868,2018-05-02 18:47:48
567,116797,intelligent,1525286865,2018-05-02 18:47:45
567,117877,philosophical,1525287615,2018-05-02 19:00:15
567,117877,trippy,1525287611,2018-05-02 19:00:11
567,117887,heartwarming,1525285938,2018-05-02 18:32:18
567,119145,slick,1525286728,2018-05-02 18:45:28
567,122882,beautiful,1525283844,2018-05-02 17:57:24
567,122882,cinematography,1525283853,2018-05-02 17:57:33
567,122882,visually appealing,1525283836,2018-05-02 17:57:16
567,122912,dark,1525282411,2018-05-02 17:33:31
567,122912,emotional,1525282392,2018-05-02 17:33:12
567,122912,sad,1525282400,2018-05-02 17:33:20
567,122912,visually appealing,1525282405,2018-05-02 17:33:25
567,122912,visually stunning,1525282403,2018-05-02 17:33:23
567,122916,awesome,1525285267,2018-05-02 18:21:07
567,122916,humor,1525285285,2018-05-02 18:21:25
567,122916,quirky,1525285291,2018-05-02 18:21:31
567,122916,unconventional,1525285265,2018-05-02 18:21:05
567,122916,white guilt,1525285281,2018-05-02 18:21:21
567,122918,fun,1525286132,2018-05-02 18:35:32
567,122922,visually appealing,1525287157,2018-05-02 18:52:37
567,127298,depressing,1525286249,2018-05-02 18:37:29
567,127298,understated,1525286256,2018-05-02 18:37:36
567,134130,smart,1525287677,2018-05-02 19:01:17
567,134170,funny,1525283492,2018-05-02 17:51:32
567,134170,ridiculous,1525283483,2018-05-02 17:51:23
567,134170,silly,1525283502,2018-05-02 17:51:42
567,138036,slick,1525287196,2018-05-02 18:53:16
567,138036,stylish,1525287190,2018-05-02 18:53:10
567,139385,cinematography,1525287409,2018-05-02 18:56:49
567,139385,visually appealing,1525287413,2018-05-02 18:56:53
567,139385,visually striking,1525287426,2018-05-02 18:57:06
567,139644,atmospheric,1525286568,2018-05-02 18:42:48
567,139644,tension,1525286565,2018-05-02 18:42:45
567,140174,moving,1525287480,2018-05-02 18:58:00
567,140174,touching,1525287482,2018-05-02 18:58:02
567,141890,moving,1525286977,2018-05-02 18:49:37
567,143367,contemplative,1525283159,2018-05-02 17:45:59
567,143367,philosophical,1525283157,2018-05-02 17:45:57
567,143367,thought-provoking,1525283155,2018-05-02 17:45:55
567,143367,tragic,1525283168,2018-05-02 17:46:08
567,148626,funny,1525287708,2018-05-02 19:01:48
567,148626,interesting,1525287704,2018-05-02 19:01:44
567,148626,witty,1525287702,2018-05-02 19:01:42
567,148881,existential,1525282419,2018-05-02 17:33:39
567,148881,surreal,1525282422,2018-05-02 17:33:42
567,152077,creepy,1525287447,2018-05-02 18:57:27
567,152077,suspense,1525287443,2018-05-02 18:57:23
567,153070,nightmare,1525282902,2018-05-02 17:41:42
567,155288,suspense,1525286165,2018-05-02 18:36:05
567,155288,thought-provoking,1525286163,2018-05-02 18:36:03
567,156605,quirky,1525283453,2018-05-02 17:50:53
567,156605,sweet,1525283455,2018-05-02 17:50:55
567,156605,understated,1525283456,2018-05-02 17:50:56
567,161634,intense,1525287241,2018-05-02 18:54:01
567,164179,beautiful visuals,1525285690,2018-05-02 18:28:10
567,164179,cerebral,1525285686,2018-05-02 18:28:06
567,164179,cinematography,1525285696,2018-05-02 18:28:16
567,164179,good cinematography,1525285706,2018-05-02 18:28:26
567,164179,smart,1525285699,2018-05-02 18:28:19
567,164179,thought-provoking,1525285688,2018-05-02 18:28:08
567,164179,visually appealing,1525285693,2018-05-02 18:28:13
567,164909,bittersweet,1525287656,2018-05-02 19:00:56
567,164909,visually appealing,1525287658,2018-05-02 19:00:58
567,167746,funny,1525285825,2018-05-02 18:30:25
567,167746,heartwarming,1525285833,2018-05-02 18:30:33
567,168252,dark,1525283942,2018-05-02 17:59:02
567,168252,emotional,1525283946,2018-05-02 17:59:06
567,168252,gritty,1525283940,2018-05-02 17:59:00
567,168252,heartbreaking,1525283948,2018-05-02 17:59:08
567,168252,predictible plot,1525283957,2018-05-02 17:59:17
567,170945,paranoia,1525286504,2018-05-02 18:41:44
567,170945,suspenseful,1525286501,2018-05-02 18:41:41
567,174055,brilliant,1525285239,2018-05-02 18:20:39
567,174055,inspiring,1525285236,2018-05-02 18:20:36
567,174055,tense,1525285229,2018-05-02 18:20:29
567,176371,atmospheric,1525283076,2018-05-02 17:44:36
567,176371,beautiful,1525283078,2018-05-02 17:44:38
567,176371,cinematography,1525283075,2018-05-02 17:44:35
567,176371,dark,1525283093,2018-05-02 17:44:53
567,176371,dreamlike,1525283084,2018-05-02 17:44:44
567,176371,existentialism,1525283080,2018-05-02 17:44:40
567,176371,moody,1525283086,2018-05-02 17:44:46
567,176371,philosophical,1525283089,2018-05-02 17:44:49
567,176419,allegorical,1525287584,2018-05-02 18:59:44
567,176419,uncomfortable,1525287588,2018-05-02 18:59:48
567,176419,unsettling,1525287586,2018-05-02 18:59:46
567,180031,atmospheric,1525284150,2018-05-02 18:02:30
567,180031,dreamlike,1525284163,2018-05-02 18:02:43
567,180985,bad music,1525285320,2018-05-02 18:22:00
573,248,bad,1186589145,2007-08-08 16:05:45
573,248,sinbad,1186589145,2007-08-08 16:05:45
573,413,comedy,1186588856,2007-08-08 16:00:56
573,540,bad,1186588897,2007-08-08 16:01:37
573,707,bad,1186588902,2007-08-08 16:01:42
573,836,seen at the cinema,1186588944,2007-08-08 16:02:24
573,1441,not seen,1186588856,2007-08-08 16:00:56
573,1779,good,1186588894,2007-08-08 16:01:34
573,1801,seen more than once,1186588917,2007-08-08 16:01:57
573,2116,classic,1186588944,2007-08-08 16:02:24
573,2431,bad,1186588902,2007-08-08 16:01:42
573,2662,classic,1186588962,2007-08-08 16:02:42
573,2951,bad,1186588901,2007-08-08 16:01:41
573,4015,bad,1186589039,2007-08-08 16:03:59
573,4343,really bad,1186589079,2007-08-08 16:04:39
573,4343,seann william scott,1186589079,2007-08-08 16:04:39
573,4446,sci-fi,1186588886,2007-08-08 16:01:26
573,4448,boring,1186589048,2007-08-08 16:04:08
573,5064,remake,1186589036,2007-08-08 16:03:56
573,5254,great movie,1186589125,2007-08-08 16:05:25
573,5254,wesley snipes,1186589125,2007-08-08 16:05:25
573,6016,not seen,1186588853,2007-08-08 16:00:53
573,6157,bad,1186589133,2007-08-08 16:05:33
573,6157,ben affleck,1186589133,2007-08-08 16:05:33
573,6373,classic,1186588855,2007-08-08 16:00:55
573,35836,best picture,1186589105,2007-08-08 16:05:05
573,35836,classic,1186589105,2007-08-08 16:05:05
573,35836,hilarious,1186589105,2007-08-08 16:05:05
573,35836,steve carell,1186589105,2007-08-08 16:05:05
573,52712,horrible acting,1186722048,2007-08-10 05:00:48
573,52712,interesting,1186722060,2007-08-10 05:01:00
599,293,action,1498456142,2017-06-26 05:49:02
599,293,assassin,1498456106,2017-06-26 05:48:26
599,293,assassination,1498456192,2017-06-26 05:49:52
599,293,assassins,1498456184,2017-06-26 05:49:44
599,293,awkward romance,1498456167,2017-06-26 05:49:27
599,293,corruption,1498456155,2017-06-26 05:49:15
599,293,crime,1498456141,2017-06-26 05:49:01
599,293,disturbing,1498456144,2017-06-26 05:49:04
599,293,drama,1498456149,2017-06-26 05:49:09
599,293,french,1498456150,2017-06-26 05:49:10
599,293,friendship,1498456139,2017-06-26 05:48:59
599,293,gary oldman,1498456130,2017-06-26 05:48:50
599,293,great acting,1498456128,2017-06-26 05:48:48
599,293,guns,1498456179,2017-06-26 05:49:39
599,293,hit men,1498456165,2017-06-26 05:49:25
599,293,hitman,1498456113,2017-06-26 05:48:33
599,293,humorous,1498456177,2017-06-26 05:49:37
599,293,imdb top 250,1498456175,2017-06-26 05:49:35
599,293,jean reno,1498456121,2017-06-26 05:48:41
599,293,lolita theme,1498456188,2017-06-26 05:49:48
599,293,loneliness,1498456186,2017-06-26 05:49:46
599,293,love story,1498456132,2017-06-26 05:48:52
599,293,luc besson,1498456137,2017-06-26 05:48:57
599,293,natalie portman,1498456126,2017-06-26 05:48:46
599,293,organized crime,1498456152,2017-06-26 05:49:12
599,293,police,1498456181,2017-06-26 05:49:41
599,293,police corruption,1498456159,2017-06-26 05:49:19
599,293,quirky,1498456135,2017-06-26 05:48:55
599,293,sniper,1498456182,2017-06-26 05:49:42
599,293,tense,1498456190,2017-06-26 05:49:50
599,293,touching,1498456147,2017-06-26 05:49:07
599,293,unique,1498456157,2017-06-26 05:49:17
599,296,1990s,1498456537,2017-06-26 05:55:37
599,296,achronological,1498456475,2017-06-26 05:54:35
599,296,action,1498456356,2017-06-26 05:52:36
599,296,action packed,1498456535,2017-06-26 05:55:35
599,296,aggressive,1498456533,2017-06-26 05:55:33
599,296,amazing,1498456678,2017-06-26 05:57:58
599,296,amazing dialogues,1498456473,2017-06-26 05:54:33
599,296,anthology,1498456531,2017-06-26 05:55:31
599,296,assassin,1498456382,2017-06-26 05:53:02
599,296,atmospheric,1498456376,2017-06-26 05:52:56
599,296,awesome,1498456559,2017-06-26 05:55:59
599,296,bad ass,1498456471,2017-06-26 05:54:31
599,296,bad language,1498456469,2017-06-26 05:54:29
599,296,bad-ass,1498456676,2017-06-26 05:57:56
599,296,bible,1498456675,2017-06-26 05:57:55
599,296,biblical references,1498456529,2017-06-26 05:55:29
599,296,big boys with guns,1498456673,2017-06-26 05:57:53
599,296,big name actors,1498456671,2017-06-26 05:57:51
599,296,black comedy,1498456350,2017-06-26 05:52:30
599,296,black humor,1498456481,2017-06-26 05:54:41
599,296,black humour,1498456670,2017-06-26 05:57:50
599,296,blood,1498456448,2017-06-26 05:54:08
599,296,blood splatters,1498456467,2017-06-26 05:54:27
599,296,bloody,1498456431,2017-06-26 05:53:51
599,296,bruce willis,1498456352,2017-06-26 05:52:32
599,296,brutality,1498456543,2017-06-26 05:55:43
599,296,casual violence,1498456669,2017-06-26 05:57:49
599,296,character development,1498456527,2017-06-26 05:55:27
599,296,characters,1498456466,2017-06-26 05:54:26
599,296,classic,1498456360,2017-06-26 05:52:40
599,296,classic movie,1498456667,2017-06-26 05:57:47
599,296,coke,1498456666,2017-06-26 05:57:46
599,296,comedy,1498456378,2017-06-26 05:52:58
599,296,conversation,1498456524,2017-06-26 05:55:24
599,296,cool,1498456405,2017-06-26 05:53:25
599,296,cool style,1498456664,2017-06-26 05:57:44
599,296,crime,1498456353,2017-06-26 05:52:33
599,296,crime scene scrubbing,1498456663,2017-06-26 05:57:43
599,296,cult,1498456391,2017-06-26 05:53:11
599,296,cult classic,1498456522,2017-06-26 05:55:22
599,296,cult film,1498456345,2017-06-26 05:52:25
599,296,dance,1498456661,2017-06-26 05:57:41
599,296,dancing,1498456464,2017-06-26 05:54:24
599,296,dark,1498456404,2017-06-26 05:53:24
599,296,dark comedy,1498456339,2017-06-26 05:52:19
599,296,dark humor,1498456385,2017-06-26 05:53:05
599,296,dialogue,1498456395,2017-06-26 05:53:15
599,296,different,1498456660,2017-06-26 05:57:40
599,296,diner,1498456658,2017-06-26 05:57:38
599,296,disjointed timeline,1498456444,2017-06-26 05:54:04
599,296,disturbing,1498456521,2017-06-26 05:55:21
599,296,drama,1498456561,2017-06-26 05:56:01
599,296,drug overdose,1498456656,2017-06-26 05:57:36
599,296,drugs,1498456348,2017-06-26 05:52:28
599,296,drugs & music,1498456655,2017-06-26 05:57:35
599,296,ensemble cast,1498456419,2017-06-26 05:53:39
599,296,entertaining,1498456519,2017-06-26 05:55:19
599,296,entirely dialogue,1498456429,2017-06-26 05:53:49
599,296,episodic,1498456517,2017-06-26 05:55:17
599,296,exciting,1498456427,2017-06-26 05:53:47
599,296,fast paced,1498456436,2017-06-26 05:53:56
599,296,fast-paced,1498456515,2017-06-26 05:55:15
599,296,film noir,1498456653,2017-06-26 05:57:33
599,296,film-noir,1498456622,2017-06-26 05:57:02
599,296,foul language,1498456686,2017-06-26 05:58:06
599,296,fun,1498456421,2017-06-26 05:53:41
599,296,funny,1498456383,2017-06-26 05:53:03
599,296,gangster,1498456389,2017-06-26 05:53:09
599,296,gangsters,1498456406,2017-06-26 05:53:26
599,296,genius,1498456589,2017-06-26 05:56:29
599,296,golden watch,1498456513,2017-06-26 05:55:13
599,296,good dialogue,1498456372,2017-06-26 05:52:52
599,296,good music,1498456396,2017-06-26 05:53:16
599,296,gore,1498456511,2017-06-26 05:55:11
599,296,great acting,1498456509,2017-06-26 05:55:09
599,296,great dialogue,1498456402,2017-06-26 05:53:22
599,296,great soundtrack,1498456380,2017-06-26 05:53:00
599,296,gritty,1498456426,2017-06-26 05:53:46
599,296,guns,1498456450,2017-06-26 05:54:10
599,296,harvey keitel,1498456684,2017-06-26 05:58:04
599,296,heroin,1498456483,2017-06-26 05:54:43
599,296,highly quotable,1498456400,2017-06-26 05:53:20
599,296,hit men,1498456412,2017-06-26 05:53:32
599,296,hitman,1498456505,2017-06-26 05:55:05
599,296,homosexuality,1498456562,2017-06-26 05:56:02
599,296,humour,1498456564,2017-06-26 05:56:04
599,296,iconic,1498456488,2017-06-26 05:54:48
599,296,imdb top 250,1498456388,2017-06-26 05:53:08
599,296,innovative,1498456490,2017-06-26 05:54:50
599,296,intellectual,1498456565,2017-06-26 05:56:05
599,296,intelligent,1498456462,2017-06-26 05:54:22
599,296,intense,1498456411,2017-06-26 05:53:31
599,296,interesting,1498456541,2017-06-26 05:55:41
599,296,intertwining storylines,1498456460,2017-06-26 05:54:20
599,296,interwoven storylines,1498456567,2017-06-26 05:56:07
599,296,ironic,1498456491,2017-06-26 05:54:51
599,296,irony,1498456458,2017-06-26 05:54:18
599,296,john travolta,1498456374,2017-06-26 05:52:54
599,296,killer-as-protagonist,1498456494,2017-06-26 05:54:54
599,296,los angeles,1498456569,2017-06-26 05:56:09
599,296,mafia,1498456414,2017-06-26 05:53:34
599,296,masterpiece,1498456371,2017-06-26 05:52:51
599,296,meaningless violence,1498456571,2017-06-26 05:56:11
599,296,milkshake,1498456572,2017-06-26 05:56:12
599,296,mobster,1498456574,2017-06-26 05:56:14
599,296,mobsters,1498456575,2017-06-26 05:56:15
599,296,monologue,1498456577,2017-06-26 05:56:17
599,296,motherfucker,1498456497,2017-06-26 05:54:57
599,296,multiple stories,1498456498,2017-06-26 05:54:58
599,296,multiple storylines,1498456343,2017-06-26 05:52:23
599,296,neo-noir,1498456486,2017-06-26 05:54:46
599,296,noir,1498456408,2017-06-26 05:53:28
599,296,non-linear,1498456367,2017-06-26 05:52:47
599,296,non-linear timeline,1498456578,2017-06-26 05:56:18
599,296,nonlinear,1498456341,2017-06-26 05:52:21
599,296,nonlinear narrative,1498456457,2017-06-26 05:54:17
599,296,nonlinear storyline,1498456580,2017-06-26 05:56:20
599,296,nonlinear timeline,1498456581,2017-06-26 05:56:21
599,296,notable soundtrack,1498456393,2017-06-26 05:53:13
599,296,offensive,1498456583,2017-06-26 05:56:23
599,296,organised crime,1498456585,2017-06-26 05:56:25
599,296,organized crime,1498456363,2017-06-26 05:52:43
599,296,original,1498456479,2017-06-26 05:54:39
599,296,original plot,1498456455,2017-06-26 05:54:15
599,296,out of order,1498456586,2017-06-26 05:56:26
599,296,palme d'or,1498456690,2017-06-26 05:58:10
599,296,parody,1498456591,2017-06-26 05:56:31
599,296,philosophical,1498456500,2017-06-26 05:55:00
599,296,pop culture references,1498456478,2017-06-26 05:54:38
599,296,psychological,1498456593,2017-06-26 05:56:33
599,296,pulp,1498456484,2017-06-26 05:54:44
599,296,quentin tarantino,1498456338,2017-06-26 05:52:18
599,296,quirky,1498456364,2017-06-26 05:52:44
599,296,quotable,1498456446,2017-06-26 05:54:06
599,296,r:disturbing violent content including rape,1498456502,2017-06-26 05:55:02
599,296,r:disturbing violent images,1498456595,2017-06-26 05:56:35
599,296,r:graphic sexuality,1498456597,2017-06-26 05:56:37
599,296,r:some violence,1498456599,2017-06-26 05:56:39
599,296,r:strong bloody violence,1498456601,2017-06-26 05:56:41
599,296,r:strong language,1498456452,2017-06-26 05:54:12
599,296,r:sustained strong stylized violence,1498456603,2017-06-26 05:56:43
599,296,r:violence,1498456424,2017-06-26 05:53:44
599,296,random,1498456503,2017-06-26 05:55:03
599,296,rape,1498456417,2017-06-26 05:53:37
599,296,retro,1498456442,2017-06-26 05:54:02
599,296,roger avary,1498456682,2017-06-26 05:58:02
599,296,royal with cheese,1498456610,2017-06-26 05:56:50
599,296,samuel l. jackson,1498456342,2017-06-26 05:52:22
599,296,sarcasm,1498456612,2017-06-26 05:56:52
599,296,satire,1498456614,2017-06-26 05:56:54
599,296,sexy,1498456615,2017-06-26 05:56:55
599,296,smart writing,1498456617,2017-06-26 05:56:57
599,296,sophisticated,1498456618,2017-06-26 05:56:58
599,296,soundtrack,1498456439,2017-06-26 05:53:59
599,296,splatter,1498456620,2017-06-26 05:57:00
599,296,steve buscemi,1498456694,2017-06-26 05:58:14
599,296,storytelling,1498456375,2017-06-26 05:52:55
599,296,stylish,1498456398,2017-06-26 05:53:18
599,296,stylized,1498456354,2017-06-26 05:52:34
599,296,suspense,1498456680,2017-06-26 05:58:00
599,296,tarantino,1498456358,2017-06-26 05:52:38
599,296,thought-provoking,1498456638,2017-06-26 05:57:18
599,296,thriller,1498456415,2017-06-26 05:53:35
599,296,travolta,1498456539,2017-06-26 05:55:39
599,296,twist ending,1498456639,2017-06-26 05:57:19
599,296,uma thurman,1498456370,2017-06-26 05:52:50
599,296,unique,1498456641,2017-06-26 05:57:21
599,296,unpredictable,1498456476,2017-06-26 05:54:36
599,296,unusual,1498456642,2017-06-26 05:57:22
599,296,very funny,1498456434,2017-06-26 05:53:54
599,296,violence,1498456347,2017-06-26 05:52:27
599,296,violent,1498456366,2017-06-26 05:52:46
599,296,witty,1498456437,2017-06-26 05:53:57
599,924,aliens,1498456783,2017-06-26 05:59:43
599,924,apes,1498456822,2017-06-26 06:00:22
599,924,arthur c. clarke,1498456786,2017-06-26 05:59:46
599,924,artificial intelligence,1498456752,2017-06-26 05:59:12
599,924,atmospheric,1498456757,2017-06-26 05:59:17
599,924,cinematography,1498456766,2017-06-26 05:59:26
599,924,classic,1498456774,2017-06-26 05:59:34
599,924,computer,1498456793,2017-06-26 05:59:53
599,924,confusing ending,1498456779,2017-06-26 05:59:39
599,924,cult film,1498456771,2017-06-26 05:59:31
599,924,dull,1498456811,2017-06-26 06:00:11
599,924,future,1498456770,2017-06-26 05:59:30
599,924,futuristic,1498456776,2017-06-26 05:59:36
599,924,imdb top 250,1498456804,2017-06-26 06:00:04
599,924,masterpiece,1498456762,2017-06-26 05:59:22
599,924,meditative,1498456768,2017-06-26 05:59:28
599,924,music,1498456773,2017-06-26 05:59:33
599,924,mystery,1498456802,2017-06-26 06:00:02
599,924,oscar (best effects - visual effects),1498456791,2017-06-26 05:59:51
599,924,overrated,1498456813,2017-06-26 06:00:13
599,924,philosophical,1498456759,2017-06-26 05:59:19
599,924,relaxing,1498456798,2017-06-26 05:59:58
599,924,revolutionary,1498456794,2017-06-26 05:59:54
599,924,robots,1498456781,2017-06-26 05:59:41
599,924,sci-fi,1498456751,2017-06-26 05:59:11
599,924,setting:space/space ship,1498456796,2017-06-26 05:59:56
599,924,slow,1498456765,2017-06-26 05:59:25
599,924,slow paced,1498456806,2017-06-26 06:00:06
599,924,soundtrack,1498456785,2017-06-26 05:59:45
599,924,space,1498456756,2017-06-26 05:59:16
599,924,space travel,1498456790,2017-06-26 05:59:50
599,924,spacecraft,1498456788,2017-06-26 05:59:48
599,924,stanley kubrick,1498456754,2017-06-26 05:59:14
599,924,superb soundtrack,1498456825,2017-06-26 06:00:25
599,924,surreal,1498456763,2017-06-26 05:59:23
599,924,technology,1498456827,2017-06-26 06:00:27
599,924,tedious,1498456814,2017-06-26 06:00:14
599,924,visual,1498456799,2017-06-26 05:59:59
599,924,visually appealing,1498456760,2017-06-26 05:59:20
599,1732,black comedy,1498456261,2017-06-26 05:51:01
599,1732,bowling,1498456271,2017-06-26 05:51:11
599,1732,classic,1498456304,2017-06-26 05:51:44
599,1732,coen brothers,1498456256,2017-06-26 05:50:56
599,1732,comedy,1498456268,2017-06-26 05:51:08
599,1732,crime,1498456292,2017-06-26 05:51:32
599,1732,cult classic,1498456280,2017-06-26 05:51:20
599,1732,cult film,1498456260,2017-06-26 05:51:00
599,1732,dark comedy,1498456258,2017-06-26 05:50:58
599,1732,deadpan,1498456303,2017-06-26 05:51:43
599,1732,drugs,1498456286,2017-06-26 05:51:26
599,1732,funny,1498456291,2017-06-26 05:51:31
599,1732,great dialogue,1498456264,2017-06-26 05:51:04
599,1732,great soundtrack,1498456283,2017-06-26 05:51:23
599,1732,highly quotable,1498456296,2017-06-26 05:51:36
599,1732,imdb top 250,1498456301,2017-06-26 05:51:41
599,1732,jeff bridges,1498456269,2017-06-26 05:51:09
599,1732,john goodman,1498456278,2017-06-26 05:51:18
599,1732,julianne moore,1498456294,2017-06-26 05:51:34
599,1732,kidnapping,1498456299,2017-06-26 05:51:39
599,1732,marijuana,1498456281,2017-06-26 05:51:21
599,1732,nudity (full frontal),1498456288,2017-06-26 05:51:28
599,1732,off-beat comedy,1498456273,2017-06-26 05:51:13
599,1732,philip seymour hoffman,1498456275,2017-06-26 05:51:15
599,1732,quirky,1498456263,2017-06-26 05:51:03
599,1732,ransom,1498456308,2017-06-26 05:51:48
599,1732,rug,1498456306,2017-06-26 05:51:46
599,1732,sarcasm,1498456285,2017-06-26 05:51:25
599,1732,satirical,1498456266,2017-06-26 05:51:06
599,1732,steve buscemi,1498456276,2017-06-26 05:51:16
599,1732,violence,1498456297,2017-06-26 05:51:37
599,2959,action,1498456930,2017-06-26 06:02:10
599,2959,atmospheric,1498456906,2017-06-26 06:01:46
599,2959,based on a book,1498456916,2017-06-26 06:01:56
599,2959,brad pitt,1498456893,2017-06-26 06:01:33
599,2959,challenging,1498456963,2017-06-26 06:02:43
599,2959,chuck palahniuk,1498456949,2017-06-26 06:02:29
599,2959,classic,1498456925,2017-06-26 06:02:05
599,2959,clever,1498456960,2017-06-26 06:02:40
599,2959,complicated,1498456923,2017-06-26 06:02:03
599,2959,consumerism,1498456965,2017-06-26 06:02:45
599,2959,crime,1498456935,2017-06-26 06:02:15
599,2959,dark,1498456928,2017-06-26 06:02:08
599,2959,dark comedy,1498456891,2017-06-26 06:01:31
599,2959,david fincher,1498456926,2017-06-26 06:02:06
599,2959,disturbing,1498456908,2017-06-26 06:01:48
599,2959,double life,1498456958,2017-06-26 06:02:38
599,2959,edward norton,1498456896,2017-06-26 06:01:36
599,2959,fighting,1498456937,2017-06-26 06:02:17
599,2959,great acting,1498456951,2017-06-26 06:02:31
599,2959,helena bonham carter,1498456939,2017-06-26 06:02:19
599,2959,imaginary friend,1498456945,2017-06-26 06:02:25
599,2959,imdb top 250,1498456941,2017-06-26 06:02:21
599,2959,mental illness,1498456903,2017-06-26 06:01:43
599,2959,mind-blowing,1498456955,2017-06-26 06:02:35
599,2959,mindfuck,1498456912,2017-06-26 06:01:52
599,2959,narrated,1498456934,2017-06-26 06:02:14
599,2959,nudity (topless),1498456962,2017-06-26 06:02:42
599,2959,palahnuik,1498456948,2017-06-26 06:02:28
599,2959,philosophical,1498456911,2017-06-26 06:01:51
599,2959,philosophy,1498456898,2017-06-26 06:01:38
599,2959,postmodern,1498456954,2017-06-26 06:02:34
599,2959,powerful ending,1498456921,2017-06-26 06:02:01
599,2959,psychological,1498456909,2017-06-26 06:01:49
599,2959,psychological thriller,1498456953,2017-06-26 06:02:33
599,2959,psychology,1498456890,2017-06-26 06:01:30
599,2959,quirky,1498456918,2017-06-26 06:01:58
599,2959,satirical,1498456920,2017-06-26 06:02:00
599,2959,schizophrenia,1498456967,2017-06-26 06:02:47
599,2959,social commentary,1498456894,2017-06-26 06:01:34
599,2959,societal criticism,1498456946,2017-06-26 06:02:26
599,2959,stylized,1498456932,2017-06-26 06:02:12
599,2959,surreal,1498456900,2017-06-26 06:01:40
599,2959,terrorism,1498456966,2017-06-26 06:02:46
599,2959,thought-provoking,1498456901,2017-06-26 06:01:41
599,2959,twist,1498456943,2017-06-26 06:02:23
599,2959,twist ending,1498456888,2017-06-26 06:01:28
599,2959,violence,1498456904,2017-06-26 06:01:44
599,2959,violent,1498456914,2017-06-26 06:01:54
600,273,gothic,1237739064,2009-03-22 16:24:24
606,1357,music,1176765393,2007-04-16 23:16:33
606,1948,british,1177512649,2007-04-25 14:50:49
606,3578,romans,1173212944,2007-03-06 20:29:04
606,5694,70mm,1175638092,2007-04-03 22:08:12
606,6107,world war ii,1178473747,2007-05-06 17:49:07
606,7382,for katie,1171234019,2007-02-11 22:46:59
606,7936,austere,1173392334,2007-03-08 22:18:54
610,3265,gun fu,1493843984,2017-05-03 20:39:44
610,3265,heroic bloodshed,1493843978,2017-05-03 20:39:38
610,168248,heroic bloodshed,1493844270,2017-05-03 20:44:30
