movieId,clean_title,Total_Ratings,Average_Rating
356,Forrest Gump,329,4.164133738601824
318,"Shawshank Redemption, The",317,4.429022082018927
296,Pulp Fiction,307,4.197068403908795
593,"Silence of the Lambs, The",279,4.161290322580645
2571,"Matrix, The",278,4.192446043165468
260,Star Wars: Episode IV - A New Hope,251,4.231075697211155
480,Jurassic Park,238,3.75
110,Braveheart,237,4.031645569620253
589,Terminator 2: Judgment Day,224,3.970982142857143
527,Schindler's List,220,4.225
2959,Fight Club,218,4.272935779816514
1,Toy Story,215,3.9209302325581397
1196,Star Wars: Episode V - The Empire Strikes Back,211,4.2156398104265405
2858,American Beauty,204,4.056372549019608
50,"Usual Suspects, The",204,4.237745098039215
47,Seven (a.k.a. Se7en),203,3.9753694581280787
780,Independence Day (a.k.a. ID4),202,3.4455445544554455
150,Apollo 13,201,3.845771144278607
1198,Raiders of the Lost Ark (Indiana Jones and the Raiders of the Lost Ark),200,4.2075
4993,"Lord of the Rings: The Fellowship of the Ring, The",198,4.106060606060606
1210,Star Wars: Episode VI - Return of the Jedi,196,4.137755102040816
858,"Godfather, The",192,4.2890625
457,"Fugitive, The",190,3.9921052631578946
592,Batman,189,3.4285714285714284
5952,"Lord of the Rings: The Two Towers, The",188,4.0212765957446805
2028,Saving Private Ryan,188,4.1462765957446805
7153,"Lord of the Rings: The Return of the King, The",185,4.118918918918919
588,Aladdin,183,3.7923497267759565
608,Fargo,181,4.116022099447513
2762,"Sixth Sense, The",179,3.893854748603352
380,True Lies,178,3.497191011235955
32,Twelve Monkeys (a.k.a. 12 Monkeys),177,3.983050847457627
364,"Lion King, The",172,3.941860465116279
1270,Back to the Future,171,4.038011695906433
377,Speed,171,3.5292397660818713
3578,Gladiator,170,3.9382352941176473
4306,Shrek,170,3.8676470588235294
1580,Men in Black (a.k.a. MIB),165,3.487878787878788
590,Dances with Wolves,164,3.8353658536585367
648,Mission: Impossible,162,3.537037037037037
344,Ace Ventura: Pet Detective,161,3.040372670807453
4226,Memento,159,4.122641509433962
367,"Mask, The",157,3.1847133757961785
58559,"Dark Knight, The",149,4.238255033557047
6539,Pirates of the Caribbean: The Curse of the Black Pearl,149,3.778523489932886
1214,Alien,146,3.969178082191781
595,Beauty and the Beast,146,3.7705479452054793
1036,Die Hard,145,3.8620689655172415
500,Mrs. Doubtfire,144,3.388888888888889
165,Die Hard: With a Vengeance,144,3.5555555555555554
79132,Inception,143,4.066433566433567
1265,Groundhog Day,143,3.944055944055944
1197,"Princess Bride, The",142,4.232394366197183
6377,Finding Nemo,141,3.9609929078014185
1704,Good Will Hunting,141,4.078014184397163
316,Stargate,140,3.375
2628,Star Wars: Episode I - The Phantom Menace,140,3.107142857142857
1721,Titanic,140,3.414285714285714
1291,Indiana Jones and the Last Crusade,140,4.046428571428572
153,Batman Forever,137,2.9160583941605838
1136,Monty Python and the Holy Grail,136,4.161764705882353
597,Pretty Woman,135,3.4851851851851854
1193,One Flew Over the Cuckoo's Nest,133,4.203007518796992
293,Léon: The Professional (a.k.a. The Professional) (Léon),133,4.018796992481203
231,Dumb & Dumber (Dumb and Dumber),133,3.0601503759398496
3793,X-Men,133,3.699248120300752
10,GoldenEye,132,3.496212121212121
4886,"Monsters, Inc.",132,3.871212121212121
6874,Kill Bill: Vol. 1,131,3.9618320610687023
1089,Reservoir Dogs,131,4.202290076335878
1240,"Terminator, The",131,3.8969465648854964
7361,Eternal Sunshine of the Spotless Mind,131,4.1603053435114505
1221,"Godfather: Part II, The",129,4.25968992248062
2329,American History X,129,4.217054263565892
34,Babe,128,3.65234375
1200,Aliens,126,3.9642857142857144
1213,Goodfellas,126,4.25
1682,"Truman Show, The",125,3.812
8961,"Incredibles, The",125,3.836
541,Blade Runner,124,4.100806451612903
736,Twister,123,3.321138211382114
4995,"Beautiful Mind, A",123,4.0
1097,E.T. the Extra-Terrestrial,122,3.7663934426229506
5349,Spider-Man,122,3.540983606557377
2683,Austin Powers: The Spy Who Shagged Me,121,3.1983471074380163
733,"Rock, The",121,3.6404958677685952
2716,Ghostbusters (a.k.a. Ghost Busters),120,3.775
5445,Minority Report,120,3.6375
4973,"Amelie (Fabuleux destin d'Amélie Poulain, Le)",120,4.183333333333334
1206,"Clockwork Orange, A",120,3.995833333333333
4963,Ocean's Eleven,119,3.8445378151260505
1073,Willy Wonka & the Chocolate Factory,119,3.8739495798319328
33794,Batman Begins,116,3.8620689655172415
1527,"Fifth Element, The",116,3.7456896551724137
586,Home Alone,116,2.9956896551724137
5989,Catch Me If You Can,115,3.9217391304347826
587,Ghost,115,3.4347826086956523
208,Waterworld,115,2.9130434782608696
1968,"Breakfast Club, The",113,3.7787610619469025
185,"Net, The",112,3.0401785714285716
5418,"Bourne Identity, The",112,3.8169642857142856
3147,"Green Mile, The",111,4.148648648648648
3996,"Crouching Tiger, Hidden Dragon (Wo hu cang long)",110,3.8363636363636364
2,Jumanji,110,3.4318181818181817
349,Clear and Present Danger,110,3.6045454545454545
7438,Kill Bill: Vol. 2,110,3.868181818181818
253,Interview with the Vampire: The Vampire Chronicles,109,3.458715596330275
1258,"Shining, The",109,4.08256880733945
2918,Ferris Bueller's Day Off,109,3.8394495412844036
924,2001: A Space Odyssey,109,3.8944954128440368
4878,Donnie Darko,109,3.981651376146789
329,Star Trek: Generations,108,3.3935185185185186
2115,Indiana Jones and the Temple of Doom,108,3.638888888888889
4896,Harry Potter and the Sorcerer's Stone (a.k.a. Harry Potter and the Philosopher's Stone),107,3.7616822429906542
1208,Apocalypse Now,107,4.219626168224299
48516,"Departed, The",107,4.252336448598131
1732,"Big Lebowski, The",106,3.9245283018867925
539,Sleepless in Seattle,106,3.4716981132075473
68954,Up,105,4.004761904761905
1923,There's Something About Mary,105,3.676190476190476
111,Taxi Driver,104,4.105769230769231
60069,WALL·E,104,4.0576923076923075
39,Clueless,104,3.293269230769231
223,Clerks,104,3.855769230769231
357,Four Weddings and a Funeral,103,3.5194174757281553
2706,American Pie,103,3.378640776699029
161,Crimson Tide,103,3.6359223300970873
6,Heat,102,3.946078431372549
1222,Full Metal Jacket,102,4.098039215686274
5816,Harry Potter and the Chamber of Secrets,102,3.5980392156862746
778,Trainspotting,102,4.03921568627451
292,Outbreak,101,3.4257425742574257
454,"Firm, The",101,3.5346534653465347
434,Cliffhanger,101,3.0346534653465347
4022,Cast Away,100,3.7
1517,Austin Powers: International Man of Mystery,100,3.535
44191,V for Vendetta,100,3.885
912,Casablanca,100,4.24
104,Happy Gilmore,99,3.4393939393939394
2997,Being John Malkovich,99,3.9545454545454546
339,While You Were Sleeping,98,3.4693877551020407
72998,Avatar,97,3.6030927835051547
3114,Toy Story 2,97,3.8608247422680413
750,Dr. Strangelove or: How I Learned to Stop Worrying and Love the Bomb,97,4.268041237113402
2987,Who Framed Roger Rabbit?,97,3.5721649484536084
1617,L.A. Confidential,97,4.061855670103093
1784,As Good as It Gets,96,3.6979166666666665
6365,"Matrix Reloaded, The",96,3.3541666666666665
1961,Rain Man,96,3.8072916666666665
3949,Requiem for a Dream,96,3.921875
2502,Office Space,94,4.090425531914893
4027,"O Brother, Where Art Thou?",94,3.8085106382978724
59315,Iron Man,94,3.824468085106383
8368,Harry Potter and the Prisoner of Azkaban,93,3.913978494623656
551,"Nightmare Before Christmas, The",93,3.553763440860215
4011,Snatch,93,4.155913978494624
2396,Shakespeare in Love,92,3.777173913043478
5378,Star Wars: Episode II - Attack of the Clones,92,3.157608695652174
288,Natural Born Killers,92,3.233695652173913
8360,Shrek 2,92,3.5760869565217392
2355,"Bug's Life, A",92,3.516304347826087
919,"Wizard of Oz, The",92,3.880434782608696
1917,Armageddon,92,3.0543478260869565
2797,Big,91,3.71978021978022
1356,Star Trek: First Contact,91,3.879120879120879
2174,Beetlejuice,91,3.4725274725274726
1259,Stand by Me,91,4.0054945054945055
3948,Meet the Parents,91,3.4175824175824174
1387,Jaws,91,4.0054945054945055
1610,"Hunt for Red October, The",90,3.8722222222222222
48780,"Prestige, The",90,4.0055555555555555
1080,Monty Python's Life of Brian,89,3.9269662921348316
21,Get Shorty,89,3.49438202247191
2012,Back to the Future Part III,88,3.3693181818181817
2324,Life Is Beautiful (La Vita è bella),88,4.1477272727272725
19,Ace Ventura: When Nature Calls,88,2.727272727272727
2916,Total Recall,88,3.653409090909091
68157,Inglourious Basterds,88,4.136363636363637
2617,"Mummy, The",87,3.1206896551724137
2011,Back to the Future Part II,87,3.5057471264367814
2791,Airplane!,87,3.8563218390804597
5618,Spirited Away (Sen to Chihiro no kamikakushi),87,4.155172413793103
1653,Gattaca,86,3.953488372093023
141,"Birdcage, The",86,3.494186046511628
1246,Dead Poets Society,86,3.9593023255813953
1391,Mars Attacks!,86,3.0930232558139537
1307,When Harry Met Sally...,85,3.8588235294117648
1393,Jerry Maguire,85,3.5941176470588236
5218,Ice Age,85,3.6882352941176473
904,Rear Window,84,4.261904761904762
95,Broken Arrow,84,3.0238095238095237
410,Addams Family Values,84,3.1011904761904763
1220,"Blues Brothers, The",84,3.8095238095238093
32587,Sin City,84,3.857142857142857
1219,Psycho,83,4.036144578313253
3897,Almost Famous,83,3.8674698795180724
1101,Top Gun,83,3.3012048192771086
788,"Nutty Professor, The",82,2.731707317073171
16,Casino,82,3.926829268292683
1584,Contact,82,3.652439024390244
49272,Casino Royale,81,3.9444444444444446
54286,"Bourne Ultimatum, The",81,3.697530864197531
442,Demolition Man,81,3.0925925925925926
48394,"Pan's Labyrinth (Laberinto del fauno, El)",81,3.814814814814815
300,Quiz Show,81,3.5185185185185186
317,"Santa Clause, The",81,3.2037037037037037
1676,Starship Troopers,80,3.33125
62,Mr. Holland's Opus,80,3.70625
51662,300,80,3.68125
2291,Edward Scissorhands,80,3.7
1247,"Graduate, The",79,4.063291139240507
8636,Spider-Man 2,79,3.8037974683544302
6934,"Matrix Revolutions, The",79,3.151898734177215
3052,Dogma,79,3.6455696202531644
33493,Star Wars: Episode III - Revenge of the Sith,78,3.4294871794871793
3751,Chicken Run,78,3.551282051282051
3623,Mission: Impossible II,77,2.7142857142857144
1573,Face/Off,77,3.3701298701298703
1625,"Game, The",77,3.7012987012987013
337,What's Eating Gilbert Grape,77,3.7662337662337664
46578,Little Miss Sunshine,77,3.883116883116883
8874,Shaun of the Dead,77,4.0064935064935066
594,Snow White and the Seven Dwarfs,77,3.616883116883117
2700,"South Park: Bigger, Longer and Uncut",76,3.861842105263158
69122,"Hangover, The",76,3.6315789473684212
91529,"Dark Knight Rises, The",76,3.9934210526315788
25,Leaving Las Vegas,76,3.625
6333,X2: X-Men United,76,3.723684210526316
440,Dave,76,3.5460526315789473
1225,Amadeus,76,4.184210526315789
3175,Galaxy Quest,75,3.58
2692,Run Lola Run (Lola rennt),75,4.0
8665,"Bourne Supremacy, The",75,3.7866666666666666
2000,Lethal Weapon,75,3.6733333333333333
6016,City of God (Cidade de Deus),75,4.1466666666666665
3481,High Fidelity,75,3.6666666666666665
6711,Lost in Translation,74,4.033783783783784
1485,Liar Liar,74,3.0337837837837838
368,Maverick,74,3.5
35836,"40-Year-Old Virgin, The",74,3.5472972972972974
3994,Unbreakable,73,3.4794520547945207
109487,Interstellar,73,3.993150684931507
45722,Pirates of the Caribbean: Dead Man's Chest,72,3.5069444444444446
50872,Ratatouille,72,3.8680555555555554
3977,Charlie's Angels,72,2.7222222222222223
1201,"Good, the Bad and the Ugly, The (Buono, il brutto, il cattivo, Il)",72,4.145833333333333
63082,Slumdog Millionaire,71,3.8098591549295775
40815,Harry Potter and the Goblet of Fire,71,3.816901408450704
6373,Bruce Almighty,71,3.316901408450704
1079,"Fish Called Wanda, A",71,3.9225352112676055
99114,Django Unchained,71,3.943661971830986
1028,Mary Poppins,71,3.887323943661972
3408,Erin Brockovich,70,3.5285714285714285
1407,Scream,70,3.2
2985,RoboCop,70,3.3714285714285714
4034,Traffic,70,3.9
474,In the Line of Fire,70,3.692857142857143
11,"American President, The",70,3.6714285714285713
235,Ed Wood,70,3.6785714285714284
520,Robin Hood: Men in Tights,69,3.130434782608696
89745,"Avengers, The",69,3.869565217391304
1278,Young Frankenstein,69,3.9927536231884058
7147,Big Fish,69,3.8333333333333335
923,Citizen Kane,69,4.043478260869565
48,Pocahontas,68,3.1470588235294117
4979,"Royal Tenenbaums, The",68,3.6838235294117645
1370,Die Hard 2,68,3.4044117647058822
2054,"Honey, I Shrunk the Kids",68,2.7573529411764706
266,Legends of the Fall,68,3.3970588235294117
3753,"Patriot, The",68,3.448529411764706
1380,Grease,68,3.139705882352941
1544,"Lost World: Jurassic Park, The",67,2.753731343283582
2081,"Little Mermaid, The",67,3.425373134328358
2542,"Lock, Stock & Two Smoking Barrels",67,4.052238805970149
74458,Shutter Island,67,4.022388059701493
17,Sense and Sensibility,67,3.7761194029850746
36,Dead Man Walking,67,3.8358208955223883
4262,Scarface,67,3.9328358208955225
2353,Enemy of the State,67,3.4925373134328357
163,Desperado,66,3.5606060606060606
6863,School of Rock,66,3.4015151515151514
508,Philadelphia,66,3.6136363636363638
1288,This Is Spinal Tap,66,4.015151515151516
70286,District 9,65,3.776923076923077
553,Tombstone,65,3.8153846153846156
653,Dragonheart,65,3.0923076923076924
5481,Austin Powers in Goldmember,65,2.8461538461538463
56367,Juno,65,3.769230769230769
2194,"Untouchables, The",65,3.9384615384615387
555,True Romance,65,3.8
48385,Borat: Cultural Learnings of America for Make Benefit Glorious Nation of Kazakhstan,65,3.3461538461538463
4246,Bridget Jones's Diary,65,3.623076923076923
4447,Legally Blonde,64,3.15625
55820,No Country for Old Men,64,3.8984375
4025,Miss Congeniality,64,3.0546875
1035,"Sound of Music, The",64,3.9375
1234,"Sting, The",64,3.9765625
48774,Children of Men,64,3.9453125
786,Eraser,64,3.109375
1954,Rocky,64,3.828125
353,"Crow, The",64,3.609375
2710,"Blair Witch Project, The",64,2.796875
1090,Platoon,63,3.984126984126984
2657,"Rocky Horror Picture Show, The",63,3.3412698412698414
5502,Signs,63,3.1666666666666665
435,Coneheads,63,2.4206349206349205
3671,Blazing Saddles,62,3.935483870967742
7143,"Last Samurai, The",62,3.903225806451613
173,Judge Dredd,62,2.6693548387096775
1304,Butch Cassidy and the Sundance Kid,62,3.943548387096774
3081,Sleepy Hollow,62,3.475806451612903
41566,"Chronicles of Narnia: The Lion, the Witch and the Wardrobe, The",62,3.443548387096774
56174,I Am Legend,62,3.4838709677419355
1127,"Abyss, The",62,3.475806451612903
158,Casper,62,2.806451612903226
1374,Star Trek II: The Wrath of Khan,62,3.7661290322580645
3421,Animal House,62,3.693548387096774
8644,"I, Robot",61,3.4918032786885247
3527,Predator,61,3.581967213114754
51255,Hot Fuzz,61,4.0
3253,Wayne's World,61,3.4754098360655736
3717,Gone in 60 Seconds,61,3.221311475409836
30793,Charlie and the Chocolate Factory,61,3.0
552,"Three Musketeers, The",61,3.262295081967213
5459,Men in Black II (a.k.a. MIIB) (a.k.a. MIB 2),61,2.959016393442623
2321,Pleasantville,61,3.4836065573770494
509,"Piano, The",61,3.540983606557377
2640,Superman,61,3.6065573770491803
466,Hot Shots! Part Deux,60,2.8666666666666667
903,Vertigo,60,4.025
3471,Close Encounters of the Third Kind,60,3.7416666666666667
2006,"Mask of Zorro, The",60,3.1
596,Pinocchio,60,3.45
5299,My Big Fat Greek Wedding,60,3.2666666666666666
1377,Batman Returns,60,3.025
1552,Con Air,59,3.0338983050847457
1199,Brazil,59,4.177966101694915
112852,Guardians of the Galaxy,59,4.0508474576271185
3535,American Psycho,59,3.788135593220339
6942,Love Actually,59,3.788135593220339
1500,Grosse Pointe Blank,59,3.610169491525424
3033,Spaceballs,59,3.483050847457627
420,Beverly Hills Cop III,59,2.7203389830508473
68358,Star Trek,59,3.864406779661017
33679,Mr. & Mrs. Smith,59,3.2796610169491527
2302,My Cousin Vinny,59,3.26271186440678
1252,Chinatown,59,4.211864406779661
6378,"Italian Job, The",59,3.6186440677966103
953,It's a Wonderful Life,58,4.0344827586206895
708,"Truth About Cats & Dogs, The",58,3.3879310344827585
1230,Annie Hall,58,3.8706896551724137
34162,Wedding Crashers,58,3.5086206896551726
370,Naked Gun 33 1/3: The Final Insult,58,3.060344827586207
2167,Blade,58,3.3620689655172415
1394,Raising Arizona,58,3.9913793103448274
54001,Harry Potter and the Order of the Phoenix,58,3.8620689655172415
6502,28 Days Later,58,3.9741379310344827
69844,Harry Potter and the Half-Blood Prince,58,3.8879310344827585
73017,Sherlock Holmes,58,3.853448275862069
1207,To Kill a Mockingbird,58,4.120689655172414
5669,Bowling for Columbine,58,3.7758620689655173
81845,"King's Speech, The",58,4.043103448275862
1608,Air Force One,58,3.3448275862068964
908,North by Northwest,57,4.184210526315789
160,Congo,57,2.8771929824561404
80463,"Social Network, The",57,3.8859649122807016
2268,"Few Good Men, A",57,3.789473684210526
350,"Client, The",57,3.3859649122807016
1203,12 Angry Men,57,4.149122807017544
2005,"Goonies, The",57,3.5701754385964914
1276,Cool Hand Luke,57,4.271929824561403
8641,Anchorman: The Legend of Ron Burgundy,57,3.7719298245614037
2470,Crocodile Dundee,57,3.175438596491228
2599,Election,56,3.6607142857142856
2529,Planet of the Apes,56,3.8035714285714284
2671,Notting Hill,56,3.455357142857143
1641,"Full Monty, The",56,3.7589285714285716
2395,Rushmore,56,3.544642857142857
53125,Pirates of the Caribbean: At World's End,56,3.4375
1148,Wallace & Gromit: The Wrong Trousers,56,4.035714285714286
4370,A.I. Artificial Intelligence,56,3.3392857142857144
1302,Field of Dreams,56,3.517857142857143
1777,"Wedding Singer, The",56,3.419642857142857
4308,Moulin Rouge,55,3.590909090909091
5956,Gangs of New York,55,3.518181818181818
2080,Lady and the Tramp,55,3.4
78499,Toy Story 3,55,4.109090909090909
54503,Superbad,55,3.8636363636363638
2804,"Christmas Story, A",55,3.9727272727272727
4720,"Others, The",55,3.6272727272727274
432,City Slickers II: The Legend of Curly's Gold,55,2.6454545454545455
70,From Dusk Till Dawn,55,3.5090909090909093
7,Sabrina,54,3.185185185185185
2406,Romancing the Stone,54,3.4537037037037037
59784,Kung Fu Panda,54,3.4444444444444446
4816,Zoolander,54,3.509259259259259
106782,"Wolf of Wall Street, The",54,3.9166666666666665
122904,Deadpool,54,3.8333333333333335
2572,10 Things I Hate About You,54,3.5277777777777777
91500,The Hunger Games,54,3.435185185185185
168,First Knight,54,3.0833333333333335
784,"Cable Guy, The",54,2.8055555555555554
4018,What Women Want,54,3.138888888888889
2701,Wild Wild West,53,2.207547169811321
673,Space Jam,53,2.707547169811321
2947,Goldfinger,53,3.839622641509434
2712,Eyes Wide Shut,53,3.4622641509433962
2699,Arachnophobia,53,2.811320754716981
3489,Hook,53,3.358490566037736
1997,"Exorcist, The",53,3.80188679245283
1282,Fantasia,53,3.7830188679245285
172,Johnny Mnemonic,53,2.6792452830188678
3911,Best in Show,53,3.688679245283019
485,Last Action Hero,53,2.9339622641509435
2078,"Jungle Book, The",53,3.830188679245283
76093,How to Train Your Dragon,53,3.943396226415094
49530,Blood Diamond,53,3.7641509433962264
71535,Zombieland,53,3.8773584905660377
1466,Donnie Brasco,52,3.7403846153846154
109374,"Grand Budapest Hotel, The",52,3.7788461538461537
52973,Knocked Up,52,3.6538461538461537
1639,Chasing Amy,52,3.576923076923077
3,Grumpier Old Men,52,3.2596153846153846
3552,Caddyshack,52,3.826923076923077
30707,Million Dollar Baby,52,3.8461538461538463
225,Disclosure,52,3.5384615384615383
6870,Mystic River,52,3.7115384615384617
45499,X-Men: The Last Stand,52,3.355769230769231
3160,Magnolia,52,3.7115384615384617
145,Bad Boys,51,3.2450980392156863
1645,The Devil's Advocate,51,3.411764705882353
4776,Training Day,51,3.7941176470588234
4848,Mulholland Drive,51,3.843137254901961
2100,Splash,51,3.1176470588235294
1215,Army of Darkness,51,4.03921568627451
4239,Blow,51,3.8137254901960786
2105,Tron,50,3.34
3785,Scary Movie,50,2.92
116797,The Imitation Game,50,4.02
8464,Super Size Me,50,3.51
34405,Serenity,50,3.94
34048,War of the Worlds,50,3.15
33166,Crash,50,3.89
8361,"Day After Tomorrow, The",50,3.05
88125,Harry Potter and the Deathly Hallows: Part 2,50,3.91
96079,Skyfall,50,3.81
333,Tommy Boy,50,3.78
5010,Black Hawk Down,50,3.81
2424,You've Got Mail,50,3.12
910,Some Like It Hot,50,4.01
2641,Superman II,49,3.020408163265306
661,James and the Giant Peach,49,3.4489795918367347
216,Billy Madison,49,3.326530612244898
45447,"Da Vinci Code, The",49,3.122448979591837
2144,Sixteen Candles,49,3.6020408163265305
5991,Chicago,49,3.7244897959183674
5464,Road to Perdition,49,3.520408163265306
3176,"Talented Mr. Ripley, The",49,3.336734693877551
4643,Planet of the Apes,49,2.7448979591836733
5,Father of the Bride Part II,49,3.0714285714285716
30749,Hotel Rwanda,48,3.7916666666666665
186,Nine Months,48,2.8229166666666665
8784,Garden State,48,3.7083333333333335
2019,Seven Samurai (Shichinin no samurai),48,4.1875
1275,Highlander,48,3.7291666666666665
2694,Big Daddy,48,3.1979166666666665
7458,Troy,48,3.4270833333333335
3000,Princess Mononoke (Mononoke-hime),48,3.9583333333333335
745,Wallace & Gromit: A Close Shave,48,3.8958333333333335
1748,Dark City,48,3.8229166666666665
2763,"Thomas Crown Affair, The",48,3.6458333333333335
1729,Jackie Brown,48,3.6979166666666665
134130,The Martian,48,4.0
2539,Analyze This,47,3.095744680851064
5679,"Ring, The",47,3.202127659574468
783,"Hunchback of Notre Dame, The",47,3.3297872340425534
1320,Alien³ (a.k.a. Alien 3),47,3.148936170212766
81834,Harry Potter and the Deathly Hallows: Part 1,47,3.9893617021276597
899,Singin' in the Rain,47,4.074468085106383
1092,Basic Instinct,47,3.1914893617021276
1367,101 Dalmatians,47,3.074468085106383
2717,Ghostbusters II,47,3.0
1921,Pi,47,3.851063829787234
7293,50 First Dates,47,3.5531914893617023
4014,Chocolat,47,3.521276595744681
77561,Iron Man 2,47,3.5106382978723403
2001,Lethal Weapon 2,47,3.1808510638297873
1358,Sling Blade,47,3.8404255319148937
1994,Poltergeist,47,3.425531914893617
122882,Mad Max: Fury Road,47,3.8191489361702127
8529,"Terminal, The",47,3.3191489361702127
112,Rumble in the Bronx (Hont faan kui),46,3.5434782608695654
44,Mortal Kombat,46,2.5434782608695654
1884,Fear and Loathing in Las Vegas,46,3.967391304347826
64614,Gran Torino,46,3.9456521739130435
802,Phenomenon,46,3.3369565217391304
2076,Blue Velvet,46,3.9456521739130435
2002,Lethal Weapon 3,46,2.9347826086956523
5060,M*A*S*H (a.k.a. MASH),46,3.9347826086956523
3752,"Me, Myself & Irene",46,3.0869565217391304
5902,Adaptation,46,3.9456521739130435
47099,"Pursuit of Happyness, The",46,3.7934782608695654
54272,"Simpsons Movie, The",46,3.619565217391304
7254,The Butterfly Effect,46,3.630434782608696
1396,Sneakers,46,3.4782608695652173
5995,"Pianist, The",46,4.108695652173913
4085,Beverly Hills Cop,46,3.402173913043478
4369,"Fast and the Furious, The",45,3.066666666666667
2288,"Thing, The",45,3.933333333333333
2294,Antz,45,3.2444444444444445
920,Gone with the Wind,45,3.6444444444444444
196,Species,45,2.6666666666666665
1204,Lawrence of Arabia,45,4.3
2023,"Godfather: Part III, The",45,3.3555555555555556
2490,Payback,45,3.422222222222222
1907,Mulan,45,3.566666666666667
1250,"Bridge on the River Kwai, The",45,4.122222222222222
236,French Kiss,45,3.477777777777778
31685,Hitch,45,3.1666666666666665
1183,"English Patient, The",45,3.7111111111111112
1722,Tomorrow Never Dies,45,3.066666666666667
6537,Terminator 3: Rise of the Machines,45,3.0444444444444443
1690,Alien: Resurrection,45,2.922222222222222
1371,Star Trek: The Motion Picture,45,3.0444444444444443
4718,American Pie 2,45,3.066666666666667
3863,"Cell, The",45,3.0444444444444443
2890,Three Kings,45,3.7111111111111112
4571,Bill & Ted's Excellent Adventure,45,3.7
616,"Aristocats, The",45,3.411111111111111
3255,"League of Their Own, A",45,3.466666666666667
4270,"Mummy Returns, The",45,3.088888888888889
1266,Unforgiven,45,4.111111111111111
52722,Spider-Man 3,44,3.0
79702,Scott Pilgrim vs. the World,44,3.7045454545454546
151,Rob Roy,44,3.5454545454545454
111759,Edge of Tomorrow,44,3.977272727272727
3755,"Perfect Storm, The",44,3.1704545454545454
3499,Misery,44,3.840909090909091
46976,Stranger than Fiction,44,3.6931818181818183
33004,"Hitchhiker's Guide to the Galaxy, The",44,3.4204545454545454
5903,Equilibrium,44,3.875
849,Escape from L.A.,44,2.9204545454545454
8798,Collateral,44,3.7613636363636362
5377,About a Boy,44,3.715909090909091
913,"Maltese Falcon, The",44,4.170454545454546
2085,101 Dalmatians (One Hundred and One Dalmatians),44,3.4318181818181817
1333,"Birds, The",44,3.602272727272727
37729,Corpse Bride,44,3.534090909090909
4975,Vanilla Sky,44,3.4204545454545454
3363,American Graffiti,43,3.8488372093023258
852,Tin Cup,43,3.1744186046511627
1376,Star Trek IV: The Voyage Home,43,3.4767441860465116
497,Much Ado About Nothing,43,3.813953488372093
3624,Shanghai Noon,43,3.1511627906976742
60684,Watchmen,43,3.988372093023256
3275,"Boondock Saints, The",43,4.22093023255814
8984,Ocean's Twelve,43,3.2906976744186047
3448,"Good Morning, Vietnam",43,3.802325581395349
134853,Inside Out,43,3.813953488372093
76251,Kick-Ass,43,3.6511627906976742
2605,Entrapment,43,2.988372093023256
1263,"Deer Hunter, The",43,3.8255813953488373
1262,"Great Escape, The",43,4.127906976744186
2161,"NeverEnding Story, The",43,3.5813953488372094
252,I.Q.,43,3.453488372093023
2455,"Fly, The",43,3.383720930232558
4310,Pearl Harbor,43,2.9651162790697674
47610,"Illusionist, The",43,3.7790697674418605
2278,Ronin,43,3.5232558139534884
1876,Deep Impact,43,3.0697674418604652
87232,X-Men: First Class,43,3.7906976744186047
1597,Conspiracy Theory,43,2.941860465116279
2407,Cocoon,43,3.2674418604651163
3868,"Naked Gun: From the Files of Police Squad!, The",42,3.4047619047619047
1022,Cinderella,42,3.488095238095238
3301,"Whole Nine Yards, The",42,3.5238095238095237
431,Carlito's Way,42,3.738095238095238
2273,Rush Hour,42,3.261904761904762
2915,Risky Business,42,3.4404761904761907
1042,That Thing You Do!,42,3.2738095238095237
441,Dazed and Confused,42,3.9285714285714284
1088,Dirty Dancing,42,3.369047619047619
1909,"X-Files: Fight the Future, The",42,3.4404761904761907
2724,Runaway Bride,42,2.8333333333333335
59369,Taken,42,3.619047619047619
785,Kingpin,42,3.369047619047619
81591,Black Swan,42,3.630952380952381
1562,Batman & Robin,42,2.2142857142857144
1094,"Crying Game, The",42,3.4404761904761907
1967,Labyrinth,42,3.8214285714285716
91658,"Girl with the Dragon Tattoo, The",42,3.488095238095238
355,"Flintstones, The",42,2.357142857142857
3210,Fast Times at Ridgemont High,42,3.4761904761904763
1372,Star Trek VI: The Undiscovered Country,42,3.3452380952380953
1375,Star Trek III: The Search for Spock,42,3.261904761904762
69757,(500) Days of Summer,42,3.6666666666666665
261,Little Women,42,3.880952380952381
57669,In Bruges,41,4.158536585365853
494,Executive Decision,41,3.3780487804878048
5810,8 Mile,41,3.292682926829268
543,So I Married an Axe Murderer,41,3.317073170731707
2968,Time Bandits,41,3.731707317073171
55247,Into the Wild,41,3.902439024390244
7373,Hellboy,41,3.3780487804878048
115617,Big Hero 6,41,3.8536585365853657
1242,Glory,41,4.170731707317073
1285,Heathers,41,3.731707317073171
122886,Star Wars: Episode VII - The Force Awakens,41,3.8536585365853657
2003,Gremlins,41,3.3780487804878048
4299,"Knight's Tale, A",41,3.341463414634146
3418,Thelma & Louise,41,3.4634146341463414
762,Striptease,41,2.4146341463414633
45517,Cars,41,3.3780487804878048
2087,Peter Pan,41,3.573170731707317
3916,Remember the Titans,41,3.7439024390243905
3617,Road Trip,41,3.0853658536585367
6807,Monty Python's The Meaning of Life,40,3.95
224,Don Juan DeMarco,40,3.6125
31658,Howl's Moving Castle (Hauru no ugoku shiro),40,4.075
529,Searching for Bobby Fischer,40,3.875
44199,Inside Man,40,3.8
1233,"Boot, Das (Boat, The)",40,4.2125
2541,Cruel Intentions,40,3.225
4223,Enemy at the Gates,40,3.5125
98809,"Hobbit: An Unexpected Journey, The",40,3.8125
33615,Madagascar,40,3.375
471,"Hudsucker Proxy, The",40,3.55
1569,My Best Friend's Wedding,40,3.5
1228,Raging Bull,40,4.1875
2193,Willow,40,3.3375
4367,Lara Croft: Tomb Raider,40,2.9
6218,Bend It Like Beckham,40,3.3
282,Nell,40,3.3375
1674,Witness,40,3.65
41569,King Kong,40,3.4
376,"River Wild, The",40,3.25
1032,Alice in Wonderland,40,3.375
3703,"Road Warrior, The (Mad Max 2)",40,4.0375
1408,"Last of the Mohicans, The",39,3.8333333333333335
59615,Indiana Jones and the Kingdom of the Crystal Skull,39,2.8333333333333335
2248,Say Anything...,39,3.923076923076923
2908,Boys Don't Cry,39,3.551282051282051
7451,Mean Girls,39,3.7564102564102564
1953,"French Connection, The",39,3.871794871794872
27773,Old Boy,39,4.089743589743589
3082,"World Is Not Enough, The",39,3.3333333333333335
8528,Dodgeball: A True Underdog Story,39,3.551282051282051
1274,Akira,39,3.7435897435897436
3174,Man on the Moon,39,3.4871794871794872
2580,Go,39,3.9615384615384617
8949,Sideways,39,3.7435897435897436
4148,Hannibal,39,2.9358974358974357
1129,Escape from New York,39,3.448717948717949
3826,Hollow Man,39,2.2948717948717947
2094,"Rocketeer, The",39,3.2564102564102564
6188,Old School,39,3.5128205128205128
2746,Little Shop of Horrors,39,3.3333333333333335
2723,Mystery Men,39,3.08974358974359
1673,Boogie Nights,39,4.076923076923077
61323,Burn After Reading,39,3.4871794871794872
3300,Pitch Black,39,3.5641025641025643
2951,"Fistful of Dollars, A (Per un pugno di dollari)",39,3.9358974358974357
58998,Forgetting Sarah Marshall,39,3.769230769230769
6936,Elf,39,3.6923076923076925
53996,Transformers,39,3.3461538461538463
2761,"Iron Giant, The",39,4.051282051282051
3039,Trading Places,39,3.730769230769231
40819,Walk the Line,39,3.7564102564102564
2289,"Player, The",38,3.9473684210526314
3362,Dog Day Afternoon,38,3.9342105263157894
31,Dangerous Minds,38,3.1842105263157894
8972,National Treasure,38,3.263157894736842
51540,Zodiac,38,3.710526315789474
91542,Sherlock Holmes: A Game of Shadows,38,3.763157894736842
2018,Bambi,38,3.3684210526315788
8533,"Notebook, The",38,3.5657894736842106
277,Miracle on 34th Street,38,3.223684210526316
44665,Lucky Number Slevin,38,3.8552631578947367
8950,The Machinist,38,3.986842105263158
2124,"Addams Family, The",38,3.289473684210526
7090,Hero (Ying xiong),38,3.9210526315789473
3702,Mad Max,38,3.486842105263158
2420,"Karate Kid, The",38,3.5657894736842106
79091,Despicable Me,38,3.6842105263157894
315,"Specialist, The",38,3.0789473684210527
112552,Whiplash,38,4.0394736842105265
2770,Bowfinger,38,2.960526315789474
29,"City of Lost Children, The (Cité des enfants perdus, La)",38,4.0131578947368425
3967,Billy Elliot,37,3.8513513513513513
4016,"Emperor's New Groove, The",37,3.7162162162162162
55765,American Gangster,37,3.9054054054054053
1093,"Doors, The",37,3.4054054054054053
64957,"Curious Case of Benjamin Button, The",37,3.5945945945945947
1020,Cool Runnings,37,3.081081081081081
30810,"Life Aquatic with Steve Zissou, The",37,3.4864864864864864
58,"Postman, The (Postino, Il)",37,4.027027027027027
112556,Gone Girl,37,3.7162162162162162
5971,My Neighbor Totoro (Tonari no Totoro),37,3.9594594594594597
832,Ransom,37,3.3378378378378377
8376,Napoleon Dynamite,37,3.324324324324324
8622,Fahrenheit 9/11,37,3.4864864864864864
5266,Panic Room,37,3.0
2021,Dune,37,3.4324324324324325
92259,Intouchables,37,4.108108108108108
455,Free Willy,37,2.391891891891892
3034,Robin Hood,36,3.513888888888889
1345,Carrie,36,3.3472222222222223
902,Breakfast at Tiffany's,36,3.8472222222222223
1059,William Shakespeare's Romeo + Juliet,36,3.7222222222222223
1060,Swingers,36,3.6944444444444446
671,Mystery Science Theater 3000: The Movie,36,3.486111111111111
2948,From Russia with Love,36,3.75
3247,Sister Act,36,3.0277777777777777
4638,Jurassic Park III,36,2.8472222222222223
6947,Master and Commander: The Far Side of the World,36,3.638888888888889
345,"Adventures of Priscilla, Queen of the Desert, The",36,3.5972222222222223
180,Mallrats,36,3.4027777777777777
2231,Rounders,36,3.861111111111111
22,Copycat,36,3.2222222222222223
2581,Never Been Kissed,36,2.9583333333333335
3108,"Fisher King, The",36,3.8055555555555554
585,"Brady Bunch Movie, The",36,2.736111111111111
44195,Thank You for Smoking,36,4.027777777777778
3510,Frequency,36,3.4166666666666665
34150,Fantastic Four,36,2.763888888888889
3101,Fatal Attraction,36,3.0972222222222223
119145,Kingsman: The Secret Service,36,3.986111111111111
3409,Final Destination,35,2.9285714285714284
628,Primal Fear,35,3.642857142857143
193,Showgirls,35,2.4714285714285715
3809,What About Bob?,35,3.2714285714285714
1084,Bonnie and Clyde,35,4.071428571428571
7445,Man on Fire,35,3.6285714285714286
805,"Time to Kill, A",35,3.657142857142857
31696,Constantine,35,3.4714285714285715
2427,"Thin Red Line, The",35,3.3
38061,Kiss Kiss Bang Bang,35,4.071428571428571
36529,Lord of War,35,3.7142857142857144
63113,Quantum of Solace,35,3.4571428571428573
914,My Fair Lady,35,4.042857142857143
60040,"Incredible Hulk, The",35,3.1714285714285713
1029,Dumbo,35,3.3857142857142857
30812,"Aviator, The",35,3.5285714285714285
66097,Coraline,35,3.7
719,Multiplicity,35,2.842857142857143
256,Junior,35,2.8285714285714287
1249,"Femme Nikita, La (Nikita)",35,4.071428571428571
3361,Bull Durham,35,3.6714285714285713
170,Hackers,35,3.2285714285714286
64839,"Wrestler, The",34,3.735294117647059
4641,Ghost World,34,3.5
969,"African Queen, The",34,3.9705882352941178
6708,Matchstick Men,34,3.7205882352941178
64969,Yes Man,34,3.6176470588235294
39183,Brokeback Mountain,34,3.5588235294117645
85414,Source Code,34,3.6029411764705883
86332,Thor,34,3.514705882352941
1663,Stripes,34,3.7941176470588234
5254,Blade II,34,3.2058823529411766
2140,"Dark Crystal, The",34,3.5441176470588234
3882,Bring It On,34,2.6911764705882355
54259,Stardust,34,3.6029411764705883
362,"Jungle Book, The",34,3.5294117647058822
8807,Harold and Kumar Go to White Castle,34,3.4558823529411766
1287,Ben-Hur,34,3.9411764705882355
44555,"Lives of Others, The (Das leben der Anderen)",34,4.117647058823529
1261,Evil Dead II (Dead by Dawn),34,4.044117647058823
60,"Indian in the Cupboard, The",34,3.235294117647059
524,Rudy,34,3.485294117647059
4344,Swordfish,34,3.1029411764705883
6287,Anger Management,34,3.0588235294117645
45720,"Devil Wears Prada, The",34,3.5588235294117645
327,Tank Girl,34,2.823529411764706
1947,West Side Story,34,3.6029411764705883
4734,Jay and Silent Bob Strike Back,34,3.161764705882353
69481,"Hurt Locker, The",34,4.0588235294117645
1172,Cinema Paradiso (Nuovo cinema Paradiso),34,4.161764705882353
3698,"Running Man, The",34,3.2205882352941178
3681,For a Few Dollars More (Per qualche dollaro in più),33,4.151515151515151
1272,Patton,33,4.121212121212121
2300,"Producers, The",33,3.9696969696969697
637,Sgt. Bilko,33,3.0454545454545454
1047,"Long Kiss Goodnight, The",33,3.3181818181818183
8957,Saw,33,3.1818181818181817
265,Like Water for Chocolate (Como agua para chocolate),33,3.9393939393939394
1244,Manhattan,33,4.106060606060606
5388,Insomnia,33,3.303030303030303
4874,K-PAX,33,3.484848484848485
6534,Hulk,33,2.5606060606060606
6754,Underworld,33,3.5
2393,Star Trek: Insurrection,33,3.1515151515151514
4015,"Dude, Where's My Car?",33,2.727272727272727
3988,How the Grinch Stole Christmas (a.k.a. The Grinch),33,3.0454545454545454
61132,Tropic Thunder,33,3.5
5673,Punch-Drunk Love,33,3.621212121212121
2949,Dr. No,33,3.712121212121212
53322,Ocean's Thirteen,33,3.484848484848485
30825,Meet the Fockers,33,3.106060606060606
1918,Lethal Weapon 4,33,2.8484848484848486
3396,"Muppet Movie, The",33,3.590909090909091
610,Heavy Metal,33,3.5454545454545454
837,Matilda,33,3.272727272727273
342,Muriel's Wedding,33,3.272727272727273
3555,U-571,33,3.4242424242424243
2145,Pretty in Pink,33,3.242424242424242
1882,Godzilla,33,1.9545454545454546
72011,Up in the Air,32,3.71875
96610,Looper,32,3.640625
6157,Daredevil,32,2.5
5064,The Count of Monte Cristo,32,3.828125
104841,Gravity,32,3.578125
6541,"League of Extraordinary Gentlemen, The (a.k.a. LXG)",32,2.625
2944,"Dirty Dozen, The",32,3.96875
1644,I Know What You Did Last Summer,32,2.109375
102125,Iron Man 3,32,3.5625
45,To Die For,32,3.3125
3285,"Beach, The",32,3.0625
3257,"Bodyguard, The",32,2.859375
152081,Zootopia,32,3.890625
8917,Team America: World Police,32,3.46875
4361,Tootsie,32,3.421875
8970,Finding Neverland,32,3.609375
303,"Quick and the Dead, The",32,2.953125
1911,Dr. Dolittle,32,2.609375
53972,Live Free or Die Hard,32,3.40625
88129,Drive,32,3.765625
6281,Phone Booth,32,3.140625
1912,Out of Sight,32,3.859375
2160,Rosemary's Baby,32,4.171875
68237,Moon,32,3.96875
88140,Captain America: The First Avenger,32,3.546875
1717,Scream 2,31,2.9193548387096775
4890,Shallow Hal,31,3.032258064516129
61024,Pineapple Express,31,3.6774193548387095
5630,Red Dragon,31,3.435483870967742
1747,Wag the Dog,31,3.338709677419355
4701,Rush Hour 2,31,3.370967741935484
110102,Captain America: The Winter Soldier,31,3.7419354838709675
108932,The Lego Movie,31,3.870967741935484
135,Down Periscope,31,2.9516129032258065
1805,Wild Things,31,3.0161290322580645
1405,Beavis and Butt-Head Do America,31,2.935483870967742
3386,JFK,31,3.5
65,Bio-Dome,31,2.532258064516129
1566,Hercules,31,3.4516129032258065
1587,Conan the Barbarian,31,3.2580645161290325
3256,Patriot Games,31,3.5161290322580645
88163,"Crazy, Stupid, Love.",31,3.9838709677419355
139385,The Revenant,31,3.903225806451613
4446,Final Fantasy: The Spirits Within,31,3.3548387096774195
97938,Life of Pi,31,3.629032258064516
34319,"Island, The",31,3.3548387096774195
272,"Madness of King George, The",31,3.7580645161290325
72641,"Blind Side, The",31,3.6774193548387095
2953,Home Alone 2: Lost in New York,31,2.5161290322580645
46723,Babel,31,3.5
4321,City Slickers,31,3.370967741935484
724,"Craft, The",31,3.032258064516129
2064,Roger & Me,31,3.838709677419355
3006,"Insider, The",31,3.7419354838709675
84152,Limitless,30,3.95
7022,Battle Royale (Batoru rowaiaru),30,3.933333333333333
111362,X-Men: Days of Future Past,30,3.8333333333333335
5219,Resident Evil,30,3.0833333333333335
204,Under Siege 2: Dark Territory,30,2.716666666666667
95167,Brave,30,3.466666666666667
2058,"Negotiator, The",30,3.35
1271,Fried Green Tomatoes,30,3.5
915,Sabrina,30,3.7666666666666666
56757,Sweeney Todd: The Demon Barber of Fleet Street,30,3.716666666666667
2871,Deliverance,30,3.9
2423,Christmas Vacation (National Lampoon's Christmas Vacation),30,3.566666666666667
38038,Wallace & Gromit in The Curse of the Were-Rabbit,30,3.6333333333333333
1479,"Saint, The",30,3.216666666666667
2403,First Blood (Rambo: First Blood),30,3.55
97921,Silver Linings Playbook,30,3.716666666666667
1267,"Manchurian Candidate, The",30,4.25
2501,October Sky,30,3.75
348,Bullets Over Broadway,30,3.5833333333333335
95510,"Amazing Spider-Man, The",30,3.25
1373,Star Trek V: The Final Frontier,30,2.6666666666666665
838,Emma,30,3.9166666666666665
898,"Philadelphia Story, The",29,4.310344827586207
2384,Babe: Pig in the City,29,2.7758620689655173
2411,Rocky IV,29,2.706896551724138
2421,"Karate Kid, Part II, The",29,2.7758620689655173
5444,Lilo & Stitch,29,3.810344827586207
1513,Romy and Michele's High School Reunion,29,2.9655172413793105
60074,Hancock,29,3.0344827586206895
106696,Frozen,29,3.6206896551724137
3273,Scream 3,29,2.6724137931034484
3745,Titan A.E.,29,3.413793103448276
647,Courage Under Fire,29,3.3275862068965516
115149,John Wick,29,3.8448275862068964
3825,Coyote Ugly,29,2.7413793103448274
1339,Dracula (Bram Stoker's Dracula),29,3.4655172413793105
2485,She's All That,29,2.8448275862068964
1831,Lost in Space,29,2.4482758620689653
2722,Deep Blue Sea,29,2.7758620689655173
1061,Sleepers,29,3.6724137931034484
3168,Easy Rider,29,3.603448275862069
94959,Moonrise Kingdom,29,3.7758620689655173
6155,How to Lose a Guy in 10 Days,29,3.2758620689655173
246,Hoop Dreams,29,4.293103448275862
1269,Arsenic and Old Lace,29,3.8793103448275863
3450,Grumpy Old Men,29,3.293103448275862
743,Spy Hard,29,2.5172413793103448
5620,Sweet Home Alabama,28,3.0535714285714284
82459,True Grit,28,3.75
4019,Finding Forrester,28,3.7142857142857144
56782,There Will Be Blood,28,4.142857142857143
46970,Talladega Nights: The Ballad of Ricky Bobby,28,3.25
273,Mary Shelley's Frankenstein (Frankenstein),28,2.9464285714285716
2335,"Waterboy, The",28,3.1785714285714284
968,Night of the Living Dead,28,3.75
1223,"Grand Day Out with Wallace and Gromit, A",28,4.089285714285714
2788,Monty Python's And Now for Something Completely Different,28,4.053571428571429
3186,"Girl, Interrupted",28,3.4642857142857144
1027,Robin Hood: Prince of Thieves,28,3.017857142857143
2243,Broadcast News,28,3.4285714285714284
1077,Sleeper,28,3.75
115713,Ex Machina,28,3.9107142857142856
4232,Spy Kids,28,2.9464285714285716
45186,Mission: Impossible III,28,3.5892857142857144
97304,Argo,28,3.982142857142857
1299,"Killing Fields, The",28,4.017857142857143
2150,"Gods Must Be Crazy, The",28,3.892857142857143
198,Strange Days,28,3.25
74789,Alice in Wonderland,28,2.875
24,Powder,28,3.125
60756,Step Brothers,28,3.5535714285714284
3740,Big Trouble in Little China,28,3.857142857142857
52,Mighty Aphrodite,28,3.4642857142857144
3269,Forever Young,27,2.8518518518518516
720,Wallace & Gromit: The Best of Aardman Animation,27,4.092592592592593
4343,Evolution,27,3.037037037037037
122918,Guardians of the Galaxy 2,27,3.925925925925926
3252,Scent of a Woman,27,3.5925925925925926
4700,"Princess Diaries, The",27,3.037037037037037
3254,Wayne's World 2,27,3.2962962962962963
57368,Cloverfield,27,3.3518518518518516
922,Sunset Blvd. (a.k.a. Sunset Boulevard),27,4.333333333333333
1499,Anaconda,27,1.9259259259259258
741,Ghost in the Shell (Kôkaku kidôtai),27,4.148148148148148
1982,Halloween,27,3.7222222222222223
122900,Ant-Man,27,3.7222222222222223
122892,Avengers: Age of Ultron,27,3.5185185185185186
4901,Spy Game,27,3.4814814814814814
2232,Cube,27,3.425925925925926
6503,Charlie's Angels: Full Throttle,27,2.3703703703703702
40629,Pride & Prejudice,27,3.5555555555555554
2431,Patch Adams,27,3.3703703703703702
909,"Apartment, The",27,3.962962962962963
5872,Die Another Day,27,2.925925925925926
1021,Angels in the Outfield,27,2.3333333333333335
80549,Easy A,27,3.7962962962962963
37733,"History of Violence, A",27,3.5
1257,Better Off Dead...,27,3.685185185185185
1293,Gandhi,27,3.8333333333333335
94864,Prometheus,27,3.2962962962962963
8873,"Motorcycle Diaries, The (Diarios de motocicleta)",27,3.7962962962962963
3072,Moonstruck,27,3.5555555555555554
88744,Rise of the Planet of the Apes,27,3.462962962962963
1347,"Nightmare on Elm Street, A",27,3.0
880,"Island of Dr. Moreau, The",27,2.740740740740741
52281,Grindhouse,27,3.425925925925926
1120,"People vs. Larry Flynt, The",27,3.537037037037037
3424,Do the Right Thing,27,4.037037037037037
2109,"Jerk, The",27,3.3703703703703702
1179,"Grifters, The",27,3.6296296296296298
5013,Gosford Park,27,3.7037037037037037
166528,Rogue One: A Star Wars Story,27,3.925925925925926
102445,Star Trek Into Darkness,27,3.685185185185185
3968,Bedazzled,27,3.074074074074074
6787,All the President's Men,27,4.018518518518518
4002,"Planes, Trains & Automobiles",27,3.8518518518518516
1614,In & Out,26,2.7884615384615383
5574,"Transporter, The",26,3.519230769230769
2359,Waking Ned Devine (a.k.a. Waking Ned),26,3.673076923076923
164179,Arrival,26,3.980769230769231
2082,"Mighty Ducks, The",26,2.6538461538461537
112183,Birdman: Or (The Unexpected Virtue of Ignorance),26,3.3461538461538463
89492,Moneyball,26,3.8846153846153846
1960,"Last Emperor, The",26,3.6923076923076925
3969,Pay It Forward,26,3.4423076923076925
107,Muppet Treasure Island,26,3.326923076923077
1591,Spawn,26,2.6346153846153846
2616,Dick Tracy,26,2.8846153846153846
3148,"Cider House Rules, The",26,3.75
413,Airheads,26,2.7884615384615383
1476,Private Parts,26,3.5384615384615383
3476,Jacob's Ladder,26,3.5576923076923075
1235,Harold and Maude,26,4.288461538461538
93510,21 Jump Street,26,3.8653846153846154
148626,"Big Short, The",26,3.9615384615384617
2409,Rocky II,26,3.1923076923076925
3638,Moonraker,26,3.1346153846153846
3264,Buffy the Vampire Slayer,26,2.423076923076923
8783,"Village, The",26,3.1923076923076925
6957,Bad Santa,26,3.3653846153846154
106487,The Hunger Games: Catching Fire,26,3.6346153846153846
916,Roman Holiday,26,4.0576923076923075
3869,"Naked Gun 2 1/2: The Smell of Fear, The",26,3.423076923076923
2795,National Lampoon's Vacation,26,3.6538461538461537
2826,"13th Warrior, The",26,2.9038461538461537
5945,About Schmidt,26,3.173076923076923
2478,¡Three Amigos!,26,3.1346153846153846
4388,Scary Movie 2,26,2.6538461538461537
4128,"Lost Boys, The",26,3.7115384615384617
68319,X-Men Origins: Wolverine,26,2.8653846153846154
3556,"Virgin Suicides, The",26,3.769230769230769
53519,Death Proof,26,3.1346153846153846
1343,Cape Fear,25,3.78
3608,Pee-wee's Big Adventure,25,2.94
2598,Pushing Tin,25,2.84
3798,What Lies Beneath,25,3.2
2366,King Kong,25,3.64
4823,Serendipity,25,3.14
27706,Lemony Snicket's A Series of Unfortunate Events,25,3.16
8983,House of Flying Daggers (Shi mian mai fu),25,3.52
1378,Young Guns,25,3.1
3438,Teenage Mutant Ninja Turtles,25,3.0
51935,Shooter,25,3.86
2186,Strangers on a Train,25,3.98
374,Richie Rich,25,2.2
1086,Dial M for Murder,25,4.1
86882,Midnight in Paris,25,3.56
2020,Dangerous Liaisons,25,4.0
3534,28 Days,25,3.3
475,In the Name of the Father,25,4.3
1590,Event Horizon,25,2.94
168252,Logan,25,4.28
2986,RoboCop 2,25,2.64
1801,"Man in the Iron Mask, The",25,3.5
67255,"Girl with the Dragon Tattoo, The (Män som hatar kvinnor)",25,3.94
2352,"Big Chill, The",25,3.84
3462,Modern Times,25,3.72
1253,"Day the Earth Stood Still, The",25,3.82
106489,"Hobbit: The Desolation of Smaug, The",25,3.58
2872,Excalibur,25,3.64
5617,Secretary,25,3.9
6953,21 Grams,25,3.3
46530,Superman Returns,25,3.08
1025,"Sword in the Stone, The",25,3.58
54997,3:10 to Yuma,25,4.06
53953,1408,25,3.16
1680,Sliding Doors,25,3.6
3005,"Bone Collector, The",25,2.84
2394,"Prince of Egypt, The",25,3.5
106920,Her,25,3.92
2371,Fletch,24,3.0833333333333335
81847,Tangled,24,3.9166666666666665
3098,"Natural, The",24,3.6458333333333335
56775,National Treasure: Book of Secrets,24,3.0416666666666665
926,All About Eve,24,4.229166666666667
2993,Thunderball,24,3.4791666666666665
1438,Dante's Peak,24,2.625
531,"Secret Garden, The",24,3.25
87869,Horrible Bosses,24,3.4375
86880,Pirates of the Caribbean: On Stranger Tides,24,3.2291666666666665
1711,Midnight in the Garden of Good and Evil,24,3.1041666666666665
515,"Remains of the Day, The",24,3.6041666666666665
7173,Along Came Polly,24,3.0416666666666665
1449,Waiting for Guffman,24,3.875
2410,Rocky III,24,2.7291666666666665
1357,Shine,24,4.0
215,Before Sunrise,24,4.041666666666667
2369,Desperately Seeking Susan,24,2.6666666666666665
5507,xXx,24,2.7708333333333335
230,Dolores Claiborne,24,3.3958333333333335
5110,Super Troopers,24,3.6041666666666665
5103,"Sandlot, The",24,3.4375
1037,"Lawnmower Man, The",24,2.7708333333333335
4489,Coming to America,24,3.4583333333333335
1031,Bedknobs and Broomsticks,24,3.4791666666666665
6593,Freaky Friday,24,3.2083333333333335
1385,Under Siege,24,2.8541666666666665
66934,Dr. Horrible's Sing-Along Blog,24,3.9166666666666665
3704,Mad Max Beyond Thunderdome,24,3.2708333333333335
2046,Flight of the Navigator,24,3.2083333333333335
1212,"Third Man, The",24,4.229166666666667
1883,Bulworth,24,3.2708333333333335
1125,"Return of the Pink Panther, The",24,3.6875
6350,Laputa: Castle in the Sky (Tenkû no shiro Rapyuta),24,4.0625
3037,Little Big Man,24,4.145833333333333
3979,Little Nicky,24,2.5
49286,"Holiday, The",24,3.2083333333333335
2687,Tarzan,24,3.4583333333333335
1945,On the Waterfront,24,4.1875
2528,Logan's Run,24,3.2291666666666665
2108,L.A. Story,24,3.4791666666666665
7454,Van Helsing,24,2.7083333333333335
2471,Crocodile Dundee II,24,2.4791666666666665
3087,Scrooged,24,3.1666666666666665
307,Three Colors: Blue (Trois couleurs: Bleu),24,3.8958333333333335
4023,"Family Man, The",23,3.130434782608696
1186,"Sex, Lies, and Videotape",23,3.5869565217391304
933,To Catch a Thief,23,4.217391304347826
81932,"Fighter, The",23,3.760869565217391
1256,Duck Soup,23,3.8043478260869565
7323,"Good bye, Lenin!",23,3.8043478260869565
1409,Michael,23,2.5
4235,Amores Perros (Love's a Bitch),23,3.9347826086956523
799,"Frighteners, The",23,3.4565217391304346
8371,"Chronicles of Riddick, The",23,3.3043478260869565
105,"Bridges of Madison County, The",23,3.282608695652174
1321,"American Werewolf in London, An",23,3.4130434782608696
866,Bound,23,4.0
1962,Driving Miss Daisy,23,3.739130434782609
117529,Jurassic World,23,3.260869565217391
116823,The Hunger Games: Mockingjay - Part 1,23,3.869565217391304
1298,Pink Floyd: The Wall,23,3.760869565217391
3827,Space Cowboys,23,2.891304347826087
4161,"Mexican, The",23,3.347826086956522
44022,Ice Age 2: The Meltdown,23,3.217391304347826
2336,Elizabeth,23,3.6739130434782608
3107,Backdraft,23,3.3043478260869565
2052,Hocus Pocus,23,2.760869565217391
2428,"Faculty, The",23,2.4782608695652173
2496,Blast from the Past,23,3.108695652173913
45672,Click,23,2.9782608695652173
46972,Night at the Museum,23,3.239130434782609
2840,Stigmata,23,2.869565217391304
562,Welcome to the Dollhouse,23,3.5434782608695654
37741,Capote,23,3.869565217391304
2805,Mickey Blue Eyes,23,3.0
1792,U.S. Marshals,23,3.0217391304347827
2991,Live and Let Die,23,3.6956521739130435
1779,Sphere,23,2.760869565217391
101,Bottle Rocket,23,3.782608695652174
7099,Nausicaä of the Valley of the Wind (Kaze no tani no Naushika),23,4.0
102903,Now You See Me,22,3.409090909090909
1586,G.I. Jane,22,2.7954545454545454
3317,Wonder Boys,22,3.659090909090909
2134,Weird Science,22,3.1136363636363638
237,Forget Paris,22,3.340909090909091
5283,National Lampoon's Van Wilder,22,2.909090909090909
2600,eXistenZ,22,3.8636363636363638
203,"To Wong Foo, Thanks for Everything! Julie Newmar",22,3.4318181818181817
468,"Englishman Who Went Up a Hill But Came Down a Mountain, The",22,3.2045454545454546
60072,Wanted,22,3.159090909090909
1350,"Omen, The",22,3.8181818181818183
2096,Sleeping Beauty,22,3.409090909090909
1952,Midnight Cowboy,22,3.9545454545454546
1958,Terms of Endearment,22,3.7954545454545454
6323,Identity,22,3.6818181818181817
2642,Superman III,22,2.25
276,Milk Money,22,3.25
97913,Wreck-It Ralph,22,3.75
1188,Strictly Ballroom,22,3.659090909090909
91630,Mission: Impossible - Ghost Protocol,22,3.659090909090909
2245,Working Girl,22,3.2045454545454546
3360,Hoosiers (a.k.a. Best Shot),22,3.7045454545454546
227,Drop Zone,22,2.8636363636363638
54995,Planet Terror,22,3.7954545454545454
27904,"Scanner Darkly, A",22,3.6136363636363638
2707,Arlington Road,22,3.272727272727273
5171,"Time Machine, The",22,2.8636363636363638
122922,Doctor Strange,22,3.7045454545454546
5313,The Scorpion King,22,2.2954545454545454
5954,25th Hour,22,3.840909090909091
4105,"Evil Dead, The",22,3.8181818181818183
4069,"Wedding Planner, The",22,2.909090909090909
93840,"Cabin in the Woods, The",22,4.0227272727272725
748,"Arrival, The",22,3.1136363636363638
1231,"Right Stuff, The",22,3.8636363636363638
80489,"Town, The",22,3.9545454545454546
3504,Network,22,4.0227272727272725
63992,Twilight,22,2.409090909090909
5449,Mr. Deeds,22,2.909090909090909
103042,Man of Steel,22,3.2954545454545454
3100,"River Runs Through It, A",22,3.9318181818181817
3104,Midnight Run,22,3.6363636363636362
3105,Awakenings,22,3.6818181818181817
6773,"Triplets of Belleville, The (Les triplettes de Belleville)",22,3.7045454545454546
2378,Police Academy,22,3.022727272727273
122920,Captain America: Civil War,22,3.6136363636363638
3263,White Men Can't Jump,22,3.0454545454545454
2391,"Simple Plan, A",22,3.7954545454545454
3984,Diamonds Are Forever,21,3.5
84954,"Adjustment Bureau, The",21,3.1666666666666665
707,Mulholland Falls,21,2.880952380952381
247,Heavenly Creatures,21,3.9285714285714284
2375,"Money Pit, The",21,2.9285714285714284
2376,"View to a Kill, A",21,3.2142857142857144
105504,Captain Phillips,21,4.0476190476190474
106072,Thor: The Dark World,21,3.3095238095238093
1965,Repo Man,21,3.380952380952381
2013,"Poseidon Adventure, The",21,3.0952380952380953
95441,Ted,21,3.2857142857142856
3536,Keeping the Faith,21,3.4523809523809526
3070,"Adventures of Buckaroo Banzai Across the 8th Dimension, The",21,3.5476190476190474
2067,Doctor Zhivago,21,4.142857142857143
8910,I Heart Huckabees,21,3.4523809523809526
5225,And Your Mother Too (Y tu mamá también),21,3.9523809523809526
7444,13 Going on 30,21,3.1904761904761907
546,Super Mario Bros.,21,2.0
1175,Delicatessen,21,3.8333333333333335
72378,2012,21,2.619047619047619
2125,Ever After: A Cinderella Story,21,3.619047619047619
2137,Charlotte's Web,21,3.5476190476190474
2139,"Secret of NIMH, The",21,3.4761904761904763
207,"Walk in the Clouds, A",21,3.4285714285714284
88810,"Help, The",21,3.8333333333333335
6979,WarGames,21,3.3095238095238093
37386,Aeon Flux,21,2.761904761904762
383,Wyatt Earp,21,3.0952380952380953
371,"Paper, The",21,3.3095238095238093
372,Reality Bites,21,2.761904761904762
2720,Inspector Gadget,21,2.0952380952380953
830,"First Wives Club, The",21,3.0714285714285716
3697,Predator 2,21,2.9047619047619047
379,Timecop,21,2.5
7325,Starsky & Hutch,21,3.2857142857142856
53000,28 Weeks Later,21,3.5952380952380953
53121,Shrek the Third,21,3.0238095238095237
41997,Munich,21,3.8095238095238093
87306,Super 8,21,3.5952380952380953
2989,For Your Eyes Only,21,3.5476190476190474
519,RoboCop 3,21,2.4047619047619047
107406,Snowpiercer,21,3.4285714285714284
86833,Bridesmaids,21,3.761904761904762
1049,"Ghost and the Darkness, The",21,3.4761904761904763
62434,Zack and Miri Make a Porno,21,3.5238095238095237
55269,"Darjeeling Limited, The",21,3.4285714285714284
1091,Weekend at Bernie's,21,2.5476190476190474
79592,"Other Guys, The",21,3.261904761904762
3354,Mission to Mars,21,2.6904761904761907
2405,"Jewel of the Nile, The",21,2.8095238095238093
262,"Little Princess, A",21,3.9047619047619047
2010,Metropolis,21,3.857142857142857
4247,Joe Dirt,21,2.380952380952381
104211,We're the Millers,21,3.738095238095238
3298,Boiler Room,21,3.7142857142857144
34437,Broken Flowers,21,3.4761904761904763
4007,Wall Street,20,3.75
3986,"6th Day, The",20,2.8
48738,"Last King of Scotland, The",20,3.975
1688,Anastasia,20,3.35
1616,"Peacemaker, The",20,3.025
55290,Gone Baby Gone,20,3.45
308,Three Colors: White (Trzy kolory: Bialy),20,4.025
1033,"Fox and the Hound, The",20,3.575
2990,Licence to Kill,20,3.325
106918,"Secret Life of Walter Mitty, The",20,4.0
31410,"Downfall (Untergang, Der)",20,3.875
419,"Beverly Hillbillies, The",20,2.675
2253,Toys,20,2.375
39292,"Good Night, and Good Luck.",20,3.775
63131,Role Models,20,3.625
1588,George of the Jungle,20,3.075
5881,Solaris,20,3.075
6283,Cowboy Bebop: The Movie (Cowboy Bebop: Tengoku no Tobira),20,3.9
1292,Being There,20,3.95
6888,Scary Movie 3,20,2.275
69,Friday,20,3.775
18,Four Rooms,20,3.7
8969,Bridget Jones: The Edge of Reason,20,3.025
69526,Transformers: Revenge of the Fallen,20,2.425
49278,Déjà Vu (Deja Vu),20,3.3
7387,Dawn of the Dead,20,3.975
102407,"Great Gatsby, The",20,3.375
2133,Adventures in Babysitting,20,3.325
4980,Bill & Ted's Bogus Journey,20,3.075
81229,Red,20,3.5
1015,Homeward Bound: The Incredible Journey,20,2.95
930,Notorious,20,4.25
4958,Behind Enemy Lines,20,3.25
319,Shallow Grave,20,3.6
96588,Pitch Perfect,20,3.625
4448,"Score, The",20,3.55
4545,Short Circuit,20,3.275
81564,Megamind,20,3.6
175,Kids,20,3.975
3910,Dancer in the Dark,20,3.975
1245,Miller's Crossing,20,4.225
7346,"Girl Next Door, The",20,3.125
1104,"Streetcar Named Desire, A",20,4.475
7371,Dogville,20,4.025
88405,Friends with Benefits,20,3.05
36401,"Brothers Grimm, The",20,2.625
56949,27 Dresses,20,3.3
27660,"Animatrix, The",20,3.7
1429,First Strike (Police Story 4: First Strike) (Ging chaat goo si 4: Ji gaan daan yam mo),20,3.575
2053,"Honey, I Blew Up the Kid",20,2.05
101864,Oblivion,20,3.3
4623,Major League,20,3.575
53464,Fantastic Four: Rise of the Silver Surfer,20,2.575
96821,"Perks of Being a Wallflower, The",20,3.825
1297,Real Genius,20,3.675
6297,Holes,20,3.425
122916,Thor: Ragnarok,20,4.025
4855,Dirty Harry,20,3.775
6873,Intolerable Cruelty,20,3.175
4865,From Hell,20,3.65
737,Barb Wire,20,2.65
2340,Meet Joe Black,20,3.05
8958,Ray,19,3.6842105263157894
12,Dracula: Dead and Loving It,19,2.4210526315789473
5528,One Hour Photo,19,3.473684210526316
2009,Soylent Green,19,3.473684210526316
32031,Robots,19,3.026315789473684
1283,High Noon,19,4.2105263157894735
82461,Tron: Legacy,19,3.236842105263158
761,"Phantom, The",19,2.789473684210526
6156,Shanghai Knights,19,3.210526315789474
2686,"Red Violin, The (Violon rouge, Le)",19,4.026315789473684
4366,Atlantis: The Lost Empire,19,3.3421052631578947
112138,22 Jump Street,19,3.6842105263157894
97752,Cloud Atlas,19,3.736842105263158
1381,Grease 2,19,2.0789473684210527
1224,Henry V,19,4.0
4084,Beverly Hills Cop II,19,2.8684210526315788
1556,Speed 2: Cruise Control,19,1.605263157894737
4873,Waking Life,19,3.6842105263157894
142488,Spotlight,19,4.157894736842105
5782,"Professional, The (Le professionnel)",19,3.8684210526315788
3328,Ghost Dog: The Way of the Samurai,19,4.052631578947368
2792,Airplane II: The Sequel,19,3.1842105263157894
3683,Blood Simple,19,4.0
2402,Rambo: First Blood Part II,19,2.6578947368421053
3593,Battlefield Earth,19,1.6578947368421053
55118,Eastern Promises,19,4.026315789473684
48304,Apocalypto,19,3.6052631578947367
3744,Shaft,19,2.6578947368421053
103335,Despicable Me 2,19,3.5789473684210527
3893,Nurse Betty,19,3.3421052631578947
1693,Amistad,19,3.5
103249,World War Z,19,3.026315789473684
481,Kalifornia,19,3.1578947368421053
89864,50/50,19,3.6315789473684212
3861,"Replacements, The",19,2.6842105263157894
2083,"Muppet Christmas Carol, The",19,3.736842105263158
2881,Double Jeopardy,19,3.026315789473684
3157,Stuart Little,19,2.8421052631578947
800,Lone Star,19,4.157894736842105
5308,Three Men and a Baby,19,2.8157894736842106
765,Jack,19,3.1578947368421053
1100,Days of Thunder,19,2.710526315789474
6383,"2 Fast 2 Furious (Fast and the Furious 2, The)",19,2.6052631578947367
5957,Two Weeks Notice,19,3.263157894736842
338,Virtuosity,19,2.8421052631578947
31878,Kung Fu Hustle (Gong fu),19,3.5789473684210527
27611,Battlestar Galactica,19,3.8157894736842106
5944,Star Trek: Nemesis,19,3.1052631578947367
2567,EDtv,19,2.973684210526316
3083,All About My Mother (Todo sobre mi madre),19,4.157894736842105
27831,Layer Cake,19,3.8157894736842106
5943,Maid in Manhattan,19,2.6052631578947367
2863,"Hard Day's Night, A",19,3.473684210526316
1441,Benny & Joon,19,3.473684210526316
57640,Hellboy II: The Golden Army,18,3.8055555555555554
83134,Tucker & Dale vs Evil,18,3.9166666666666665
34072,"March of the Penguins (Marche de l'empereur, La)",18,3.5555555555555554
2338,I Still Know What You Did Last Summer,18,2.0555555555555554
58803,21,18,3.75
533,"Shadow, The",18,2.888888888888889
108190,Divergent,18,3.0
428,"Bronx Tale, A",18,3.7222222222222223
516,Renaissance Man,18,3.0555555555555554
6620,American Splendor,18,3.8333333333333335
63859,Bolt,18,3.388888888888889
514,"Ref, The",18,3.4166666666666665
954,Mr. Smith Goes to Washington,18,4.083333333333333
2973,Crimes and Misdemeanors,18,3.9166666666666665
540,Sliver,18,2.6666666666666665
955,Bringing Up Baby,18,3.861111111111111
2413,Clue,18,3.388888888888889
5463,Reign of Fire,18,2.7222222222222223
2841,Stir of Echoes,18,3.5277777777777777
1687,"Jackal, The",18,3.2222222222222223
91535,"Bourne Legacy, The",18,3.138888888888889
58025,Jumper,18,3.0
94777,Men in Black III (M.III.B.) (M.I.B.³),18,3.2777777777777777
249,Immortal Beloved,18,3.7222222222222223
128360,The Hateful Eight,18,3.75
47997,Idiocracy,18,3.7222222222222223
3173,Any Given Sunday,18,3.0
6565,Seabiscuit,18,3.6944444444444446
4621,Look Who's Talking,18,2.388888888888889
2467,"Name of the Rose, The (Name der Rose, Der)",18,3.75
4639,America's Sweethearts,18,2.5833333333333335
56171,"Golden Compass, The",18,3.111111111111111
8865,Sky Captain and the World of Tomorrow,18,2.638888888888889
103341,"World's End, The",18,3.4166666666666665
194,Smoke,18,3.6666666666666665
90866,Hugo,18,3.75
115569,Nightcrawler,18,4.166666666666667
5015,Monster's Ball,18,3.3055555555555554
2530,Beneath the Planet of the Apes,18,2.7777777777777777
138036,The Man from U.N.C.L.E.,18,3.4722222222222223
3639,"Man with the Golden Gun, The",18,3.5833333333333335
3635,"Spy Who Loved Me, The",18,3.4444444444444446
928,Rebecca,18,4.166666666666667
2505,8MM,18,2.9444444444444446
3452,Romeo Must Die,18,3.0833333333333335
5152,We Were Soldiers,18,3.3333333333333335
5151,40 Days and 40 Nights,18,3.0
72226,Fantastic Mr. Fox,18,4.083333333333333
6796,Boyz N the Hood,18,3.7222222222222223
3468,"Hustler, The",18,4.333333333333333
2141,"American Tail, An",18,3.1666666666666665
4728,Rat Race,18,3.0555555555555554
2088,Popeye,18,2.5
1920,Small Soldiers,18,2.8333333333333335
5291,Rashomon (Rashômon),18,3.9444444444444446
1359,Jingle All the Way,18,2.861111111111111
81562,127 Hours,18,3.8333333333333335
1209,Once Upon a Time in the West (C'era una volta il West),18,4.305555555555555
2527,Westworld,18,3.4166666666666665
118696,The Hobbit: The Battle of the Five Armies,18,3.4166666666666665
176371,Blade Runner 2049,18,3.8055555555555554
14,Nixon,18,3.8333333333333335
68791,Terminator Salvation,18,3.25
2110,Dead Men Don't Wear Plaid,18,3.3055555555555554
1237,"Seventh Seal, The (Sjunde inseglet, Det)",18,4.222222222222222
3479,Ladyhawke,18,3.3333333333333335
3508,"Outlaw Josey Wales, The",18,4.25
3267,"Mariachi, El",18,3.5555555555555554
3271,Of Mice and Men,17,3.676470588235294
6879,Runaway Jury,17,3.4411764705882355
234,Exit to Eden,17,2.588235294117647
94677,"Dictator, The",17,3.5588235294117645
1248,Touch of Evil,17,4.264705882352941
84944,Rango,17,3.6176470588235294
2313,"Elephant Man, The",17,4.029411764705882
33162,Kingdom of Heaven,17,3.5
79,"Juror, The",17,2.764705882352941
117176,The Theory of Everything,17,3.7058823529411766
50068,Letters from Iwo Jima,17,3.7058823529411766
68554,Angels & Demons,17,3.264705882352941
4238,Along Came a Spider,17,3.1470588235294117
181,Mighty Morphin Power Rangers: The Movie,17,2.264705882352941
351,"Corrina, Corrina",17,3.176470588235294
111781,Mission: Impossible - Rogue Nation,17,3.6470588235294117
112290,Boyhood,17,3.823529411764706
52245,Blades of Glory,17,3.088235294117647
4992,Kate & Leopold,17,3.2058823529411766
1171,Bob Roberts,17,3.3529411764705883
1019,"20,000 Leagues Under the Sea",17,3.4705882352941178
1635,"Ice Storm, The",17,3.8823529411764706
61240,Let the Right One In (Låt den rätte komma in),17,3.911764705882353
3435,Double Indemnity,17,4.323529411764706
6059,"Recruit, The",17,3.3529411764705883
8228,"Maltese Falcon, The (a.k.a. Dangerous Female)",17,3.6176470588235294
5014,I Am Sam,17,3.764705882352941
2072,"'burbs, The",17,3.176470588235294
26662,Kiki's Delivery Service (Majo no takkyûbin),17,4.0588235294117645
3146,Deuce Bigalow: Male Gigolo,17,2.323529411764706
836,Chain Reaction,17,2.8823529411764706
67087,"I Love You, Man",17,3.5294117647058822
3020,Falling Down,17,3.5294117647058822
1388,Jaws 2,17,2.6176470588235294
1835,City of Angels,17,3.3823529411764706
361,It Could Happen to You,17,3.0588235294117645
3646,Big Momma's House,17,2.176470588235294
3633,On Her Majesty's Secret Service,17,3.264705882352941
78469,"A-Team, The",17,3.1470588235294117
8914,Primer,17,3.7941176470588234
239,"Goofy Movie, A",17,3.0
3735,Serpico,17,3.7941176470588234
3730,"Conversation, The",17,4.205882352941177
1303,"Man Who Would Be King, The",17,4.029411764705882
136020,Spectre,17,3.0588235294117645
6548,Bad Boys II,17,2.8823529411764706
7163,Paycheck,17,2.911764705882353
6764,"Rundown, The",17,3.1470588235294117
56152,Enchanted,17,3.676470588235294
7004,Kindergarten Cop,17,2.8823529411764706
6618,Shaolin Soccer (Siu lam juk kau),17,3.823529411764706
41285,Match Point,17,3.4411764705882355
87222,Kung Fu Panda 2,17,3.323529411764706
162,Crumb,17,4.205882352941177
6564,Lara Croft Tomb Raider: The Cradle of Life,17,2.6470588235294117
8810,AVP: Alien vs. Predator,17,2.823529411764706
1296,"Room with a View, A",17,3.7058823529411766
71264,Cloudy with a Chance of Meatballs,17,3.5294117647058822
106100,Dallas Buyers Club,17,3.9705882352941178
477,What's Love Got to Do with It?,17,3.3823529411764706
58293,"10,000 BC",17,2.7058823529411766
79695,"Expendables, The",17,3.0588235294117645
7149,Something's Gotta Give,17,3.6470588235294117
1464,Lost Highway,17,3.264705882352941
7160,Monster,17,3.5294117647058822
4881,"Man Who Wasn't There, The",17,3.735294117647059
2412,Rocky V,17,1.9411764705882353
5419,Scooby-Doo,17,2.8529411764705883
5400,"Sum of All Fears, The",17,2.9705882352941178
55276,Michael Clayton,17,3.911764705882353
40278,Jarhead,17,3.676470588235294
33660,Cinderella Man,17,4.088235294117647
2398,Miracle on 34th Street,17,4.0588235294117645
5785,Jackass: The Movie,17,3.5
2808,Universal Soldier,17,2.2058823529411766
491,"Man Without a Face, The",17,3.2941176470588234
248,Houseguest,17,3.176470588235294
267,Major Payne,17,2.9411764705882355
2311,2010: The Year We Make Contact,17,3.588235294117647
88,Black Sheep,16,3.15625
23,Assassins,16,3.125
1254,"Treasure of the Sierra Madre, The",16,3.65625
4327,"Magnificent Seven, The",16,3.59375
2318,Happiness,16,4.125
1243,Rosencrantz and Guildenstern Are Dead,16,3.96875
1974,Friday the 13th,16,2.875
122926,Untitled Spider-Man Reboot,16,4.15625
3791,Footloose,16,3.1875
3089,Bicycle Thieves (a.k.a. The Bicycle Thief) (a.k.a. The Bicycle Thieves) (Ladri di biciclette),16,4.125
1894,Six Days Seven Nights,16,2.84375
306,Three Colors: Red (Trois couleurs: Rouge),16,4.21875
69406,"Proposal, The",16,3.5
114180,"Maze Runner, The",16,2.9375
314,"Secret of Roan Inish, The",16,3.75
2643,Superman IV: The Quest for Peace,16,1.6875
1227,Once Upon a Time in America,16,4.0625
134368,Spy,16,3.6875
3763,F/X,16,3.21875
4351,Point Break,16,3.25
69951,"Imaginarium of Doctor Parnassus, The",16,3.8125
1348,"Nosferatu (Nosferatu, eine Symphonie des Grauens)",16,3.53125
222,Circle of Friends,16,3.75
2114,"Outsiders, The",16,3.71875
575,"Little Rascals, The",16,2.65625
1892,"Perfect Murder, A",16,3.28125
2735,"Golden Child, The",16,2.71875
3821,Nutty Professor II: The Klumps,16,2.28125
5690,Grave of the Fireflies (Hotaru no haka),16,4.15625
2819,Three Days of the Condor (3 Days of the Condor),16,3.75
5791,Frida,16,3.78125
36519,Transporter 2,16,3.21875
1719,"Sweet Hereafter, The",16,4.25
122,Boomerang,16,2.65625
140,Up Close and Personal,16,3.5
103141,Monsters University,16,3.875
6659,Tremors,16,3.4375
532,Serial Mom,16,3.0
4499,Dirty Rotten Scoundrels,16,4.125
3178,"Hurricane, The",16,3.53125
40583,Syriana,16,3.53125
2450,Howard the Duck,16,2.15625
1753,Half Baked,16,3.59375
6586,American Wedding (American Pie 3),16,3.09375
1431,Beverly Hills Ninja,16,2.46875
1411,Hamlet,16,4.0
7360,Dawn of the Dead,16,3.90625
42738,Underworld: Evolution,16,3.09375
382,Wolf,16,3.15625
111659,Maleficent,16,2.75
8981,Closer,16,3.71875
2146,St. Elmo's Fire,16,3.21875
136864,Batman v Superman: Dawn of Justice,16,2.34375
73321,"Book of Eli, The",16,3.28125
1702,Flubber,16,3.0
415,Another Stakeout,16,2.53125
106916,American Hustle,16,3.25
4054,Save the Last Dance,16,2.84375
2416,Back to School,16,2.90625
1665,Bean,16,2.96875
1589,Cop Land,16,3.28125
3972,"Legend of Drunken Master, The (Jui kuen II)",16,4.125
103253,Elysium,16,3.3125
2387,Very Bad Things,16,3.4375
4039,Annie,16,3.125
2942,Flashdance,16,2.875
60950,Vicky Cristina Barcelona,16,3.09375
104879,Prisoners,16,4.15625
60126,Get Smart,16,3.46875
103772,"Wolverine, The",16,3.375
2301,History of the World: Part I,16,3.625
9,Sudden Death,16,3.125
105844,12 Years a Slave,16,3.625
106002,Ender's Game,16,3.4375
2468,Jumpin' Jack Flash,15,2.5
2447,Varsity Blues,15,3.2666666666666666
135569,Star Trek Beyond,15,3.466666666666667
135887,Minions,15,3.1666666666666665
3526,Parenthood,15,3.7
1327,"Amityville Horror, The",15,2.6333333333333333
6003,Confessions of a Dangerous Mind,15,3.6
5025,Orange County,15,2.6333333333333333
1217,Ran,15,4.433333333333334
2533,Escape from the Planet of the Apes,15,3.0
3246,Malcolm X,15,4.166666666666667
3243,Encino Man,15,2.4
97306,Seven Psychopaths,15,3.466666666666667
2126,Snake Eyes,15,2.7666666666666666
1845,Zero Effect,15,3.966666666666667
3836,Kelly's Heroes,15,4.133333333333334
2702,Summer of Sam,15,3.4
2688,"General's Daughter, The",15,2.933333333333333
2004,Gremlins 2: The New Batch,15,3.3333333333333335
3113,End of Days,15,2.7
112175,How to Train Your Dragon 2,15,3.7666666666666666
1895,Can't Hardly Wait,15,3.3333333333333335
2118,"Dead Zone, The",15,3.7333333333333334
2123,All Dogs Go to Heaven,15,2.7
3159,Fantasia 2000,15,3.8333333333333335
114662,American Sniper,15,3.8
112623,Dawn of the Planet of the Apes,15,3.433333333333333
2116,"Lord of the Rings, The",15,3.1333333333333333
2606,Idle Hands,15,2.566666666666667
2059,"Parent Trap, The",15,3.0
1959,Out of Africa,15,3.6666666666666665
3060,"Commitments, The",15,3.8666666666666667
8638,Before Sunset,15,3.7
168250,Get Out,15,3.6333333333333333
41,Richard III,15,3.7
5541,Hot Shots!,15,3.1333333333333333
1281,"Great Dictator, The",15,4.133333333333334
1260,M,15,3.7333333333333334
714,Dead Man,15,3.966666666666667
46,How to Make an American Quilt,15,3.066666666666667
3978,"Legend of Bagger Vance, The",15,3.066666666666667
3507,"Odd Couple, The",15,4.066666666666666
84772,Paul,15,3.2
20,Money Train,15,2.5
76,Screamers,15,3.4
104374,About Time,15,3.933333333333333
79293,Salt,15,2.966666666666667
147,"Basketball Diaries, The",15,3.466666666666667
3258,Death Becomes Her,15,2.8666666666666667
3917,Hellraiser,15,3.3666666666666667
86,White Squall,15,3.966666666666667
59900,You Don't Mess with the Zohan,15,2.8666666666666667
1515,Volcano,15,2.1
502,"Next Karate Kid, The",15,2.3666666666666667
1030,Pete's Dragon,15,2.7666666666666666
535,Short Cuts,15,3.2666666666666666
3355,"Ninth Gate, The",15,3.2
3591,Mr. Mom,15,2.7333333333333334
3398,"Muppets Take Manhattan, The",15,3.3333333333333335
3668,Romeo and Juliet,15,3.6666666666666665
1057,Everyone Says I Love You,15,3.466666666666667
1754,Fallen,15,3.5
3686,Flatliners,15,2.933333333333333
412,"Age of Innocence, The",15,3.5
158238,The Nice Guys,15,3.8333333333333335
86911,"Hangover Part II, The",15,3.2666666666666666
52975,Hairspray,15,3.5
7347,Secret Window,15,3.3
1095,Glengarry Glen Ross,15,3.6666666666666665
76077,Hot Tub Time Machine,15,3.3
7317,EuroTrip,15,3.1333333333333333
1103,Rebel Without a Cause,15,4.1
5992,"Hours, The",15,3.7
3156,Bicentennial Man,15,2.8
67734,Adventureland,15,3.3333333333333335
839,"Crow: City of Angels, The",15,2.8333333333333335
1488,"Devil's Own, The",15,2.8333333333333335
2794,European Vacation (aka National Lampoon's European Vacation),15,2.6333333333333333
6296,"Mighty Wind, A",14,3.75
8366,Saved!,14,3.892857142857143
122924,X-Men: Apocalypse,14,3.0714285714285716
47518,Accepted,14,2.9285714285714284
3980,Men of Honor,14,3.392857142857143
84374,No Strings Attached,14,2.9285714285714284
218,Boys on the Side,14,3.4285714285714284
5066,"Walk to Remember, A",14,3.5
1284,"Big Sleep, The",14,4.142857142857143
2367,King Kong,14,2.7142857142857144
951,His Girl Friday,14,4.392857142857143
257,Just Cause,14,3.5
281,Nobody's Fool,14,3.7857142857142856
1251,8 1/2 (8½),14,4.071428571428571
96737,Dredd,14,3.7142857142857144
48043,"Fountain, The",14,3.5
71530,Surrogates,14,3.0357142857142856
290,Once Were Warriors,14,4.035714285714286
45431,Over the Hedge,14,3.4285714285714284
71057,9,14,3.642857142857143
135143,Fantastic Beasts and Where to Find Them,14,3.6785714285714284
6440,Barton Fink,14,4.035714285714286
8861,Resident Evil: Apocalypse,14,2.9285714285714284
46965,Snakes on a Plane,14,2.642857142857143
47200,Crank,14,3.4285714285714284
232,Eat Drink Man Woman (Yin shi nan nu),14,3.892857142857143
3440,Teenage Mutant Ninja Turtles III,14,2.0714285714285716
2060,BASEketball,14,3.0714285714285716
45666,Nacho Libre,14,2.4642857142857144
90405,In Time,14,3.392857142857143
52328,Sunshine,14,3.642857142857143
4144,In the Mood For Love (Fa yeung nin wa),14,4.214285714285714
2136,"Nutty Professor, The",14,2.4642857142857144
98961,Zero Dark Thirty,14,4.107142857142857
7439,"Punisher, The",14,3.5
99007,Warm Bodies,14,3.5
51086,"Number 23, The",14,2.9285714285714284
51412,Next,14,2.8214285714285716
3441,Red Dawn,14,3.4285714285714284
3543,Diner,14,3.75
4974,Not Another Teen Movie,14,2.5714285714285716
2117,1984 (Nineteen Eighty-Four),14,3.7142857142857144
102123,This Is the End,14,3.2142857142857144
69644,Ice Age: Dawn of the Dinosaurs,14,2.607142857142857
1344,Cape Fear,14,3.9642857142857144
49651,Rocky Balboa,14,3.3214285714285716
5026,"Brotherhood of the Wolf (Pacte des loups, Le)",14,3.8214285714285716
609,Homeward Bound II: Lost in San Francisco,14,3.5714285714285716
6385,Whale Rider,14,3.75
1955,Kramer vs. Kramer,14,3.892857142857143
4558,Twins,14,2.4642857142857144
4378,Sexy Beast,14,3.7142857142857144
542,Son in Law,14,2.7857142857142856
26776,Porco Rosso (Crimson Pig) (Kurenai no buta),14,3.892857142857143
905,It Happened One Night,14,4.321428571428571
111360,Lucy,14,2.8214285714285716
8985,Blade: Trinity,14,2.857142857142857
7367,"Ladykillers, The",14,2.5714285714285716
65230,Marley & Me,14,3.142857142857143
1769,"Replacement Killers, The",14,2.9285714285714284
159,Clockers,14,2.892857142857143
6595,S.W.A.T.,14,3.3214285714285716
6755,Bubba Ho-tep,14,3.3214285714285716
2966,"Straight Story, The",14,3.9285714285714284
2995,House on Haunted Hill,14,2.4285714285714284
6709,Once Upon a Time in Mexico,14,3.2142857142857144
2463,Ruthless People,14,3.3214285714285716
164,Devil in a Blue Dress,14,3.3214285714285716
53894,Sicko,14,3.7142857142857144
3016,Creepshow,14,3.0714285714285716
5878,Talk to Her (Hable con Ella),14,4.035714285714286
3198,Papillon,14,3.9285714285714284
4041,"Officer and a Gentleman, An",14,3.642857142857143
56145,"Mist, The",14,3.4285714285714284
534,Shadowlands,14,3.607142857142857
2422,"Karate Kid, Part III, The",14,1.75
4887,"One, The",14,2.75
2857,Yellow Submarine,14,3.2857142857142856
2950,"Blue Lagoon, The",14,2.4642857142857144
100,City Hall,14,2.7857142857142856
152077,10 Cloverfield Lane,14,3.6785714285714284
492,Manhattan Murder Mystery,14,3.75
1619,Seven Years in Tibet,14,3.4285714285714284
60397,Mamma Mia!,14,2.9642857142857144
3248,Sister Act 2: Back in the Habit,14,1.8928571428571428
2912,"Limey, The",14,3.892857142857143
58047,"Definitely, Maybe",14,3.4285714285714284
2901,Phantasm,14,2.892857142857143
3615,Dinosaur,14,3.107142857142857
103228,Pacific Rim,14,3.607142857142857
81,Things to Do in Denver When You're Dead,14,3.107142857142857
4017,Pollock,14,3.5357142857142856
2297,What Dreams May Come,14,3.642857142857143
3999,Vertical Limit,14,2.607142857142857
15,Cutthroat Island,13,3.0
174055,Dunkirk,13,3.423076923076923
177765,Coco,13,3.5384615384615383
3981,Red Planet,13,2.3461538461538463
1603,Mimic,13,2.4615384615384617
55052,Atonement,13,3.5384615384615383
7156,"Fog of War: Eleven Lessons from the Life of Robert S. McNamara, The",13,4.3076923076923075
2803,"Pelican Brief, The",13,2.923076923076923
2802,Tequila Sunrise,13,3.0384615384615383
59022,Harold & Kumar Escape from Guantanamo Bay,13,3.3076923076923075
58295,"Bank Job, The",13,3.6153846153846154
6857,Ninja Scroll (Jûbei ninpûchô),13,3.769230769230769
3852,"Tao of Steve, The",13,3.3846153846153846
143355,Wonder Woman,13,3.3076923076923075
33836,Bewitched,13,2.269230769230769
1537,Shall We Dance? (Shall We Dansu?),13,3.8076923076923075
1518,Breakdown,13,3.3461538461538463
7265,"Dreamers, The",13,3.730769230769231
62999,Madagascar: Escape 2 Africa,13,3.6923076923076925
62849,RocknRolla,13,3.769230769230769
1799,Suicide Kings,13,3.423076923076923
7318,"Passion of the Christ, The",13,2.6153846153846154
2779,Heaven Can Wait,13,3.269230769230769
4254,Crocodile Dundee in Los Angeles,13,2.1923076923076925
4214,Revenge of the Nerds,13,2.8846153846153846
176,Living in Oblivion,13,4.3076923076923075
37384,Waiting...,13,3.269230769230769
36517,"Constant Gardener, The",13,3.4615384615384617
140110,The Intern,13,3.6538461538461537
6550,Johnny English,13,2.9615384615384617
1833,Mercury Rising,13,3.0
2728,Spartacus,13,3.576923076923077
53993,Evan Almighty,13,2.5384615384615383
3030,Yojimbo,13,4.230769230769231
3044,Dead Again,13,3.769230769230769
6331,Spellbound,13,3.923076923076923
2719,"Haunting, The",13,2.1153846153846154
1301,Forbidden Planet,13,3.8076923076923075
4467,"Adventures of Baron Munchausen, The",13,3.769230769230769
115210,Fury,13,3.769230769230769
280,Murder in the First,13,4.076923076923077
122912,Avengers: Infinity War - Part I,13,4.0
1211,"Wings of Desire (Himmel über Berlin, Der)",13,3.8846153846153846
1135,Private Benjamin,13,3.1153846153846154
2664,Invasion of the Body Snatchers,13,3.769230769230769
7482,Enter the Dragon,13,4.038461538461538
1124,On Golden Pond,13,3.6538461538461537
78105,Prince of Persia: The Sands of Time,13,2.8846153846153846
77455,Exit Through the Gift Shop,13,4.038461538461538
76175,Clash of the Titans,13,2.3076923076923075
1064,Aladdin and the King of Thieves,13,3.1538461538461537
3219,Pacific Heights,13,3.1923076923076925
3213,Batman: Mask of the Phantasm,13,4.115384615384615
111364,Godzilla,13,2.6153846153846154
3701,Alien Nation,13,3.1153846153846154
3699,Starman,13,3.1538461538461537
39446,Saw II,13,2.8076923076923075
1957,Chariots of Fire,13,4.038461538461538
996,Last Man Standing,13,2.5
1023,Winnie the Pooh and the Blustery Day,13,3.6153846153846154
8640,King Arthur,13,2.9615384615384617
47629,The Queen,13,3.730769230769231
986,Fly Away Home,13,3.5384615384615383
3316,Reindeer Games,13,2.4615384615384617
3307,City Lights,13,3.8461538461538463
911,Charade,13,3.8076923076923075
45950,"Inconvenient Truth, An",13,3.576923076923077
45880,Marie Antoinette,13,3.1923076923076925
892,Twelfth Night,13,3.5384615384615383
45728,Clerks II,13,3.8846153846153846
4679,Uncle Buck,13,2.8846153846153846
4677,Turner & Hooch,13,3.0384615384615383
2459,"Texas Chainsaw Massacre, The",13,3.269230769230769
2454,"Fly, The",13,3.3846153846153846
417,Barcelona,13,3.6923076923076925
3439,Teenage Mutant Ninja Turtles II: The Secret of the Ooze,13,2.6923076923076925
8907,Shark Tale,13,2.3461538461538463
2065,"Purple Rose of Cairo, The",13,3.730769230769231
3461,Lord of the Flies,13,3.0384615384615383
3483,"Road to El Dorado, The",13,3.1153846153846154
3477,Empire Records,13,3.3846153846153846
2090,"Rescuers, The",13,3.1923076923076925
5072,Metropolis,13,3.9615384615384617
5065,"Mothman Prophecies, The",13,3.076923076923077
3551,Marathon Man,13,3.4615384615384617
2143,Legend,13,3.076923076923077
43928,Ultraviolet,13,1.9230769230769231
4967,No Man's Land,13,4.1923076923076925
507,"Perfect World, A",13,3.3846153846153846
3654,"Guns of Navarone, The",13,3.769230769230769
2474,"Color of Money, The",13,3.5
26,Othello,13,3.5
6993,Hannah and Her Sisters,13,3.769230769230769
56587,"Bucket List, The",13,3.230769230769231
6944,Father of the Bride,13,3.5
1726,"Postman, The",13,2.6923076923076925
1620,Kiss the Girls,13,3.1153846153846154
157296,Finding Dory,13,3.576923076923077
4040,Don't Tell Mom the Babysitter's Dead,13,2.3461538461538463
4033,Thirteen Days,13,3.923076923076923
4020,"Gift, The",13,2.923076923076923
2334,"Siege, The",13,2.8076923076923075
2325,Orgazmo,13,3.1153846153846154
73,"Misérables, Les",13,3.4615384615384617
4008,Born on the Fourth of July,13,3.5384615384615383
188,"Prophecy, The",12,3.4583333333333335
4121,Innerspace,12,3.125
144,"Brothers McMullen, The",12,3.3333333333333335
2312,Children of a Lesser God,12,3.8333333333333335
34520,"Dukes of Hazzard, The",12,2.0833333333333335
2379,Police Academy 2: Their First Assignment,12,2.4583333333333335
2952,Sydney (Hard Eight),12,3.5416666666666665
54999,Shoot 'Em Up,12,3.4583333333333335
54881,"King of Kong, The",12,3.9166666666666665
3564,"Flintstones in Viva Rock Vegas, The",12,1.625
538,Six Degrees of Separation,12,3.5833333333333335
537,Sirens,12,3.1666666666666665
4876,Thirteen Ghosts (a.k.a. Thir13en Ghosts),12,2.4583333333333335
490,Malice,12,3.0
3618,Small Time Crooks,12,3.5416666666666665
2476,Heartbreak Ridge,12,3.75
7162,Cold Mountain,12,3.2916666666666665
6753,Secondhand Lions,12,3.5
1459,Absolute Power,12,2.6666666666666665
1457,Fools Rush In,12,3.0833333333333335
1772,Blues Brothers 2000,12,2.7083333333333335
663,Kids in the Hall: Brain Candy,12,3.2916666666666665
98243,Rise of the Guardians,12,3.7916666666666665
99112,Jack Reacher,12,3.4166666666666665
6552,Dirty Pretty Things,12,3.625
233,Exotica,12,3.5
3812,Everything You Always Wanted to Know About Sex * But Were Afraid to Ask,12,3.4583333333333335
135536,Suicide Squad,12,2.9166666666666665
36708,Family Guy Presents Stewie Griffin: The Untold Story,12,3.7083333333333335
2404,Rambo III,12,1.9166666666666667
2247,Married to the Mob,12,3.0
1416,Evita,12,3.4166666666666665
1848,"Borrowers, The",12,3.0416666666666665
1885,"Opposite of Sex, The",12,3.125
2731,"400 Blows, The (Les quatre cents coups)",12,4.0
70293,Julie & Julia,12,2.9583333333333335
70183,"Ugly Truth, The",12,3.6666666666666665
52604,Fracture,12,3.6666666666666665
810,Kazaam,12,2.25
5267,"Rookie, The",12,3.2916666666666665
45081,Silent Hill,12,2.9583333333333335
44974,Hard Candy,12,3.5
44972,Scary Movie 4,12,2.25
44761,Brick,12,3.875
2532,Conquest of the Planet of the Apes,12,2.7916666666666665
5135,Monsoon Wedding,12,3.8333333333333335
2713,Lake Placid,12,2.6666666666666665
2739,"Color Purple, The",12,3.9166666666666665
332,Village of the Damned,12,2.8333333333333335
119141,The Interview,12,3.4583333333333335
2583,Cookie's Fortune,12,3.875
493,Menace II Society,12,3.6666666666666665
445,Fatal Instinct,12,3.0
427,Boxing Helena,12,2.5416666666666665
27801,Ong-Bak: The Thai Warrior (Ong Bak),12,4.0
89470,Contagion,12,3.7083333333333335
90746,"Adventures of Tintin, The",12,3.5
3088,Harvey,12,3.8333333333333335
1277,Cyrano de Bergerac,12,4.125
71745,Where the Wild Things Are,12,2.6666666666666665
1916,Buffalo '66 (a.k.a. Buffalo 66),12,3.4166666666666665
51077,Ghost Rider,12,2.25
1178,Paths of Glory,12,4.541666666666667
72737,"Princess and the Frog, The",12,3.75
49649,Eragon,12,2.3333333333333335
2672,"Thirteenth Floor, The",12,2.9583333333333335
2662,"War of the Worlds, The",12,3.1666666666666665
7569,You Only Live Twice,12,3.8333333333333335
1081,Victor/Victoria,12,3.5416666666666665
3203,Dead Calm,12,3.1666666666666665
934,Father of the Bride,12,3.25
85510,Sucker Punch,12,3.125
8781,"Manchurian Candidate, The",12,3.0416666666666665
900,"American in Paris, An",12,3.7083333333333335
3429,Creature Comforts,12,4.25
842,Tales from the Crypt Presents: Bordello of Blood,12,2.5416666666666665
798,Daylight,12,2.7083333333333335
2565,"King and I, The",12,4.166666666666667
3244,"Goodbye Girl, The",12,3.7083333333333335
80219,Machete,12,3.25
111113,Neighbors,12,3.2916666666666665
421,Black Beauty,12,3.2083333333333335
366,"Wes Craven's New Nightmare (Nightmare on Elm Street Part 7: Freddy's Finale, A)",12,2.9166666666666665
30816,"Phantom of the Opera, The",12,3.1666666666666665
41571,Memoirs of a Geisha,12,3.5833333333333335
405,Highlander III: The Sorcerer (a.k.a. Highlander: The Final Dimension),12,2.4166666666666665
111743,A Million Ways to Die in the West,12,2.9583333333333335
3274,Single White Female,12,3.375
3270,"Cutting Edge, The",12,2.7916666666666665
2596,SLC Punk!,12,3.7916666666666665
5577,Igby Goes Down,12,3.6666666666666665
952,Around the World in 80 Days,12,3.625
5505,"Good Girl, The",12,3.2083333333333335
3260,Howards End,12,4.0
1013,"Parent Trap, The",12,3.2083333333333335
80906,Inside Job,12,4.291666666666667
999,2 Days in the Valley,12,3.0416666666666665
1970,"Nightmare on Elm Street 3: Dream Warriors, A",12,2.9166666666666665
1991,Child's Play,12,2.7083333333333335
8373,"Stepford Wives, The",12,2.25
8370,"Blind Swordsman: Zatoichi, The (Zatôichi)",12,3.9583333333333335
1956,Ordinary People,12,4.0
179819,Star Wars: The Last Jedi,12,3.125
187593,Deadpool 2,12,3.875
3997,Dungeons & Dragons,12,1.8333333333333333
7151,Girl with a Pearl Earring,12,3.375
2798,Problem Child,12,1.5833333333333333
59501,"Chronicles of Narnia: Prince Caspian, The",12,3.5416666666666665
6867,"Station Agent, The",12,3.5833333333333335
4153,Down to Earth,12,2.4166666666666665
1672,"Rainmaker, The",12,3.375
2867,Fright Night,12,3.5833333333333335
154,Beauty of the Day (Belle de jour),12,3.875
125,Flirting With Disaster,12,3.5833333333333335
4029,State and Main,12,3.875
2360,"Celebration, The (Festen)",12,4.458333333333333
4005,"Living Daylights, The",12,3.2916666666666665
3998,Proof of Life,12,3.0416666666666665
4036,Shadow of the Vampire,11,3.1363636363636362
159093,Now You See Me 2,11,3.6363636363636362
59258,Baby Mama,11,3.1363636363636362
2822,Medicine Man,11,3.1363636363636362
2827,"Astronaut's Wife, The",11,2.272727272727273
2796,Funny Farm,11,2.590909090909091
55282,30 Days of Night,11,3.1818181818181817
56941,P.S. I Love You,11,3.090909090909091
137857,The Jungle Book,11,3.6363636363636362
139644,Sicario,11,3.5454545454545454
59387,"Fall, The",11,3.9545454545454546
59725,Sex and the City,11,2.409090909090909
1735,Great Expectations,11,3.3181818181818183
1615,"Edge, The",11,3.0
28,Persuasion,11,4.2272727272727275
2346,"Stepford Wives, The",11,3.1818181818181817
994,Big Night,11,4.181818181818182
2648,Frankenstein,11,3.909090909090909
2622,William Shakespeare's A Midsummer Night's Dream,11,3.1363636363636362
3259,Far and Away,11,3.1363636363636362
3261,Singles,11,3.1818181818181817
3262,Twin Peaks: Fire Walk with Me,11,3.409090909090909
5693,Saturday Night Fever,11,3.3181818181818183
5608,"Das Experiment (Experiment, The)",11,3.8636363636363638
5650,Strange Brew,11,3.5454545454545454
8623,Roxanne,11,3.272727272727273
48082,"Science of Sleep, The (La science des rêves)",11,3.8636363636363638
48783,Flags of Our Fathers,11,3.4545454545454546
48877,Saw III,11,3.0454545454545454
3268,Stop! Or My Mom Will Shoot,11,1.7727272727272727
83349,"Green Hornet, The",11,3.0
965,"39 Steps, The",11,4.045454545454546
991,Michael Collins,11,3.3181818181818183
30822,In Good Company,11,3.4545454545454546
2433,"Civil Action, A",11,3.0454545454545454
2249,My Blue Heaven,11,3.1818181818181817
373,Red Rock West,11,3.6363636363636362
110553,The Amazing Spider-Man 2,11,2.6363636363636362
5812,Far from Heaven,11,3.8636363636363638
1041,Secrets & Lies,11,4.590909090909091
89904,The Artist,11,4.045454545454546
801,Harriet the Spy,11,3.1363636363636362
5294,Frailty,11,3.8636363636363638
87520,Transformers: Dark of the Moon,11,2.3636363636363638
3397,"Great Muppet Caper, The",11,3.4545454545454546
3388,Harry and the Hendersons,11,2.5454545454545454
3359,Breaking Away,11,4.090909090909091
86190,Hanna,11,3.3181818181818183
1944,From Here to Eternity,11,3.9545454545454546
49274,Happy Feet,11,2.6818181818181817
1950,In the Heat of the Night,11,4.181818181818182
3189,My Dog Skip,11,3.5454545454545454
1078,Bananas,11,3.409090909090909
76293,Date Night,11,3.3181818181818183
1131,Jean de Florette,11,4.090909090909091
1963,Take the Money and Run,11,3.3636363636363638
1189,"Thin Blue Line, The",11,4.0
1173,"Cook the Thief His Wife & Her Lover, The",11,3.1363636363636362
1194,Cheech and Chong's Up in Smoke,11,3.590909090909091
1216,"Big Blue, The (Grand bleu, Le)",11,3.4545454545454546
1218,"Killer, The (Die xue shuang xiong)",11,4.0
52287,Meet the Robinsons,11,3.5454545454545454
6242,Ringu (Ring),11,3.4545454545454546
1273,Down by Law,11,4.045454545454546
1289,Koyaanisqatsi (a.k.a. Koyaanisqatsi: Life Out of Balance),11,3.8636363636363638
6294,Bulletproof Monk,11,2.409090909090909
71464,"Serious Man, A",11,3.227272727272727
381,When a Man Loves a Woman,11,3.8181818181818183
3688,Porky's,11,2.1363636363636362
27808,Spanglish,11,3.3636363636363638
27815,"Chorus, The (Choristes, Les)",11,3.909090909090909
40732,"Descent, The",11,3.5454545454545454
4642,Hedwig and the Angry Inch,11,4.181818181818182
107348,Anchorman 2: The Legend Continues,11,3.3636363636363638
89774,Warrior,11,3.727272727272727
46335,"Fast and the Furious: Tokyo Drift, The (Fast and the Furious 3, The)",11,2.090909090909091
1295,"Unbearable Lightness of Being, The",11,3.227272727272727
4340,"Animal, The",11,2.1363636363636362
122906,Black Panther,11,3.727272727272727
31433,"Wedding Date, The",11,3.1363636363636362
2414,Young Sherlock Holmes,11,3.3636363636363638
37727,Flightplan,11,2.8636363636363638
4368,Dr. Dolittle 2,11,2.3636363636363638
3741,Badlands,11,4.090909090909091
117590,Horrible Bosses 2,11,3.6363636363636362
4386,Cats & Dogs,11,2.8181818181818183
4487,Cocktail,11,2.9545454545454546
52435,How the Grinch Stole Christmas!,11,3.590909090909091
5128,Queen of the Damned,11,2.3636363636363638
709,Oliver & Company,11,3.090909090909091
3451,Guess Who's Coming to Dinner,11,4.545454545454546
91077,"Descendants, The",11,4.0
742,Thinner,11,2.8181818181818183
45501,"Break-Up, The",11,2.590909090909091
44840,"Benchwarmers, The",11,2.772727272727273
5265,Death to Smoochy,11,3.3181818181818183
3062,"Longest Day, The",11,4.0
6482,Dumb and Dumberer: When Harry Met Lloyd,11,1.9545454545454546
1342,Candyman,11,2.5
1379,Young Guns II,11,3.0
3053,"Messenger: The Story of Joan of Arc, The",11,3.909090909090909
3035,Mister Roberts,11,3.8181818181818183
64983,Valkyrie,11,3.409090909090909
65088,Bedtime Stories,11,3.3636363636363638
7324,Hidalgo,11,3.3181818181818183
1834,"Spanish Prisoner, The",11,4.0
65261,Ponyo (Gake no ue no Ponyo),11,4.0
66203,He's Just Not That Into You,11,2.8181818181818183
6535,"Legally Blonde 2: Red, White & Blonde",11,2.409090909090909
4291,Nine to Five (a.k.a. 9 to 5),11,2.727272727272727
3783,Croupier,11,3.9545454545454546
3784,"Kid, The",11,2.590909090909091
4326,Mississippi Burning,11,3.590909090909091
3004,"Bachelor, The",11,2.5454545454545454
2135,Doctor Dolittle,11,3.772727272727273
97225,Hotel Transylvania,11,3.409090909090909
599,"Wild Bunch, The",11,3.8181818181818183
5049,48 Hrs.,11,3.590909090909091
631,All Dogs Go to Heaven 2,11,3.1818181818181817
640,Diabolique,11,2.6818181818181817
694,"Substitute, The",11,2.9545454545454546
3503,Solaris (Solyaris),11,4.090909090909091
93326,This Means War,11,2.6363636363636362
8965,"Polar Express, The",11,3.1363636363636362
2122,Children of the Corn,11,2.4545454545454546
93363,John Carter,11,3.090909090909091
5108,John Q,11,2.909090909090909
1810,Primary Colors,11,3.5
64716,Seven Pounds,11,4.136363636363637
6662,"Pink Panther, The",11,3.4545454545454546
63876,Milk,11,3.5454545454545454
1474,Jungle2Jungle (a.k.a. Jungle 2 Jungle),11,2.1363636363636362
1480,Smilla's Sense of Snow,11,3.3636363636363638
1483,Crash,11,3.090909090909091
62374,Body of Lies,11,3.772727272727273
7247,Chitty Chitty Bang Bang,11,3.4545454545454546
54004,I Now Pronounce You Chuck and Larry,11,3.4545454545454546
54190,Across the Universe,11,4.045454545454546
7046,"Witches of Eastwick, The",11,2.5
55442,Persepolis,11,4.181818181818182
2153,"Avengers, The",11,2.3181818181818183
42011,Fun with Dick and Jane,11,2.1818181818181817
42723,Hostel,11,2.8636363636363638
104241,Kick-Ass 2,11,3.4545454545454546
104913,Rush,11,3.8181818181818183
489,Made in America,11,2.8636363636363638
4954,Ocean's Eleven (a.k.a. Ocean's 11),11,3.6363636363636362
6793,Beethoven,11,1.7727272727272727
2921,High Plains Drifter,11,4.181818181818182
2926,Hairspray,11,3.3181818181818183
157,Canadian Bacon,11,2.8636363636363638
4149,Saving Silverman (Evil Woman),11,2.772727272727273
3824,Autumn in New York,11,2.409090909090909
3831,Saving Grace,11,3.909090909090909
8014,"Spring, Summer, Fall, Winter... and Spring (Bom yeoreum gaeul gyeoul geurigo bom)",10,4.25
2361,Pink Flamingos,10,2.75
32029,Hostage,10,3.05
94,Beautiful Girls,10,3.95
89,Nick of Time,10,3.25
55721,Elite Squad (Tropa de Elite),10,4.3
55363,"Assassination of Jesse James by the Coward Robert Ford, The",10,4.1
7137,"Cooler, The",10,3.55
2380,Police Academy 3: Back in Training,10,2.3
169,Free Willy 2: The Adventure Home,10,2.4
97,"Hate (Haine, La)",10,3.9
2875,Sommersby,10,2.95
5621,"Tuxedo, The",10,2.5
84392,"Lincoln Lawyer, The",10,3.6
27846,"Corporation, The",10,3.9
50794,Smokin' Aces,10,3.1
1017,Swiss Family Robinson,10,3.5
79139,"Sorcerer's Apprentice, The",10,3.45
79134,Grown Ups,10,3.45
79057,Predators,10,3.3
56251,Futurama: Bender's Big Score,10,3.9
3524,Arthur,10,2.8
2518,Night Shift,10,3.05
2517,Christine,10,2.95
2513,Pet Sematary,10,2.85
8947,"Grudge, The",10,2.3
55768,Bee Movie,10,3.15
58156,Semi-Pro,10,2.9
6893,"Italian Job, The",10,3.85
57504,"Girl Who Leapt Through Time, The (Toki o kakeru shôjo)",10,4.1
1185,My Left Foot,10,3.95
1147,When We Were Kings,10,3.9
1927,All Quiet on the Western Front,10,4.35
78772,"Twilight Saga: Eclipse, The",10,2.45
1096,Sophie's Choice,10,4.05
78209,Get Him to the Greek,10,3.55
3676,Eraserhead,10,3.75
2594,Open Your Eyes (Abre los ojos),10,3.75
1678,"Joy Luck Club, The",10,3.5
6958,"Haunted Mansion, The",10,2.5
92535,Louis C.K.: Live at the Beacon Theater,10,4.3
728,Cold Comfort Farm,10,3.5
2111,"Man with Two Brains, The",10,3.25
2924,Drunken Master (Jui kuen),10,4.05
150548,Sherlock: The Abominable Bride,10,3.85
464,Hard Target,10,2.9
4799,"It's a Mad, Mad, Mad, Mad World",10,3.25
4787,Little Man Tate,10,3.35
971,Cat on a Hot Tin Roof,10,4.1
5500,Top Secret!,10,4.2
40826,Rent,10,3.15
393,Street Fighter,10,2.5
4396,"Cannonball Run, The",10,2.75
34338,"Aristocrats, The",10,3.35
2296,"Night at the Roxbury, A",10,2.1
2793,"American Werewolf in Paris, An",10,2.3
1541,Addicted to Love,10,2.7
61250,"House Bunny, The",10,2.5
55232,Resident Evil: Extinction,10,2.95
1760,Spice World,10,1.35
7154,Mona Lisa Smile,10,2.8
7150,Stuck on You,10,2.8
51084,Music and Lyrics,10,3.1
322,Swimming with Sharks,10,3.55
5970,My Girl,10,3.2
2690,"Ideal Husband, An",10,3.7
1873,"Misérables, Les",10,3.75
47044,Miami Vice,10,2.75
8977,Alexander,10,2.2
2142,"American Tail: Fievel Goes West, An",10,2.7
2138,Watership Down,10,4.05
2097,Something Wicked This Way Comes,10,2.9
174,Jury Duty,10,2.7
4103,Empire of the Sun,10,3.95
2917,Body Heat,10,4.0
91094,"Muppets, The",10,2.6
328,Tales from the Crypt Presents: Demon Knight,10,3.15
3742,Battleship Potemkin,10,3.65
37830,Final Fantasy VII: Advent Children,10,3.55
2279,Urban Legend,10,2.4
2718,Drop Dead Gorgeous,10,3.2
6058,Final Destination 2,10,3.05
71899,Mary and Max,10,4.2
1241,Dead Alive (Braindead),10,4.05
3484,"Skulls, The",10,2.75
711,Flipper,10,3.05
91485,"Expendables 2, The",10,3.5
818,"Very Brady Sequel, A",10,3.25
7263,Miracle,10,3.35
69784,Brüno (Bruno),10,3.65
3067,Women on the Verge of a Nervous Breakdown (Mujeres al borde de un ataque de nervios),10,3.55
918,Meet Me in St. Louis,10,4.1
3358,Defending Your Life,10,3.85
3334,Key Largo,10,4.2
114935,Predestination,10,3.9
116897,Wild Tales,10,4.25
52458,Disturbia,10,3.15
68793,Night at the Museum: Battle of the Smithsonian,10,3.1
1290,Some Kind of Wonderful,10,3.35
31221,Elektra,10,2.05
120466,Chappie,10,3.25
129354,Focus,10,3.25
62155,Nick and Norah's Infinite Playlist,10,3.35
5220,Showtime,10,2.4
2089,"Rescuers Down Under, The",10,3.5
4903,In the Bedroom,10,3.0
4902,"Devil's Backbone, The (Espinazo del diablo, El)",10,3.35
102481,"Internship, The",10,3.55
5296,"Sweetest Thing, The",10,2.9
195,Something to Talk About,10,3.1
134393,Trainwreck,10,3.2
2734,"Mosquito Coast, The",10,3.25
87430,Green Lantern,10,2.35
5380,"Importance of Being Earnest, The",10,3.85
5329,"Salton Sea, The",10,3.35
88785,"Change-Up, The",10,2.85
86644,"Fast Five (Fast and the Furious 5, The)",10,3.05
6305,Fahrenheit 451,10,3.6
4228,Heartbreakers,10,2.15
4167,15 Minutes,10,3.0
37380,Doom,10,2.15
68135,17 Again,10,3.55
67923,"Fast & Furious (Fast and the Furious 4, The)",10,3.25
3019,Drugstore Cowboy,10,4.15
3018,Re-Animator,10,3.45
2772,Detroit Rock City,10,2.85
65514,Ip Man,10,3.95
45668,"Lake House, The",10,3.1
3616,Loser,10,3.3
6367,Down with Love,10,2.9
4333,Throw Momma from the Train,10,3.2
4322,Eight Men Out,10,3.75
258,"Kid in King Arthur's Court, A",10,2.6
4255,Freddy Got Fingered,10,2.2
135133,The Hunger Games: Mockingjay - Part 2,10,3.7
166643,Hidden Figures,10,3.8
166461,Moana,10,3.45
605,One Fine Day,10,3.0
4994,"Majestic, The",10,3.5
2176,Rope,10,3.9
96829,"Hunt, The (Jagten)",10,4.3
55830,Be Kind Rewind,10,3.4
1969,"Nightmare on Elm Street 2: Freddy's Revenge, A",10,2.35
81537,Due Date,10,3.1
1007,"Apple Dumpling Gang, The",10,2.6
423,Blown Away,10,2.85
3708,Firestarter,10,3.05
3707,9 1/2 Weeks (Nine 1/2 Weeks),10,2.7
39444,"Weather Man, The",9,3.388888888888889
4519,"Land Before Time, The",9,3.3333333333333335
1009,Escape to Witch Mountain,9,3.0555555555555554
3249,"Hand That Rocks the Cradle, The",9,3.111111111111111
3250,Alive,9,3.1666666666666665
1010,"Love Bug, The",9,3.0555555555555554
1012,Old Yeller,9,3.4444444444444446
3265,Hard-Boiled (Lat sau san taam),9,4.0
83613,Cowboys & Aliens,9,3.0
2644,Dracula,9,3.3333333333333335
2860,Blue Streak,9,2.611111111111111
96110,"Campaign, The",9,3.4444444444444446
95105,Madagascar 3: Europe's Most Wanted,9,3.388888888888889
43679,Final Destination 3,9,2.8333333333333335
4989,How High,9,2.9444444444444446
97923,Flight,9,3.5
2374,Gung Ho,9,3.1666666666666665
27,Now and Then,9,3.3333333333333335
33437,Unleashed (Danny the Dog),9,3.4444444444444446
4280,"World According to Garp, The",9,3.5555555555555554
3040,Meatballs,9,3.2222222222222223
69640,Public Enemies,9,3.0555555555555554
2558,Forces of Nature,9,2.3333333333333335
89804,"Ides of March, The",9,3.2222222222222223
809,Fled,9,2.3333333333333335
3444,Bloodsport,9,2.9444444444444446
5293,Changing Lanes,9,3.3333333333333335
2745,"Mission, The",9,3.5
2747,"Little Shop of Horrors, The",9,3.0
3022,"General, The",9,4.0
67197,Knowing,9,2.8333333333333335
36535,Everything Is Illuminated,9,3.7777777777777777
2262,About Last Night...,9,3.0
2408,Cocoon: The Return,9,2.3333333333333335
8643,"Cinderella Story, A",9,3.2777777777777777
8666,Catwoman,9,1.3333333333333333
861,Supercop (Police Story 3: Supercop) (Jing cha gu shi III: Chao ji jing cha),9,3.8333333333333335
829,Joe's Apartment,9,2.6666666666666665
5363,"New Guy, The",9,2.5
87485,Bad Teacher,9,2.888888888888889
42002,"Producers, The",9,3.388888888888889
53123,Once,9,3.9444444444444446
135861,Ted 2,9,2.7777777777777777
205,Unstrung Heroes,9,3.1666666666666665
133419,Pitch Perfect 2,9,3.4444444444444446
4880,Life as a House,9,3.888888888888889
517,Rising Sun,9,3.2777777777777777
4936,Fame,9,3.3333333333333335
62336,FLCL,9,4.277777777777778
62956,Futurama: Bender's Game,9,3.4444444444444446
3754,"Adventures of Rocky and Bullwinkle, The",9,2.2222222222222223
312,Stuart Saves His Family,9,1.4444444444444444
120799,Terminator Genisys,9,2.5
1280,Raise the Red Lantern (Da hong deng long gao gao gua),9,4.333333333333333
71156,"Men Who Stare at Goats, The",9,3.388888888888889
1390,My Fellow Americans,9,2.6666666666666665
52885,Paprika (Papurika),9,3.7777777777777777
1862,Species II,9,1.9444444444444444
3095,"Grapes of Wrath, The",9,4.111111111111111
6299,"Winged Migration (Peuple migrateur, Le)",9,3.5
305,Ready to Wear (Pret-A-Porter),9,2.8333333333333335
2015,"Absent-Minded Professor, The",9,3.388888888888889
2027,Jane Austen's Mafia!,9,1.8333333333333333
3347,Never Cry Wolf,9,4.166666666666667
921,My Favorite Year,9,3.388888888888889
87529,Your Highness,9,3.111111111111111
5401,Undercover Brother,9,1.8333333333333333
86345,Louis C.K.: Hilarious,9,4.055555555555555
3071,Stand and Deliver,9,3.5
7158,House of Sand and Fog,9,3.7777777777777777
7285,Thirteen,9,3.611111111111111
64620,Frost/Nixon,9,3.9444444444444446
6615,Freddy vs. Jason,9,2.3333333333333335
6617,Open Range,9,3.9444444444444446
63072,"Road, The",9,3.888888888888889
5247,Smokey and the Bandit,9,2.7222222222222223
46948,Monster House,9,3.111111111111111
2034,"Black Hole, The",9,2.611111111111111
5139,"Bad News Bears, The",9,3.2777777777777777
5146,Vampire Hunter D: Bloodlust (Banpaia hantâ D),9,3.111111111111111
6214,Irreversible (Irréversible),9,3.888888888888889
6238,Green Card,9,2.8333333333333335
1268,Pump Up the Volume,9,3.611111111111111
1300,My Life as a Dog (Mitt liv som hund),9,4.166666666666667
2709,Muppets From Space,9,3.1666666666666665
2726,"Killing, The",9,4.055555555555555
37731,Green Street Hooligans (a.k.a. Hooligans),9,3.7222222222222223
37857,MirrorMask,9,3.611111111111111
3844,Steel Magnolias,9,3.3333333333333335
3814,Love and Death,9,4.222222222222222
45730,Lady in the Water,9,2.8333333333333335
8866,Wimbledon,9,3.111111111111111
2531,Battle for the Planet of the Apes,9,2.7777777777777777
101142,"Croods, The",9,3.7777777777777777
43936,16 Blocks,9,3.0
26614,"Bourne Identity, The",9,3.388888888888889
47122,John Tucker Must Die,9,2.7222222222222223
6104,Monty Python Live at the Hollywood Bowl,9,4.166666666666667
1238,Local Hero,9,4.055555555555555
5955,Antwone Fisher,9,3.5555555555555554
5959,Narc,9,3.2777777777777777
3155,Anna and the King,9,3.6666666666666665
74795,Green Zone,9,3.5
74946,She's Out of My League,9,3.2222222222222223
112171,"Equalizer, The",9,3.2777777777777777
1914,Smoke Signals,9,3.388888888888889
2806,Teaching Mrs. Tingle,9,2.3333333333333335
1734,My Life in Pink (Ma vie en rose),9,4.055555555555555
6765,Under the Tuscan Sun,9,3.2777777777777777
2941,South Pacific,9,3.7777777777777777
61248,Death Race,9,3.2222222222222223
35957,Red Eye,9,3.388888888888889
2320,Apt Pupil,9,3.0
4427,"Lion in Winter, The",9,3.6666666666666665
111921,The Fault in Our Stars,9,3.388888888888889
358,Higher Learning,9,2.6666666666666665
2183,"Man Who Knew Too Much, The",9,3.5555555555555554
5540,Clash of the Titans,9,3.611111111111111
4732,Bubble Boy,9,1.8888888888888888
446,Farewell My Concubine (Ba wang bie ji),9,3.8333333333333335
2148,House,9,3.0555555555555554
3877,Supergirl,9,2.2222222222222223
93838,The Raid: Redemption,9,4.333333333333333
674,Barbarella,9,3.1666666666666665
678,Some Folks Call It a Sling Blade,9,3.8333333333333335
688,Operation Dumbo Drop,9,2.3333333333333335
5093,Collateral Damage,9,2.7777777777777777
95720,"Watch, The",9,3.0
3505,No Way Out,9,3.7222222222222223
6952,Gothika,9,3.111111111111111
2236,Simon Birch,9,3.0
4678,UHF,9,3.4444444444444446
931,Spellbound,9,3.8333333333333335
7669,Pride and Prejudice,9,3.5555555555555554
49396,Tenacious D in The Pick of Destiny,9,3.4444444444444446
3196,Stalag 17,9,3.7222222222222223
72407,"Twilight Saga: New Moon, The",9,2.6666666666666665
4387,Kiss of the Dragon,9,3.7777777777777777
6890,Elephant,9,3.5555555555555554
2843,"Black Cat, White Cat (Crna macka, beli macor)",9,3.9444444444444446
2524,"Towering Inferno, The",9,3.2222222222222223
5008,Witness for the Prosecution,9,4.388888888888889
5047,Kung Pow: Enter the Fist,9,3.2222222222222223
3515,Me Myself I,9,3.611111111111111
4553,They Live,9,3.7222222222222223
5784,Ghost Ship,9,2.5
50601,Bridge to Terabithia,9,2.7777777777777777
7981,Infernal Affairs (Mou gaan dou),9,4.333333333333333
3685,Prizzi's Honor,9,3.7777777777777777
437,Cops and Robbersons,9,2.1666666666666665
2456,"Fly II, The",9,2.2777777777777777
8507,Freaks,9,3.1666666666666665
4047,Gettysburg,9,3.6666666666666665
160438,Jason Bourne,9,2.7222222222222223
2389,Psycho,9,1.8888888888888888
55267,Dan in Real Life,9,3.388888888888889
7123,Naked Lunch,9,3.4444444444444446
7132,"Night at the Opera, A",9,4.111111111111111
3983,You Can Count on Me,9,4.166666666666667
3991,102 Dalmatians,9,2.7777777777777777
57528,Rambo (Rambo 4),9,3.2777777777777777
33646,"Longest Yard, The",9,3.111111111111111
3918,Hellbound: Hellraiser II,9,3.2777777777777777
164909,La La Land,9,3.388888888888889
93,Vampire in Brooklyn,9,2.8333333333333335
2372,Fletch Lives,9,2.2222222222222223
66,Lawnmower Man 2: Beyond Cyberspace,9,2.5
171763,Baby Driver,9,4.333333333333333
175303,It,9,3.3333333333333335
2373,Red Sonja,9,2.2777777777777777
8132,Gladiator,9,4.333333333333333
38886,"Squid and the Whale, The",9,3.4444444444444446
13,Balto,8,3.125
8,Tom and Huck,8,2.875
3950,Tigerland,8,3.5625
4010,Brewster's Millions,8,2.9375
161131,War Dogs,8,3.625
161582,Hell or High Water,8,3.5625
163645,Hacksaw Ridge,8,3.9375
92,Mary Reilly,8,2.625
7034,Show Me Love (Fucking Åmål),8,3.8125
7063,"Aguirre: The Wrath of God (Aguirre, der Zorn Gottes)",8,4.0
82,Antonia's Line (Antonia),8,3.875
32019,Be Cool,8,2.4375
32296,Miss Congeniality 2: Armed and Fabulous,8,2.25
32598,Fever Pitch,8,2.9375
177593,"Three Billboards Outside Ebbing, Missouri",8,4.75
43,Restoration,8,3.1875
176101,Kingsman: The Golden Circle,8,3.0625
57,Home for the Holidays,8,3.0625
3959,"Time Machine, The",8,3.625
39381,"Proposition, The",8,3.5625
3727,Near Dark,8,4.3125
4508,Gorillas in the Mist,8,3.5
3705,Bird on a Wire,8,2.3125
3706,Angel Heart,8,3.0
111617,Blended,8,3.8125
1005,D3: The Mighty Ducks,8,2.1875
80693,It's Kind of a Funny Story,8,3.1875
1011,Herbie Rides Again,8,2.9375
2613,Night of the Comet,8,2.875
3272,Bad Lieutenant,8,3.4375
1966,Metropolitan,8,3.625
3200,"Last Detail, The",8,4.25
3201,Five Easy Pieces,8,4.5
3204,"Boys from Brazil, The",8,3.6875
3208,Loaded Weapon 1 (National Lampoon's Loaded Weapon 1),8,2.1875
79224,"Karate Kid, The",8,2.5
5882,Treasure Planet,8,3.5625
1939,"Best Years of Our Lives, The",8,4.0625
7802,"Warriors, The",8,3.9375
4587,Earth Girls Are Easy,8,2.25
407,In the Mouth of Madness,8,3.4375
416,Bad Girls,8,2.5
2162,"NeverEnding Story II: The Next Chapter, The",8,2.5
2171,Next Stop Wonderland,8,3.3125
27788,"Jacket, The",8,3.0
27803,"Sea Inside, The (Mar adentro)",8,4.0
940,"Adventures of Robin Hood, The",8,4.0
5553,Stakeout,8,3.0
5582,Captain Ron,8,2.6875
48997,Perfume: The Story of a Murderer,8,3.25
2457,Running Scared,8,3.5625
2458,Armed and Dangerous,8,2.75
3693,"Toxic Avenger, The",8,2.125
4719,Osmosis Jones,8,2.625
107141,Saving Mr. Banks,8,3.6875
433,Clean Slate,8,2.75
3675,White Christmas,8,4.1875
86298,Rio,8,3.125
932,"Affair to Remember, An",8,3.9375
2443,Playing by Heart,8,3.375
2259,Blame It on Rio,8,3.1875
5900,Analyze That,8,2.5625
78574,Winter's Bone,8,3.4375
79008,South Park: Imaginationland,8,4.0
1132,Manon of the Spring (Manon des sources),8,4.0625
7570,Octopussy,8,3.3125
7573,Never Say Never Again,8,3.125
2668,Swamp Thing,8,2.9375
4437,Suspiria,8,3.9375
4477,Big Top Pee-Wee,8,1.9375
360,I Love Trouble,8,2.6875
41573,"Family Stone, The",8,2.875
30894,White Noise,8,2.5
5524,Blue Crush,8,2.6875
448,Fearless,8,3.625
2155,"Slums of Beverly Hills, The",8,3.625
27731,"Cat Returns, The (Neko no ongaeshi)",8,3.75
2048,"Great Mouse Detective, The",8,3.5625
6166,Dennis the Menace,8,1.8125
6187,"Life of David Gale, The",8,3.8125
1232,Stalker,8,3.625
1889,Insomnia,8,3.75
50442,Alpha Dog,8,3.125
3152,"Last Picture Show, The",8,4.5
50912,"Paris, I Love You (Paris, je t'aime)",8,2.9375
51080,Breach,8,3.5625
1924,Plan 9 from Outer Space,8,3.1875
71838,Law Abiding Citizen,8,3.0625
1279,Night on Earth,8,4.125
6006,Just Married,8,2.75
31420,Assault on Precinct 13,8,3.1875
289,Only You,8,3.5625
4359,"Seven Year Itch, The",8,3.375
2014,Freaky Friday,8,2.625
2022,"Last Temptation of Christ, The",8,3.6875
46322,Jet Li's Fearless (Huo Yuan Jia),8,3.125
5478,Eight Legged Freaks,8,2.75
5420,Windtalkers,8,2.875
3385,Volunteers,8,2.8125
2445,At First Sight,8,2.6875
6264,"Core, The",8,2.375
6266,What a Girl Wants,8,3.0625
71282,"Food, Inc.",8,3.6875
1346,Cat People,8,2.8125
68659,Fanboys,8,2.875
68205,Crank: High Voltage,8,2.9375
3054,Pokémon: The First Movie,8,2.3125
52952,This Is England,8,4.0
1858,Mr. Nice Guy (Yat goh ho yan),8,2.5625
6303,"Andromeda Strain, The",8,3.625
3061,Holiday Inn,8,3.625
8645,"Maria Full of Grace (Maria, Llena eres de gracia)",8,3.9375
2568,"Mod Squad, The",8,3.1875
5323,Jason X,8,1.1875
2473,Soul Man,8,2.5625
130520,Home,8,3.25
131013,Get Hard,8,3.125
4349,Catch-22,8,3.75
70336,G.I. Joe: The Rise of Cobra,8,2.625
3649,American Gigolo,8,2.6875
4857,Fiddler on the Roof,8,3.8125
4866,"Last Castle, The",8,2.8125
3614,Honeymoon in Vegas,8,2.9375
105213,Don Jon,8,3.125
482,Killing Zoe,8,3.625
2551,Dead Ringers,8,3.6875
2560,Ravenous,8,3.0
804,She's the One,8,3.25
1414,Mother,8,3.0
1425,Fierce Creatures,8,3.0
2752,Outrageous Fortune,8,2.8125
2759,Dick,8,3.5
67408,Monsters vs. Aliens,8,3.25
7366,Jersey Girl,8,2.9375
1461,Vegas Vacation (National Lampoon's Las Vegas Vacation),8,2.3125
6707,Cabin Fever,8,2.875
37382,Domino,8,2.875
2269,Indecent Proposal,8,3.0
177,Lord of Illusions,8,2.75
4155,Sweet November,8,3.3125
5309,Three Men and a Little Lady,8,2.5625
4899,Black Knight,8,2.1875
102686,"Hangover Part III, The",8,3.375
544,Striking Distance,8,2.4375
4914,Breathless (À bout de souffle),8,3.9375
44694,Volver,8,3.8125
3466,Heart and Souls,8,3.0
63062,Changeling,8,3.4375
7161,Cheaper by the Dozen,8,1.9375
7169,Chasing Liberty,8,3.9375
7255,Win a Date with Tad Hamilton!,8,2.8125
7256,Touching the Void,8,4.0
1806,Paulie,8,2.3125
90647,Puss in Boots,8,3.5625
782,"Fan, The",8,3.0
89753,Tinker Tailor Soldier Spy,8,3.8125
2033,"Black Cauldron, The",8,3.75
92420,Chronicle,8,3.375
710,Celtic Pride,8,2.5625
60766,Man on Wire,8,3.6875
2919,"Year of Living Dangerously, The",8,3.8125
4090,"Brave Little Toaster, The",8,3.5625
4132,Mannequin,8,2.625
4133,Masters of the Universe,8,2.5625
140174,Room,8,3.5625
2392,Jack Frost,8,1.9375
2401,Pale Rider,8,3.8125
36525,Just Like Heaven,8,2.6875
6731,Day of the Dead,8,3.625
62081,Eagle Eye,8,3.0625
4941,Flash Gordon,8,3.1875
3566,"Big Kahuna, The",8,2.875
99117,This Is 40,8,3.125
99813,"Batman: The Dark Knight Returns, Part 2",8,3.875
101362,Olympus Has Fallen,8,2.875
8973,Bad Education (La mala educación),8,3.75
2799,Problem Child 2,8,1.3125
7155,Calendar Girls,8,2.625
55261,"Heartbreak Kid, The",8,2.5
54736,"Kingdom, The",8,3.8125
6774,Videodrome,8,3.6875
2322,Soldier,8,3.0625
146656,Creed,8,3.75
149406,Kung Fu Panda 3,8,3.375
4052,Antitrust,8,3.5625
4062,Mystic Pizza,8,3.375
2935,"Lady Eve, The",8,4.0
59421,What Happens in Vegas...,8,2.75
58299,Horton Hears a Who!,8,3.4375
8966,Kinsey,8,3.125
2112,Grand Canyon,8,3.1875
2130,Atlantic City,8,3.6875
3512,Return to Me,8,3.5625
5055,Dragon: The Bruce Lee Story,8,2.8125
3498,Midnight Express,8,4.0
55280,Lars and the Real Girl,8,3.5625
1701,Deconstructing Harry,8,3.875
1707,Home Alone 3,8,1.875
2889,"Mystery, Alaska",8,3.75
56788,Charlie Wilson's War,8,3.375
57274,[REC],8,4.0625
1658,"Life Less Ordinary, A",8,3.0625
93270,Project X,8,2.0625
8937,Friday Night Lights,8,3.5625
613,Jane Eyre,8,3.1875
5009,Ali,8,3.0
5040,Conan the Destroyer,8,3.125
667,Bloodsport 2 (a.k.a. Bloodsport II: The Next Kumite),8,2.8125
95875,Total Recall,8,3.1875
55995,Beowulf,8,2.5625
56339,"Orphanage, The (Orfanato, El)",8,3.875
3896,"Way of the Gun, The",8,3.125
4037,House of Games,8,3.8125
160080,Ghostbusters,8,3.125
143385,Bridge of Spies,8,3.4375
143859,"Hail, Caesar!",8,2.8125
7076,Bullitt,8,3.875
3943,Bamboozled,8,2.9375
7007,"Last Boy Scout, The",8,3.5
2861,For Love of the Game,8,3.375
2870,Barefoot in the Park,8,3.3125
55908,"Man from Earth, The",8,4.1875
43871,Firewall,8,2.75
558,"Pagemaster, The",8,2.9375
3549,Guys and Dolls,8,3.9375
98491,Paperman,8,4.375
74,Bed of Roses,8,4.0
180031,The Shape of Water,8,3.6875
2344,Runaway Train,8,3.25
2348,Sid and Nancy,8,3.4375
3952,"Contender, The",7,3.0714285714285716
33495,Kicking & Screaming,7,2.642857142857143
170705,Band of Brothers,7,4.285714285714286
168248,John Wick: Chapter Two,7,4.142857142857143
42,Dead Presidents,7,3.0
32596,Sahara,7,3.0714285714285716
6996,Highlander II: The Quickening,7,1.8571428571428572
7013,"Night of the Hunter, The",7,4.0
7028,Quick Change,7,3.5714285714285716
2859,Stop Making Sense,7,3.857142857142857
56156,Hitman,7,3.2857142857142856
3873,Cat Ballou,7,3.142857142857143
158872,Sausage Party,7,3.642857142857143
159817,Planet Earth,7,4.214285714285714
2381,Police Academy 4: Citizens on Patrol,7,2.142857142857143
2390,Little Voice,7,3.9285714285714284
1713,Mouse Hunt,7,3.0714285714285716
6932,Shattered Glass,7,3.5
6987,"Cabinet of Dr. Caligari, The (Cabinet des Dr. Caligari., Das)",7,3.857142857142857
2877,Tommy,7,3.0
2879,Armour of God II: Operation Condor (Operation Condor) (Fei ying gai wak),7,3.2142857142857144
6881,Pieces of April,7,3.0714285714285716
8808,"Princess Diaries 2: Royal Engagement, The",7,2.5
5159,Ferngully: The Last Rainforest,7,3.142857142857143
91104,"Twilight Saga: Breaking Dawn - Part 1, The",7,2.2142857142857144
735,Cemetery Man (Dellamorte Dellamore),7,3.9285714285714284
8880,Mask,7,3.4285714285714284
4951,Lord of the Flies,7,3.4285714285714284
3565,Where the Heart Is,7,3.5
99149,"Misérables, Les",7,3.5
27266,2046,7,4.071428571428571
2121,Cujo,7,2.2142857142857144
2132,Who's Afraid of Virginia Woolf?,7,4.142857142857143
3513,Rules of Engagement,7,3.0714285714285716
5094,Rollerball,7,1.7857142857142858
5106,Crossroads,7,2.0714285714285716
3478,"Bamba, La",7,2.7857142857142856
95558,Beasts of the Southern Wild,7,3.357142857142857
473,In the Army Now,7,1.8571428571428572
103384,"Lone Ranger, The",7,2.7857142857142856
8814,Without a Paddle,7,2.0
2550,"Haunting, The",7,4.0
8860,Cellular,7,2.857142857142857
5292,Slap Shot,7,3.857142857142857
5303,Joe Versus the Volcano,7,3.4285714285714284
103688,"Conjuring, The",7,4.214285714285714
505,North,7,2.2142857142857144
3629,"Gold Rush, The",7,4.071428571428571
4889,Heist,7,3.4285714285714284
102716,"Fast & Furious 6 (Fast and the Furious 6, The)",7,3.357142857142857
522,Romper Stomper,7,3.2857142857142856
90439,Margin Call,7,3.7857142857142856
781,Stealing Beauty,7,3.5
2040,"Computer Wore Tennis Shoes, The",7,2.857142857142857
3387,Who's Harry Crumb?,7,2.857142857142857
86347,Louis C.K.: Chewed Up,7,3.2857142857142856
86377,Louis C.K.: Shameless,7,4.0
901,Funny Face,7,3.0
3426,Jungle Fever,7,3.0714285714285716
848,"Spitfire Grill, The",7,3.2857142857142856
5312,Murder by Numbers,7,2.857142857142857
5316,Enigma,7,3.142857142857143
5325,Dogtown and Z-Boyz,7,3.7857142857142856
5364,Unfaithful,7,3.5
3394,Blind Date,7,2.357142857142857
2469,Peggy Sue Got Married,7,3.2142857142857144
2195,Dirty Work,7,3.2142857142857144
41716,"Matador, The",7,3.2142857142857144
42725,Grandma's Boy,7,2.5714285714285716
43396,"World's Fastest Indian, The",7,3.7857142857142856
5501,"Master of Disguise, The",7,1.8571428571428572
5504,Spy Kids 2: The Island of Lost Dreams,7,2.2142857142857144
5508,24 Hour Party People,7,3.5714285714285716
5530,Simone (S1m0ne),7,2.142857142857143
3308,"Flamingo Kid, The",7,2.857142857142857
4741,Together (Tillsammans),7,3.7142857142857144
4744,Jeepers Creepers,7,2.5
106491,47 Ronin,7,2.642857142857143
106642,"Day of the Doctor, The",7,4.571428571428571
106766,Inside Llewyn Davis,7,3.642857142857143
450,With Honors,7,3.0
2159,Henry: Portrait of a Serial Killer,7,3.9285714285714284
2025,Lolita,7,3.9285714285714284
3341,Born Yesterday,7,4.285714285714286
5446,Rabbit-Proof Fence,7,3.642857142857143
3365,"Searchers, The",7,4.071428571428571
950,"Thin Man, The",7,3.857142857142857
5568,Johnny Dangerously,7,2.857142857142857
5572,Barbershop,7,2.7142857142857144
5573,Stealing Harvard,7,2.2857142857142856
3296,To Sir with Love,7,4.071428571428571
48982,Flushed Away,7,3.5
4649,Wet Hot American Summer,7,3.642857142857143
4654,Road House,7,2.7857142857142856
4681,"War of the Roses, The",7,3.642857142857143
4713,Altered States,7,3.5714285714285716
426,Body Snatchers,7,3.142857142857143
436,Color of Night,7,2.5714285714285716
86320,Melancholia,7,3.0714285714285716
85342,Elite Squad: The Enemy Within (Tropa de Elite 2 - O Inimigo Agora É Outro),7,4.357142857142857
85367,Just Go with It,7,3.2142857142857144
906,Gaslight,7,4.142857142857143
81788,"Next Three Days, The",7,3.857142857142857
80831,Let Me In,7,3.857142857142857
8633,"Last Starfighter, The",7,3.5714285714285716
47999,Jesus Camp,7,4.071428571428571
48322,Jackass Number Two,7,3.5714285714285716
47644,Invincible,7,3.0
82167,Love and Other Drugs,7,2.7857142857142856
82169,"Chronicles of Narnia: The Voyage of the Dawn Treader, The",7,3.857142857142857
82202,"Tourist, The",7,2.7142857142857144
8340,Escape from Alcatraz,7,3.7857142857142856
3684,"Fabulous Baker Boys, The",7,3.0714285714285716
438,"Cowboy Way, The",7,2.7142857142857144
108729,Enemy,7,3.5
2169,Dead Man on Campus,7,2.2857142857142856
943,"Ghost and Mrs. Muir, The",7,3.9285714285714284
945,Top Hat,7,4.071428571428571
5747,Gallipoli,7,4.285714285714286
5803,I Spy,7,2.5
80363,Resident Evil: Afterlife,7,3.142857142857143
7934,Zelig,7,4.0
7980,"Bridge Too Far, A",7,3.7857142857142856
8042,Mean Streets,7,4.0
8169,*batteries not included,7,3.2857142857142856
39414,Shopgirl,7,3.0
378,Speechless,7,2.7857142857142856
110501,The Raid 2: Berandal,7,3.9285714285714284
110730,Transcendence,7,2.2857142857142856
1971,"Nightmare on Elm Street 4: The Dream Master, A",7,2.4285714285714284
1972,"Nightmare on Elm Street 5: The Dream Child, A",7,2.142857142857143
1975,Friday the 13th Part 2,7,2.5
1976,Friday the 13th Part 3: 3D,7,2.2142857142857144
81782,Unstoppable,7,3.357142857142857
51709,"Host, The (Gwoemul)",7,4.0
74530,Percy Jackson & the Olympians: The Lightning Thief,7,2.357142857142857
74545,"Ghost Writer, The",7,3.7857142857142856
72733,Invictus,7,3.857142857142857
1184,Mediterraneo,7,3.9285714285714284
6001,"King of Comedy, The",7,4.071428571428571
4450,Bully,7,3.642857142857143
78637,Shrek Forever After (a.k.a. Shrek: The Final Chapter),7,3.5714285714285716
7701,Look Who's Talking Too,7,1.7857142857142858
49822,"Good Shepherd, The",7,3.142857142857143
1948,Tom Jones,7,3.642857142857143
1951,Oliver!,7,3.5714285714285716
3197,"Presidio, The",7,2.857142857142857
79357,Mr. Nobody,7,4.142857142857143
79428,Dinner for Schmucks,7,3.2857142857142856
1056,Jude,7,3.0714285714285716
6250,Dreamcatcher,7,2.642857142857143
6290,House of 1000 Corpses,7,2.7142857142857144
71254,Gamer,7,3.4285714285714284
7380,Ella Enchanted,7,3.357142857142857
52319,Inglorious Bastards (Quel maledetto treno blindato),7,3.5714285714285716
325,National Lampoon's Senior Trip,7,2.5
4380,"Princess and the Warrior, The (Krieger und die Kaiserin, Der)",7,3.857142857142857
3134,Grand Illusion (La grande illusion),7,3.7142857142857144
6213,Tears of the Sun,7,2.642857142857143
3099,Shampoo,7,3.0714285714285716
3102,Jagged Edge,7,3.5714285714285716
1202,Withnail & I,7,3.857142857142857
1866,"Big Hit, The",7,2.9285714285714284
7381,"Whole Ten Yards, The",7,3.142857142857143
7396,Scenes From a Marriage (Scener ur ett äktenskap),7,4.0
7419,After Hours,7,3.7857142857142856
69436,Year One,7,2.7857142857142856
1354,Breaking the Waves,7,4.071428571428571
6484,Hollywood Homicide,7,2.9285714285714284
1863,Major League: Back to the Minors,7,2.4285714285714284
3066,Tora! Tora! Tora!,7,3.9285714285714284
3068,"Verdict, The",7,4.357142857142857
255,"Jerky Boys, The",7,2.0714285714285716
274,Man of the House,7,2.9285714285714284
122896,Pirates of the Caribbean: Dead Men Tell No Tales,7,3.7857142857142856
39715,American Pie Presents: Band Camp (American Pie 4: Band Camp),7,2.142857142857143
40148,Revolver,7,3.357142857142857
40339,Chicken Little,7,2.2857142857142856
2202,Lifeboat,7,4.357142857142857
2203,Shadow of a Doubt,7,4.142857142857143
31225,Coach Carter,7,3.0714285714285716
1286,Somewhere in Time,7,3.0714285714285716
2750,Radio Days,7,3.142857142857143
3024,Piranha,7,2.642857142857143
3036,"Quest for Fire (Guerre du feu, La)",7,3.7857142857142856
7375,"Prince & Me, The",7,3.0714285714285716
2729,Lolita,7,3.5
2730,Barry Lyndon,7,3.7142857142857144
53129,Mr. Brooks,7,4.0
133771,The Lobster,7,4.0
134170,Kung Fury,7,3.7142857142857144
135436,The Secret Life of Pets,7,3.0714285714285716
3811,Breaker Morant,7,3.9285714285714284
132046,Tomorrowland,7,2.5
229,Death and the Maiden,7,3.4285714285714284
71033,"Secret in Their Eyes, The (El secreto de sus ojos)",7,3.857142857142857
6380,Capturing the Friedmans,7,3.9285714285714284
69278,Land of the Lost,7,3.2142857142857144
53460,Surf's Up,7,3.5
53468,Fido,7,3.2857142857142856
64622,"Reader, The",7,3.2142857142857144
1445,McHale's Navy,7,2.142857142857143
1446,Kolya (Kolja),7,4.428571428571429
6639,Wait Until Dark,7,3.4285714285714284
6645,THX 1138,7,3.7857142857142856
4159,3000 Miles to Graceland,7,2.7142857142857144
4225,"Dish, The",7,4.0
1840,He Got Game,7,3.2142857142857144
65216,Defiance,7,3.9285714285714284
65682,Underworld: Rise of the Lycans,7,3.642857142857143
65802,Paul Blart: Mall Cop,7,2.7142857142857144
1432,Metro,7,2.7142857142857144
64497,"Day the Earth Stood Still, The",7,2.7857142857142856
64575,Doubt,7,3.357142857142857
54256,Hot Rod,7,3.142857142857143
2936,Sullivan's Travels,7,4.0
2946,Help!,7,3.357142857142857
61160,Star Wars: The Clone Wars,7,2.357142857142857
1542,Brassed Off,7,3.7142857142857144
60937,"Mummy: Tomb of the Dragon Emperor, The",7,2.642857142857143
4068,Sugar & Spice,7,2.7142857142857144
4109,Flowers in the Attic,7,2.5714285714285716
140715,Straight Outta Compton,7,4.214285714285714
2240,My Bodyguard,7,3.857142857142857
36527,Proof,7,3.5714285714285716
6721,Once Upon a Time in China (Wong Fei Hung),7,3.357142857142857
62644,"Wave, The (Welle, Die)",7,3.5714285714285716
6763,Duplex,7,2.4285714285714284
2764,"Thomas Crown Affair, The",7,4.0
1855,Krippendorf's Tribe,7,2.5714285714285716
2906,Random Hearts,7,2.5714285714285716
2907,Superstar,7,3.5714285714285716
1646,RocketMan (a.k.a. Rocket Man),7,2.142857142857143
58154,"Other Boleyn Girl, The",7,3.7857142857142856
1627,U Turn,7,3.357142857142857
1694,"Apostle, The",7,3.0
2846,"Adventures of Milo and Otis, The (Koneko monogatari)",7,3.857142857142857
2815,Iron Eagle,7,2.2857142857142856
34534,Four Brothers,7,3.5714285714285716
34323,"Devil's Rejects, The",7,3.7142857142857144
2316,Practical Magic,7,3.2142857142857144
149354,Sisters,7,2.5
4056,"Pledge, The",7,3.2857142857142856
58162,Run Fatboy Run,7,3.0
6868,Wonderland,7,3.4285714285714284
6880,"Texas Chainsaw Massacre, The",7,1.8571428571428572
32017,"Pacifier, The",7,2.7142857142857144
4,Waiting to Exhale,7,2.357142857142857
63,Don't Be a Menace to South Central While Drinking Your Juice in the Hood,7,2.7142857142857144
2351,"Nights of Cabiria (Notti di Cabiria, Le)",7,4.285714285714286
4006,Transformers: The Movie,7,3.357142857142857
2354,"Rugrats Movie, The",7,2.5
33669,"Sisterhood of the Traveling Pants, The",7,3.0714285714285716
33672,Lords of Dogtown,7,3.0
2328,Vampires,7,2.4285714285714284
87,Dunston Checks In,7,2.5
126,"NeverEnding Story III, The",7,2.0
7036,Teen Wolf,7,3.142857142857143
7139,In America,7,3.857142857142857
2829,"Muse, The",7,3.0714285714285716
1681,Mortal Kombat: Annihilation,7,1.9285714285714286
1689,"Man Who Knew Too Little, The",7,2.2142857142857144
662,Fear,7,3.2857142857142856
45210,United 93,7,4.142857142857143
3521,Mystery Train,7,3.4285714285714284
96861,Taken 2,7,3.2857142857142856
700,Angus,7,3.2142857142857144
704,"Quest, The",7,2.5714285714285716
2492,20 Dates,7,3.0
2500,Jawbreaker,7,2.0
43836,"Pink Panther, The",7,2.857142857142857
5004,"Party, The",7,3.5
98124,"Batman: The Dark Knight Returns, Part 1",7,3.9285714285714284
97836,Here Comes the Boom,7,2.5714285714285716
2349,Mona Lisa,7,3.5
167746,The Lego Batman Movie,7,3.7142857142857144
72,Kicking and Screaming,7,3.2142857142857144
85,Angels and Insects,7,3.857142857142857
7624,School Ties,6,2.75
82854,Gulliver's Travels,6,1.8333333333333333
82852,Little Fockers,6,1.8333333333333333
3889,Highlander: Endgame (Highlander IV),6,2.25
1454,SubUrbia,6,3.75
1004,"Glimmer Man, The",6,3.0
6062,Lost in La Mancha,6,3.0833333333333335
64231,Punisher: War Zone,6,3.0
103339,White House Down,6,2.9166666666666665
66297,Futurama: Into the Wild Green Yonder,6,3.5
501,Naked,6,3.6666666666666665
103372,"Heat, The",6,3.4166666666666665
3181,Titus,6,3.9166666666666665
3177,Next Friday,6,3.25
5942,"Hot Chick, The",6,2.8333333333333335
5941,Drumline,6,2.9166666666666665
64034,"Boy in the Striped Pajamas, The (Boy in the Striped Pyjamas, The)",6,3.4166666666666665
64030,Transporter 3,6,2.6666666666666665
26133,"Charlie Brown Christmas, A",6,4.0
472,I'll Do Anything,6,2.5833333333333335
459,"Getaway, The",6,2.25
3238,Eye of the Beholder,6,1.5833333333333333
62113,How to Lose Friends & Alienate People,6,2.8333333333333335
61,Eye for an Eye,6,3.75
48520,Employee of the Month,6,2.8333333333333335
2042,D2: The Mighty Ducks,6,2.5833333333333335
2036,Blank Check,6,2.25
46974,World Trade Center,6,2.6666666666666665
569,Little Big League,6,2.6666666666666665
6212,Bringing Down the House,6,1.9166666666666667
444,Even Cowgirls Get the Blues,6,2.3333333333333335
548,Terminal Velocity,6,2.75
1389,Jaws 3-D,6,1.4166666666666667
429,Cabin Boy,6,2.0
108156,Ride Along,6,3.1666666666666665
5792,Roger Dodger,6,3.6666666666666665
69069,Fired Up,6,3.5833333333333335
1365,Ridicule,6,3.5833333333333335
1361,Paradise Lost: The Child Murders at Robin Hood Hills,6,4.083333333333333
68952,Drag Me to Hell,6,3.75
556,"War Room, The",6,3.3333333333333335
108945,RoboCop,6,2.3333333333333335
7757,Jason and the Argonauts,6,3.5
108928,"Monuments Men, The",6,2.6666666666666665
60161,Futurama: The Beast with a Billion Backs,6,3.5
27317,Audition (Ôdishon),6,3.75
414,"Air Up There, The",6,2.3333333333333335
3266,Man Bites Dog (C'est arrivé près de chez vous),6,4.5
3090,Matewan,6,4.166666666666667
3079,Mansfield Park,6,3.0833333333333335
1593,Picture Perfect,6,2.8333333333333335
110771,"Other Woman, The",6,2.9166666666666665
6322,Confidence,6,2.8333333333333335
45726,"You, Me and Dupree",6,2.1666666666666665
4102,Eddie Murphy Raw,6,3.5
7460,Coffee and Cigarettes,6,3.5833333333333335
2506,"Other Sister, The",6,3.3333333333333335
2504,200 Cigarettes,6,3.1666666666666665
2497,Message in a Bottle,6,2.9166666666666665
101112,Oz the Great and Powerful,6,3.0833333333333335
69306,"Taking of Pelham 1 2 3, The",6,3.1666666666666665
8968,After the Sunset,6,3.5833333333333335
1594,In the Company of Men,6,4.083333333333333
6338,Daddy Day Care,6,2.3333333333333335
5585,Ernest Scared Stupid,6,2.0833333333333335
354,Cobb,6,3.3333333333333335
347,Bitter Moon,6,3.5
346,Backbeat,6,3.5
100383,Side Effects,6,3.9166666666666665
7379,The Alamo,6,3.5
84601,Unknown,6,3.3333333333333335
2676,Instinct,6,3.1666666666666665
81156,Jackass 3D,6,3.9166666666666665
2099,Song of the South,6,3.4166666666666665
2093,Return to Oz,6,3.0
2092,"Return of Jafar, The",6,2.4166666666666665
45440,Art School Confidential,6,3.3333333333333335
45732,My Super Ex-Girlfriend,6,1.5833333333333333
3063,Poison Ivy,6,2.1666666666666665
27741,"Twilight Samurai, The (Tasogare Seibei)",6,3.8333333333333335
27721,"Very Long Engagement, A (Un long dimanche de fiançailles)",6,3.6666666666666665
2548,"Rage: Carrie 2, The",6,1.8333333333333333
100498,"Good Day to Die Hard, A",6,2.0833333333333335
8869,First Daughter,6,3.3333333333333335
5479,K-19: The Widowmaker,6,3.5
3835,"Crush, The",6,2.1666666666666665
3841,Air America,6,2.8333333333333335
3041,Meatballs Part II,6,2.0833333333333335
6461,"Unforgiven, The",6,3.8333333333333335
27821,"Interpreter, The",6,3.25
27772,Ju-on: The Grudge,6,2.5833333333333335
8908,Ladder 49,6,3.6666666666666665
8879,Murder on the Orient Express,6,3.25
6536,Sinbad: Legend of the Seven Seas,6,3.6666666666666665
3032,"Omega Man, The",6,3.6666666666666665
3029,Nighthawks,6,3.25
612,"Pallbearer, The",6,2.5
611,Hellraiser: Bloodline,6,2.4166666666666665
5452,Look Who's Talking Now,6,1.5833333333333333
330,Tales from the Hood,6,3.0
2553,Village of the Damned,6,3.0833333333333335
2549,Wing Commander,6,2.9166666666666665
4158,Monkeybone,6,2.0833333333333335
949,East of Eden,6,3.9166666666666665
948,Giant,6,3.9166666666666665
942,Laura,6,4.333333333333333
1964,Klute,6,4.083333333333333
1995,Poltergeist II: The Other Side,6,1.6666666666666667
627,"Last Supper, The",6,3.3333333333333335
3404,Titanic,6,3.5833333333333335
3007,American Movie,6,3.75
96811,End of Watch,6,3.9166666666666665
96728,"Master, The",6,3.9166666666666665
6591,"Magdalene Sisters, The",6,4.333333333333333
58103,Vantage Point,6,3.4166666666666665
116799,Inherent Vice,6,3.6666666666666665
2579,Following,6,3.8333333333333335
2574,"Out-of-Towners, The",6,2.0
7376,Walking Tall,6,3.0
85780,Family Guy Presents: It's a Trap,6,3.5833333333333335
45221,Stick It,6,2.5833333333333335
45028,"Prairie Home Companion, A",6,3.6666666666666665
1977,Friday the 13th Part IV: The Final Chapter,6,2.5833333333333335
4178,Of Mice and Men,6,3.5
5421,"Dangerous Lives of Altar Boys, The",6,3.5
6619,Uptown Girls,6,2.9166666666666665
5379,"Believer, The",6,4.25
2436,Tea with Mussolini,6,4.25
2432,Stepmom,6,3.0833333333333335
2430,Mighty Joe Young,6,2.8333333333333335
117895,Maze Runner: Scorch Trials,6,1.8333333333333333
5339,Husbands and Wives,6,3.9166666666666665
3392,She-Devil,6,2.3333333333333335
6664,Commando,6,3.5
5319,Nine Queens (Nueve reinas),6,3.5
3422,She's Gotta Have It,6,3.3333333333333335
4233,Tomcats,6,2.0
4215,Revenge of the Nerds II: Nerds in Paradise,6,2.0833333333333335
4211,Reversal of Fortune,6,3.75
4210,Manhunter,6,3.9166666666666665
4205,Mermaids,6,3.1666666666666665
4203,Harley Davidson and the Marlboro Man,6,3.1666666666666665
95543,Ice Age 4: Continental Drift,6,2.9166666666666665
31427,Hide and Seek,6,2.3333333333333335
95088,Safety Not Guaranteed,6,3.75
1334,"Blob, The",6,3.0
6669,Ikiru,6,3.4166666666666665
56801,AVPR: Aliens vs. Predator - Requiem,6,2.5833333333333335
2418,Nothing in Common,6,2.75
56715,Wristcutters: A Love Story,6,4.0
80860,Life as We Know It,6,3.0
85774,Senna,6,3.75
7327,Persona,6,3.75
44788,This Film Is Not Yet Rated,6,3.5
3412,"Bear, The (Ours, L')",6,3.4166666666666665
95207,Abraham Lincoln: Vampire Hunter,6,2.75
119155,Night at the Museum: Secret of the Tomb,6,3.5
55872,August Rush,6,3.5
122898,Justice League,6,2.5
122890,Warcraft,6,3.4166666666666665
3469,Inherit the Wind,6,4.083333333333333
275,Mixed Nuts,6,2.0
71520,"Invention of Lying, The",6,2.3333333333333335
3494,True Grit,6,4.0
2976,Bringing Out the Dead,6,3.4166666666666665
2971,All That Jazz,6,4.083333333333333
7319,Club Dread,6,2.0833333333333335
85881,Win Win,6,3.75
166635,Passengers,6,3.6666666666666665
166534,Split,6,3.3333333333333335
4248,Josie and the Pussycats,6,1.75
3799,Pokémon the Movie 2000,6,1.5833333333333333
1949,"Man for All Seasons, A",6,4.333333333333333
1024,"Three Caballeros, The",6,3.6666666666666665
1018,That Darn Cat!,6,2.4166666666666665
126548,The DUFF,6,3.25
1683,"Wings of the Dove, The",6,4.416666666666667
32011,Cursed,6,2.1666666666666665
71579,"Education, An",6,3.8333333333333335
94780,Snow White and the Huntsman,6,2.8333333333333335
94478,Dark Shadows,6,2.5
127202,Me and Earl and the Dying Girl,6,3.75
44193,She's the Man,6,3.75
2151,"Gods Must Be Crazy II, The",6,3.75
2748,Allan Quatermain and the Lost City of Gold,6,1.8333333333333333
44004,Failure to Launch,6,3.25
3788,Blow-Up (Blowup),6,3.6666666666666665
3770,Dreamscape,6,2.6666666666666665
127198,Dope,6,3.5833333333333335
3511,Ready to Rumble,6,2.25
3550,The Hunger,6,3.6666666666666665
3519,Force 10 from Navarone,6,2.9166666666666665
5048,Snow Dogs,6,2.3333333333333335
8614,Overboard,6,3.0
1255,Bad Taste,6,3.0
2940,Gilda,6,4.0
4978,Lantana,6,3.8333333333333335
2787,Cat's Eye,6,2.4166666666666665
938,Gigi,6,3.25
936,Ninotchka,6,4.0
49932,Inland Empire,6,3.6666666666666665
44397,"Hills Have Eyes, The",6,3.0833333333333335
5039,Dragonslayer,6,4.083333333333333
130490,Insurgent,6,2.8333333333333335
250,Heavyweights (Heavy Weights),6,2.5
2956,Someone to Watch Over Me,6,3.1666666666666665
1797,Everest,6,4.25
33085,"Amityville Horror, The",6,2.25
5016,"Shipping News, The",6,3.0
33164,House of Wax,6,1.8333333333333333
33154,Enron: The Smartest Guys in the Room,6,4.0
33145,"Lot Like Love, A",6,3.0
6820,Ginger Snaps,6,4.0
1226,"Quiet Man, The",6,3.5
886,Bulletproof,6,2.6666666666666665
87192,Attack the Block,6,3.5
86293,Arthur,6,3.0
135137,Pixels,6,2.5833333333333335
130634,Furious 7,6,2.75
2357,Central Station (Central do Brasil),6,4.416666666666667
1821,"Object of My Affection, The",6,2.6666666666666665
213,Burnt by the Sun (Utomlyonnye solntsem),6,3.8333333333333335
8493,Memphis Belle,6,3.0833333333333335
8531,White Chicks,6,2.8333333333333335
3594,Center Stage,6,3.25
136562,Steve Jobs,6,3.75
217,"Babysitter, The",6,2.3333333333333335
191,"Scarlet Letter, The",6,2.4166666666666665
1191,Madonna: Truth or Dare,6,3.5
1190,Tie Me Up! Tie Me Down! (¡Átame!),6,3.1666666666666665
160563,The Legend of Tarzan,6,3.0833333333333335
162350,The Magnificent Seven,6,3.5833333333333335
160980,Sully,6,3.1666666666666665
162606,The Accountant,6,3.0
162578,Kubo and the Two Strings,6,4.0
3766,Missing in Action,6,2.0833333333333335
1177,Enchanted April,6,4.0
139642,Southpaw,6,2.8333333333333335
4815,Hearts in Atlantis,6,2.9166666666666665
4812,SpaceCamp,6,2.1666666666666665
73268,Daybreakers,6,3.4166666666666665
91976,"Grey, The",6,2.9166666666666665
1809,Fireworks (Hana-bi),6,4.0
6974,"Freshman, The",6,3.0
4844,Bandits,6,2.6666666666666665
136598,Vacation,6,3.4166666666666665
2315,Bride of Chucky (Child's Play 4),6,2.1666666666666665
2306,Holy Man,6,2.5833333333333335
34332,Sky High,6,2.9166666666666665
4774,Big Trouble,6,2.1666666666666665
80166,"Switch, The",6,2.6666666666666665
7235,Ichi the Killer (Koroshiya 1),6,3.4166666666666665
7234,"Strada, La",6,4.25
50685,Waitress,6,3.8333333333333335
43560,Nanny McPhee,6,3.1666666666666665
2880,Armour of God (Long xiong hu di),6,3.0833333333333335
140711,American Ultra,6,2.6666666666666665
4754,"Wicker Man, The",6,3.9166666666666665
4748,3 Ninjas,6,2.0833333333333335
2282,Pecker,6,3.4166666666666665
7001,Invasion of the Body Snatchers,6,3.75
1082,"Candidate, The",6,3.5833333333333335
79185,Knight and Day,6,3.4166666666666665
78893,"Last Airbender, The",6,1.9166666666666667
851,Basquiat,6,2.8333333333333335
91128,"Rum Diary, The",6,3.5833333333333335
90522,Johnny English Reborn,6,3.0
1875,Clockwatchers,6,3.9166666666666665
142448,Everest,6,3.0833333333333335
52241,"Lookout, The",6,3.25
37720,"Exorcism of Emily Rose, The",6,2.9166666666666665
4676,Troop Beverly Hills,6,1.9166666666666667
155,Beyond Rangoon,6,2.4166666666666665
2261,One Crazy Summer,6,3.0
4616,Lean on Me,6,3.5
51939,TMNT (Teenage Mutant Ninja Turtles),6,3.0833333333333335
7064,Beauty and the Beast (La belle et la bête),6,3.25
75985,Repo Men,6,3.5
75805,"Bounty Hunter, The",6,2.75
88812,30 Minutes or Less,6,2.6666666666666665
42004,Transamerica,6,3.5
79242,"Kids Are All Right, The",6,2.9166666666666665
1083,"Great Race, The",6,3.3333333333333335
171,Jeffrey,6,3.8333333333333335
51834,Becoming Jane,6,2.9166666666666665
8254,Arizona Dream,6,4.25
8207,"Day of the Jackal, The",6,4.083333333333333
90249,Real Steel,6,3.0
149352,Daddy's Home,6,2.6666666666666665
2239,Swept Away (Travolti da un insolito destino nell'azzurro mare d'Agosto),6,4.666666666666667
2208,"Lady Vanishes, The",6,3.9166666666666665
132,Jade,6,2.8333333333333335
4564,Always,6,2.8333333333333335
4546,"Vanishing, The (Spoorloos)",6,3.9166666666666665
40581,Just Friends,6,2.9166666666666665
833,High School High,6,2.0
1931,Mutiny on the Bounty,6,4.166666666666667
4452,Made,6,2.6666666666666665
7164,Peter Pan,6,3.0833333333333335
828,"Adventures of Pinocchio, The",6,3.3333333333333335
89087,Colombiana,6,2.5
7101,Doc Hollywood,6,3.0
1126,Drop Dead Fred,6,2.8333333333333335
8154,"Dolce Vita, La",6,3.75
77866,Robin Hood,6,3.1666666666666665
4498,"Dead Pool, The",6,3.0
2184,"Trouble with Harry, The",6,3.4166666666666665
157699,Snowden,6,3.8333333333333335
3927,Fantastic Voyage,6,2.6666666666666665
3925,Stranger Than Paradise,6,3.9166666666666665
47640,Beerfest,6,3.5
3915,Girlfight,6,3.6666666666666665
179401,Jumanji: Welcome to the Jungle,6,3.6666666666666665
3993,Quills,6,3.0
3955,"Ladies Man, The",6,1.5833333333333333
48142,"Black Dahlia, The",6,3.25
81784,Morning Glory,6,2.6666666666666665
3985,"Eagle Has Landed, The",6,3.25
3987,Bounce,6,2.4166666666666665
7698,"China Syndrome, The",5,3.7
180985,The Greatest Showman,5,3.0
6832,Regarding Henry,5,3.6
183897,Isle of Dogs,5,3.5
2922,Hang 'Em High,5,3.6
6811,PCU,5,2.5
4021,Before Night Falls,5,4.3
4735,Ghosts of Mars,5,2.6
5092,Big Fat Liar,5,3.0
4030,Dracula 2000,5,1.8
8604,Taxi,5,3.2
3501,Murphy's Romance,5,2.3
3506,North Dallas Forty,5,3.0
1755,Shooting Fish,5,4.1
5107,Hart's War,5,3.1
7649,Babylon 5: In the Beginning,5,2.8
140928,Joy,5,3.2
2961,"Story of Us, The",5,2.4
3871,Shane,5,3.9
2883,Mumford,5,3.2
4334,Yi Yi,5,4.6
7983,Broadway Danny Rose,5,4.2
1264,Diva,5,3.8
156609,Neighbors 2: Sorority Rising,5,2.6
3723,Hamlet,5,3.8
3724,Coming Home,5,3.3
3726,Assault on Precinct 13,5,3.6
8387,Police Academy: Mission to Moscow,5,0.8
165549,Manchester by the Sea,5,2.9
881,First Kid,5,2.1
74532,Cop Out,5,2.5
2163,Attack of the Killer Tomatoes!,5,2.2
1128,"Fog, The",5,2.5
1130,"Howling, The",5,2.9
2937,"Palm Beach Story, The",5,4.1
7115,Deep Red (Profondo rosso),5,2.6
2170,Wrongfully Accused,5,2.4
7117,Leprechaun,5,2.3
43904,When a Stranger Calls,5,1.3
4383,"Crimson Rivers, The (Rivières pourpres, Les)",5,3.5
2188,54,5,2.0
55577,Saw IV,5,3.2
1919,Madeline,5,2.5
43921,Running Scared,5,3.3
87483,Mr. Popper's Penguins,5,2.7
79553,Ip Man 2,5,3.0
4509,"Great Outdoors, The",5,2.9
891,Halloween: The Curse of Michael Myers (Halloween 6: The Curse of Michael Myers),5,3.8
4526,My Stepmother Is an Alien,5,3.1
1050,Looking for Richard,5,3.9
6985,"Passion of Joan of Arc, The (Passion de Jeanne d'Arc, La)",5,3.9
8607,Tokyo Godfathers,5,3.9
6713,Millennium Actress (Sennen joyû),5,3.8
92938,Ghost Rider: Spirit of Vengeance,5,1.6
8128,Au revoir les enfants,5,4.1
8157,Jin Roh: The Wolf Brigade (Jin-Rô),5,3.5
78039,Blue Valentine,5,2.8
34334,Stealth,5,2.5
6777,Judgment at Nuremberg,5,3.6
2303,Nashville,5,3.6
42418,"New World, The",5,3.2
42632,Lady Vengeance (Sympathy for Lady Vengeance) (Chinjeolhan geumjassi),5,4.0
4846,Iron Monkey (Siu nin Wong Fei-hung ji: Tit Ma Lau),5,3.5
54281,Charlie Bartlett,5,3.5
4464,"Accidental Tourist, The",5,3.6
4465,"Accused, The",5,3.7
4474,Beaches,5,2.9
33158,xXx: State of the Union,5,2.0
78349,Exam,5,3.8
54648,Rush Hour 3,5,2.7
128520,The Wedding Ringer,5,3.8
3557,Jennifer 8,5,2.9
5027,Another 48 Hrs.,5,3.0
32291,Melinda and Melinda,5,3.1
33903,"Edukators, The (Die Fetten Jahre sind vorbei)",5,4.0
6724,Paper Moon,5,3.6
6975,Funny Games,5,3.2
3525,Bachelor Party,5,2.9
4544,Short Circuit 2,5,2.9
91653,We Bought a Zoo,5,3.3
2206,Suspicion,5,4.0
40414,Joyeux Noël (Merry Christmas),5,3.7
91974,Underworld: Awakening,5,3.8
1192,Paris Is Burning,5,4.5
73266,Youth in Revolt,5,3.0
4591,Erik the Viking,5,3.0
73319,Leap Year,5,2.4
8253,Lupin III: The Castle Of Cagliostro (Rupan sansei: Kariosutoro no shiro),5,3.4
77800,Four Lions,5,4.0
3690,Porky's Revenge,5,2.0
73323,"Girl Who Kicked the Hornet's Nest, The (Luftslottet som sprängdes)",5,4.2
32898,"Trip to the Moon, A (Voyage dans la lune, Le)",5,3.5
1762,Deep Rising,5,2.3
138210,13 Hours,5,3.3
4814,Don't Say a Word,5,2.5
4821,Joy Ride,5,3.1
39400,"Fog, The",5,2.1
1783,Palmetto,5,2.8
39435,"Legend of Zorro, The",5,2.9
39449,Prime,5,2.6
2618,"Castle, The",5,3.4
51931,Reign Over Me,5,4.1
51575,Wild Hogs,5,2.3
1785,King of New York,5,3.9
8266,Purple Rain,5,2.7
73023,Crazy Heart,5,4.1
2654,"Wolf Man, The",5,3.6
4990,Jimmy Neutron: Boy Genius,5,3.2
3764,F/X2 (a.k.a. F/X 2 - The Deadly Art of Illusion),5,2.3
161634,Don't Breathe,5,3.3
41863,"Three Burials of Melquiades Estrada, The",5,4.0
4356,Gentlemen Prefer Blondes,5,3.8
4372,Crazy/Beautiful,5,3.4
158966,Captain Fantastic,5,4.5
3538,East is East,5,3.2
42718,District 13 (Banlieue 13),5,3.8
42728,Tristan & Isolde,5,3.6
2810,Perfect Blue,5,4.2
3528,"Prince of Tides, The",5,3.4
6810,Sleeping with the Enemy,5,2.5
1187,Passion Fish,5,3.6
6951,"Cat in the Hat, The",5,2.1
3529,"Postman Always Rings Twice, The",5,3.5
190,Safe,5,2.8
3682,Magnum Force,5,3.7
3553,Gossip,5,2.4
2866,"Buddy Holly Story, The",5,3.6
5080,Slackers,5,2.6
813,Larger Than Life,5,2.8
128620,Victoria,5,3.9
7044,Wild at Heart,5,3.8
122902,Fantastic Four,5,2.1
7320,Dirty Dancing: Havana Nights,5,3.4
74868,Dorian Gray,5,3.0
6887,Radio,5,4.1
37739,"Greatest Game Ever Played, The",5,3.3
93721,Jiro Dreams of Sushi,5,4.1
2252,Hero,5,2.5
2263,"Seventh Sign, The",5,2.8
6791,Babette's Feast (Babettes gæstebud),5,4.4
6794,Beethoven's 2nd,5,1.5
3545,Cabaret,5,3.0
34542,Grizzly Man,5,3.7
3548,Auntie Mame,5,3.7
4867,Riding in Cars with Boys,5,3.1
242,Farinelli: il castrato,5,3.6
2266,"Butcher's Wife, The",5,3.1
2275,Six-String Samurai,5,3.6
3632,Monsieur Verdoux,5,4.0
259,Kiss of Death,5,3.2
4267,One Night at McCool's,5,3.4
7027,Silverado,5,3.2
3599,Anchors Aweigh,5,3.2
2925,"Conformist, The (Conformista, Il)",5,4.1
7018,Presumed Innocent,5,3.9
90890,Jack and Jill,5,2.3
93272,Dr. Seuss' The Lorax,5,3.1
72605,Brothers,5,3.5
4275,Krull,5,2.9
4971,Moscow on the Hudson,5,3.1
8372,Garfield: The Movie,5,2.3
102,Mr. Wrong,5,2.4
90600,Headhunters (Hodejegerne),5,3.6
2356,Celebrity,5,2.6
71518,Whip It,5,3.1
1703,For Richer or Poorer,5,2.9
2888,Drive Me Crazy,5,2.1
49824,Dreamgirls,5,3.1
91323,"Sitter, The",5,2.9
725,"Great White Hype, The",5,2.5
1016,"Shaggy Dog, The",5,2.9
1034,Freeway,5,3.1
1043,To Gillian on Her 37th Birthday,5,2.4
4304,Startup.com,5,3.6
4406,"Man Who Shot Liberty Valance, The",5,4.4
3470,Dersu Uzala,5,4.3
116,Anne Frank Remembered,5,3.9
7845,Tremors II: Aftershocks,5,2.7
4900,Out Cold,5,3.0
86504,Voices from the List,5,4.3
4915,"Beastmaster, The",5,2.8
4921,Little Women,5,4.0
7008,Last Tango in Paris (Ultimo tango a Parigi),5,4.5
3672,Benji,5,3.8
697,Feeling Minnesota,5,2.7
86781,Incendies,5,4.4
1306,Until the End of the World (Bis ans Ende der Welt),5,2.7
2287,Them!,5,3.8
2290,Stardust Memories,5,3.6
5081,Birthday Girl,5,2.8
270,Love Affair,5,3.4
55814,"Diving Bell and the Butterfly, The (Scaphandre et le papillon, Le)",5,4.1
2377,Lifeforce,5,2.5
2382,Police Academy 5: Assignment: Miami Beach,5,2.5
120635,Taken 3,5,2.7
6702,Dickie Roberts: Former Child Star,5,2.3
71379,Paranormal Activity,5,3.4
5298,Human Nature,5,3.5
4241,Pokémon 3: The Movie,5,2.1
75,Big Bully,5,2.2
44828,Slither,5,3.0
85401,Super,5,2.9
2769,"Yards, The",5,3.4
1014,Pollyanna,5,2.9
1667,Mad City,5,2.1
56805,Walk Hard: The Dewey Cox Story,5,3.3
118900,Wild,5,2.9
6666,"Discreet Charm of the Bourgeoisie, The (Charme discret de la bourgeoisie, Le)",5,4.3
6686,"Medallion, The",5,2.7
71135,Pandorum,5,3.4
94953,Wanderlust,5,3.0
118997,Into the Woods,5,2.8
56921,Battlestar Galactica: Razor,5,3.8
31364,Memories of Murder (Salinui chueok),5,4.7
1643,"Mrs. Brown (a.k.a. Her Majesty, Mrs. Brown)",5,3.8
656,Eddie,5,3.0
95449,Magic Mike,5,2.7
4265,Driven,5,3.0
4231,Someone Like You,5,3.5
4234,"Tailor of Panama, The",5,3.2
3425,Mo' Better Blues,5,3.4
302,"Queen Margot (Reine Margot, La)",5,3.2
117851,Penguins of Madagascar,5,3.7
117881,Still Alice,5,3.8
6663,"Pink Panther Strikes Again, The",5,3.4
1633,Ulee's Gold,5,4.0
2429,Mighty Joe Young,5,2.8
27912,Outfoxed: Rupert Murdoch's War on Journalism,5,3.3
6624,Agent Cody Banks,5,1.9
343,"Baby-Sitters Club, The",5,2.9
169984,Alien: Covenant,5,2.8
1973,"Freddy's Dead: The Final Nightmare (Nightmare on Elm Street Part 6: Freddy's Dead, A)",5,2.2
44709,Akeelah and the Bee,5,3.8
2106,Swing Kids,5,3.7
2732,Jules and Jim (Jules et Jim),5,4.5
2736,Brighton Beach Memoirs,5,3.6
2570,"Walk on the Moon, A",5,3.2
71106,Frequently Asked Questions About Time Travel,5,3.6
58105,"Spiderwick Chronicles, The",5,3.4
27839,"Ring Two, The",5,2.3
95858,For the Birds,5,3.9
96417,Premium Rush,5,3.2
3401,Baby... Secret of the Lost Legend,5,2.2
619,Ed,5,2.6
168418,The Boss Baby,5,3.8
85056,I Am Number Four,5,3.1
4220,"Longest Yard, The",5,3.4
6538,Swimming Pool,5,3.6
8827,"Bill Cosby, Himself",5,4.0
8796,"Funny Thing Happened on the Way to the Forum, A",5,3.1
5434,"Sorry, Wrong Number",5,3.8
5450,Lovely & Amazing,5,3.2
5451,Pumpkin,5,3.0
334,Vanya on 42nd Street,5,4.2
340,"War, The",5,3.4
70599,"Time Traveler's Wife, The",5,3.9
27822,Open Water,5,2.7
113378,"Giver, The",5,2.3
113453,Let's Be Cops,5,3.1
3038,"Face in the Crowd, A",5,4.2
3840,Pumpkinhead,5,2.4
171011,Planet Earth II,5,4.2
2073,Fandango,5,3.6
2077,"Journey of Natty Gann, The",5,3.4
1983,Halloween II,5,2.4
1993,Child's Play 3,5,1.8
3045,Peter's Friends,5,3.6
5480,Stuart Little 2,5,2.6
3342,Birdy,5,3.5
112788,Sex Tape,5,2.6
112818,"Purge: Anarchy, The",5,3.3
8870,"Forgotten, The",5,2.5
1611,My Own Private Idaho,5,4.1
98585,Hitchcock,5,3.5
3310,"Kid, The",5,4.1
3327,Beyond the Mat,5,3.7
580,Princess Caraboo,5,2.8
6460,"Trial, The (Procès, Le)",5,4.9
6370,"Spanish Apartment, The (L'auberge espagnole)",5,4.0
2670,Run Silent Run Deep,5,3.6
100163,Hansel & Gretel: Witch Hunters,5,2.9
5548,Down and Out in Beverly Hills,5,3.0
59126,Religulous,5,3.8
422,Blink,5,3.2
3286,Snow Day,5,2.3
5570,Thesis (Tesis),5,3.9
390,Faster Pussycat! Kill! Kill!,5,3.7
62250,Gomorrah (Gomorra),5,3.7
69134,Antichrist,5,3.8
101025,Jack the Giant Slayer,5,2.2
2491,Simply Irresistible,5,3.6
2498,My Favorite Martian,5,2.1
27592,Sympathy for Mr. Vengeance (Boksuneun naui geot),5,3.8
6301,Straw Dogs,5,4.0
101525,"Place Beyond the Pines, The",5,3.5
4086,"Big Easy, The",5,3.5
3858,Cecil B. DeMented,5,3.5
4104,Ernest Goes to Camp,5,1.4
175569,Wind River,5,3.4
2070,Tender Mercies,5,3.4
5628,Wasabi,5,3.5
5632,Bloody Sunday,5,3.6
1582,Wild America,5,2.6
110127,Noah,5,2.8
5666,"Rules of Attraction, The",5,3.6
3251,Agnes of God,5,3.7
60037,"Happening, The",5,3.0
60487,"It's the Great Pumpkin, Charlie Brown",5,3.8
71,Fair Game,5,1.7
45928,Who Killed the Electric Car?,5,3.7
2084,Newsies,5,2.7
45662,"Omen, The",5,2.3
973,Meet John Doe,5,3.9
83803,Day & Night,5,4.1
1363,"Preacher's Wife, The",5,3.5
1366,"Crucible, The",5,3.9
9010,Love Me If You Dare (Jeux d'enfants),5,4.1
458,Geronimo: An American Legend,5,2.8
5796,Casino Royale,5,2.5
5665,Knockaround Guys,5,2.5
60514,Journey to the Center of the Earth,5,2.5
27020,Gia,5,3.4
27156,"Neon Genesis Evangelion: The End of Evangelion (Shin seiki Evangelion Gekijô-ban: Air/Magokoro wo, kimi ni)",5,4.3
1554,"Pillow Book, The",5,2.4
102033,Pain & Gain,5,3.2
550,Threesome,5,3.4
26903,Whisper of the Heart (Mimi wo sumaseba),5,3.8
61236,Waltz with Bashir (Vals im Bashir),5,3.0
453,For Love or Money,5,2.8
1006,"Chamber, The",5,3.5
3864,Godzilla 2000 (Gojira ni-sen mireniamu),5,2.1
64,Two if by Sea,5,2.2
68,French Twist (Gazon maudit),5,3.4
5804,"Santa Clause 2, The",5,2.3
469,"House of the Spirits, The",5,3.4
5874,Friday After Next,5,2.4
5876,"Quiet American, The",5,3.9
67997,In the Loop,5,4.3
68073,Pirate Radio,5,3.4
1395,Tin Men,5,3.0
1399,Marvin's Room,5,3.1
3221,"Draughtsman's Contract, The",5,3.7
26729,Hearts of Darkness: A Filmmakers Apocalypse,5,3.8
5909,Visitor Q (Bizita Q),5,3.3
66785,"Good, the Bad, the Weird, The (Joheunnom nabbeunnom isanghannom)",5,3.8
3130,Bonfire of the Vanities,5,2.4
1498,Inventing the Abbotts,5,3.0
26680,Cry-Baby,5,3.8
63853,Australia,5,3.2
104218,Grown Ups 2,5,3.4
3169,The Falcon and the Snowman,5,3.3
3182,"Mr. Death: The Rise and Fall of Fred A. Leuchter, Jr.",5,4.0
3115,Flawless,5,4.0
26084,"Music Man, The",5,3.9
26131,"Battle of Algiers, The (La battaglia di Algeri)",5,4.3
26152,Batman,5,3.0
66371,Departures (Okuribito),5,4.1
66509,Funny People,5,3.5
103235,"Best Offer, The (Migliore offerta, La)",5,4.0
1468,Booty Call,5,2.6
1487,Selena,5,3.0
65685,Inkheart,5,3.5
5993,Max,5,2.9
3153,"7th Voyage of Sinbad, The",5,4.4
65130,Revolutionary Road,5,3.7
26242,Duel,5,3.2
26258,"Topo, El",5,3.9
47423,Half Nelson,5,4.0
2017,Babes in Toyland,5,3.1
7700,"Wages of Fear, The (Salaire de la peur, Le)",5,3.3
47950,Hollywoodland,5,3.2
3946,Get Carter,5,2.5
3992,Malèna,5,3.7
187595,Solo: A Star Wars Story,5,3.9
81417,Paranormal Activity 2,5,3.7
990,Maximum Risk,5,2.9
6014,National Security,5,2.5
103810,Red 2,5,3.2
104243,Riddick,5,3.3
64285,Wallace and Gromit in 'A Matter of Loaf and Death',5,3.7
1442,Prefontaine,5,3.5
6025,CB4 - The Movie,5,2.9
49961,Notes on a Scandal,4,3.75
43917,Eight Below,4,3.0
7257,"Big Bounce, The",4,2.0
7258,"Perfect Score, The",4,2.75
4929,"Toy, The",4,2.375
130576,Midnight Special,4,2.375
3572,Carnosaur,4,2.0
3576,"Hidden, The",4,3.5
54785,Halloween,4,3.25
6808,Where Eagles Dare,4,4.0
6786,Kiss of the Spider Woman,4,3.875
93766,Wrath of the Titans,4,2.625
93831,American Reunion (American Pie 4),4,2.625
94015,Mirror Mirror,4,3.0
93287,"Big Year, The",4,3.75
93443,Goon,4,3.25
3497,Max Dugan Returns,4,2.5
3500,Mr. Saturday Night,4,3.0
4976,Iris,4,3.875
2120,Needful Things,4,2.0
49772,"Painted Veil, The",4,4.0
49910,Freedom Writers,4,3.75
4305,Angel Eyes,4,1.625
86548,Water for Elephants,4,3.375
2786,Haunted Honeymoon,4,1.75
55167,Tekkonkinkreet (Tekkon kinkurîto),4,4.625
1731,Mr. Magoo,4,1.75
1733,Afterglow,4,4.5
1752,Hard Rain,4,2.5
32584,"Ballad of Jack and Rose, The",4,3.125
32657,"Man Who Planted Trees, The (Homme qui plantait des arbres, L')",4,4.25
32289,Ice Princess,4,3.375
71823,"New York, I Love You",4,3.5
2593,"Monster, The (Mostro, Il)",4,3.375
6785,Seven Brides for Seven Brothers,4,3.75
3516,"Bell, Book and Candle",4,3.375
128975,Hot Tub Time Machine 2,4,2.875
4293,Summer Rental,4,2.5
3774,House Party 2,4,0.75
3786,But I'm a Cheerleader,4,2.625
2149,House II: The Second Story,4,1.75
2131,Autumn Sonata (Höstsonaten),4,4.625
44204,Tsotsi,4,3.25
5099,Heidi,4,2.5
5102,Rookie of the Year,4,2.5
94266,"Five-Year Engagement, The",4,2.5
1684,Mrs. Dalloway,4,3.5
32460,Knockin' on Heaven's Door,4,4.25
55245,Good Luck Chuck,4,3.25
55253,"Lust, Caution (Se, jie)",4,3.75
1727,"Horse Whisperer, The",4,3.75
1730,Kundun,4,3.25
127096,Project Almanac,4,3.75
127098,Louis C.K.: Live at The Comedy Store,4,4.375
6710,Dummy,4,3.625
6744,Once Bitten,4,2.25
680,"Alphaville (Alphaville, une étrange aventure de Lemmy Caution)",4,4.125
3801,Anatomy of a Murder,4,4.0
3802,Freejack,4,2.0
4259,"Luzhin Defence, The",4,3.5
7894,"Duck, You Sucker",4,3.5
1046,Beautiful Thing,4,4.5
7316,Confessions of a Teenage Drama Queen,4,2.375
692,Solo,4,2.0
94070,"Best Exotic Marigold Hotel, The",4,3.875
2967,"Bad Seed, The",4,4.0
2970,Fitzcarraldo,4,3.375
5147,Wild Strawberries (Smultronstället),4,3.75
127108,Brooklyn,4,3.875
71462,"Cove, The",4,4.25
1305,"Paris, Texas",4,3.5
3467,Hud,4,3.75
5214,"Oh, God!",4,2.5
5222,Kissing Jessica Stein,4,3.375
182823,Bright,4,2.875
271,Losing Isaiah,4,3.5
3937,Runaway,4,2.625
31804,Night Watch (Nochnoy dozor),4,3.25
4012,Punchline,4,2.5
48412,"Guardian, The",4,3.0
2383,Police Academy 6: City Under Siege,4,1.5
3909,Woman on Top,4,2.0
121231,It Follows,4,4.125
5246,Smokey and the Bandit II,4,2.125
5248,Smokey and the Bandit III,4,1.375
6695,Jeepers Creepers 2,4,1.875
184471,Tomb Raider,4,2.5
95307,Rock of Ages,4,2.75
185029,A Quiet Place,4,2.75
1648,"House of Yes, The",4,3.5
7587,"Samouraï, Le (Godson, The)",4,4.0
5255,Sorority Boys,4,2.375
5264,Clockstoppers,4,2.25
83132,"Secret World of Arrietty, The (Kari-gurashi no Arietti)",4,3.5
46967,Scoop,4,3.375
47894,"Wind That Shakes the Barley, The",4,3.75
1979,Friday the 13th Part VI: Jason Lives,4,3.25
49220,For Your Consideration,4,2.375
7340,Just One of the Guys,4,2.75
7362,Taking Lives,4,3.25
1998,Exorcist II: The Heretic,4,1.5
3928,Abbott and Costello Meet Frankenstein,4,3.75
2771,Brokedown Palace,4,3.25
7842,Dune,4,4.375
3930,"Creature from the Black Lagoon, The",4,2.125
158813,Alice Through the Looking Glass,4,2.0
56563,Helvetica,4,3.25
2399,Santa Claus: The Movie,4,2.25
3728,One False Move,4,3.75
3430,Death Wish,4,3.0
3436,Dying Young,4,3.75
3445,Eyes of Laura Mars,4,3.5
879,"Relic, The",4,3.0
2836,Outside Providence,4,3.5
2851,Saturn 3,4,3.25
6687,My Boss's Daughter,4,2.0
1326,Amityville II: The Possession,4,1.125
1330,April Fool's Day,4,1.5
7102,Dragnet,4,2.5
7116,Diabolique (Les diaboliques),4,3.125
2978,Three to Tango,4,3.0
2181,Marnie,4,3.625
2182,"Wrong Man, The",4,2.875
51037,Unknown,4,3.0
152970,Hunt for the Wilderpeople,4,4.375
650,Moll Flanders,4,3.0
7121,Adam's Rib,4,4.75
4502,Ernest Saves Christmas,4,1.625
6658,10,4,3.375
4191,Alfie,4,3.25
168254,Kong: Skull Island,4,3.125
168266,T2: Trainspotting,4,3.75
168326,The Big Sick,4,4.0
167018,Why Him?,4,3.125
167036,Sing,4,3.75
4518,The Lair of the White Worm,4,3.75
4229,Say It Isn't So,4,2.125
4529,Bagdad Cafe (Out of Rosenheim),4,3.875
4533,"Return of the Living Dead, The",4,3.75
4535,"Man from Snowy River, The",4,3.375
299,Priest,4,4.0
152091,The Brothers Grimsby,4,3.125
117533,Citizenfour,4,3.875
840,House Arrest,4,3.375
78088,Buried,4,3.5
117887,Paddington,4,4.0
7084,"Play It Again, Sam",4,3.75
89118,"Skin I Live In, The (La piel que habito)",4,3.0
50798,Epic Movie,4,1.125
27882,Riding Giants,4,4.0
1942,All the King's Men,4,4.25
88235,"Guard, The",4,3.625
6625,Camp Nowhere,4,2.5
6636,"Sure Thing, The",4,3.75
6643,Tokyo Story (Tôkyô monogatari),4,2.625
5414,Bad Company,4,2.875
78467,Jonah Hex,4,1.875
5415,Divine Secrets of the Ya-Ya Sisterhood,4,3.125
96432,Lawless,4,3.625
4175,Gray's Anatomy,4,3.625
1099,"Christmas Carol, A",4,3.375
1111,Microcosmos (Microcosmos: Le peuple de l'herbe),4,4.125
44864,Friends with Money,4,3.25
45175,Kinky Boots,4,3.75
7982,"Tale of Two Sisters, A (Janghwa, Hongryeon)",4,3.25
40614,Derailed,4,3.25
85796,Hobo with a Shotgun,4,2.375
40723,Wolf Creek,4,3.25
40851,Zathura,4,3.375
96488,Searching for Sugar Man,4,4.25
40955,Breakfast on Pluto,4,3.875
2575,"Dreamlife of Angels, The (Vie rêvée des anges, La)",4,3.75
2587,Life,4,3.25
51091,Black Snake Moan,4,3.5
30850,"Merchant of Venice, The",4,3.75
2205,Mr. & Mrs. Smith,4,2.875
38304,No Direction Home: Bob Dylan,4,4.625
27878,Born into Brothels,4,3.875
27879,DiG!,4,4.125
58301,Funny Games U.S.,4,4.375
148956,How to Be Single,4,3.125
95873,Ruby Sparks,4,3.5
2996,Music of the Heart,4,3.125
3011,"They Shoot Horses, Don't They?",4,3.25
4585,"Dream Team, The",4,3.375
90345,"Thing, The",4,3.5
5410,Silent Running,4,2.375
97860,Killing Them Softly,4,3.125
147378,Doctor Who: Planet of the Dead,4,3.0
634,Theodore Rex,4,2.25
639,Girl 6,4,3.0
1996,Poltergeist III,4,1.875
4605,How to Get Ahead in Advertising,4,3.625
168492,Call Me by Your Name,4,3.75
151739,Dirty Grandpa,4,2.875
85131,Battle: Los Angeles,4,2.375
947,My Man Godfrey,4,3.75
38798,In Her Shoes,4,3.125
4221,Necessary Roughness,4,2.625
4160,"Widow of St. Pierre, The (Veuve de Saint-Pierre, La)",4,4.125
4168,Get Over It,4,2.75
39231,Elizabethtown,4,3.5
6559,Little Giants,4,2.5
39234,North Country,4,3.5
2561,True Crime,4,2.75
39427,Stay,4,3.0
5428,Cheech & Chong's The Corsican Brothers,4,1.125
39869,Manderlay,4,4.125
5438,Men at Work,4,2.75
27837,Flight of the Phoenix,4,2.875
3384,"Taking of Pelham One Two Three, The",4,4.5
2204,Saboteur,4,3.875
2639,Mommie Dearest,4,3.125
114795,Dracula Untold,4,3.5
2660,"Thing from Another World, The",4,3.5
42734,Hoodwinked!,4,3.25
5466,My Wife is an Actress (Ma Femme est une Actrice),4,4.0
3017,Creepshow 2,4,3.0
3031,Repossessed,4,2.375
70565,"Goods: Live Hard, Sell Hard, The",4,3.625
43376,Sophie Scholl: The Final Days (Sophie Scholl - Die letzten Tage),4,4.625
606,Candyman: Farewell to the Flesh,4,3.0
58347,Penelope,4,3.5
27790,Millions,4,3.5
42009,Cheaper by the Dozen 2,4,1.875
58839,Leatherheads,4,2.375
113348,Teenage Mutant Ninja Turtles,4,2.75
42013,"Ringer, The",4,2.75
4439,Christiane F. (a.k.a. We Children from Bahnhof Zoo) (Christiane F. - Wir Kinder vom Bahnhof Zoo),4,3.625
113573,Sin City: A Dame to Kill For,4,3.25
58315,"Love Guru, The",4,2.125
98154,Lincoln,4,4.5
98203,"Twilight Saga: Breaking Dawn - Part 2, The",4,1.875
87304,Beginners,4,3.625
2693,Trekkies,4,3.375
2807,Universal Soldier: The Return,4,2.625
3843,Sleepaway Camp,4,2.375
3846,Easy Money,4,3.625
173145,War for the Planet of the Apes,4,2.875
4141,Head Over Heels,4,2.5
3822,"Girl on the Bridge, The (Fille sur le pont, La)",4,4.125
170697,Gifted,4,4.125
88356,"Smurfs, The",4,1.875
87867,Zookeeper,4,2.75
7069,"Macbeth (a.k.a. Tragedy of Macbeth, The)",4,3.5
147384,Doctor Who: The Runaway Bride,4,4.0
1992,Child's Play 2,4,2.375
4628,New York Stories,4,3.125
4640,Brother,4,3.75
5477,Sex and Lucia (Lucía y el sexo),4,3.875
3689,Porky's II: The Next Day,4,1.75
7033,"Secret of My Succe$s, The (a.k.a. The Secret of My Success)",4,3.125
90376,We Need to Talk About Kevin,4,3.5
5522,Rollerball,4,3.5
5527,Possession,4,3.5
7048,Nothing to Lose,4,3.375
90430,Carnage,4,4.0
147380,Doctor Who: The Next Doctor,4,2.875
100390,Identity Thief,4,2.875
70159,Orphan,4,3.0
2241,Class,4,3.5
574,Spanking the Monkey,4,3.25
112911,Hercules,4,2.0
2264,We're No Angels,4,2.75
37240,Why We Fight,4,3.5
577,Andre,4,2.125
34532,"Skeleton Key, The",4,3.0
581,"Celluloid Closet, The",4,4.0
142222,Demolition,4,3.125
3074,Jeremiah Johnson,4,4.25
100507,21 and Over,4,3.625
6368,Cinemania,4,4.0
4686,Weekend at Bernie's II,4,1.625
45442,Poseidon,4,2.875
2091,Return from Witch Mountain,4,2.25
7369,Scooby-Doo 2: Monsters Unleashed,4,2.25
2265,Nothing But Trouble,4,2.375
85020,"Mechanic, The",4,3.375
85022,Hall Pass,4,3.125
7386,"Ten Commandments, The",4,3.75
6375,Gigantic (A Tale of Two Johns),4,4.0
8951,Vera Drake,4,3.0
4697,Basket Case,4,2.625
5544,Time After Time,4,3.75
90717,Tower Heist,4,3.5
112370,Transformers: Age of Extinction,4,1.875
27674,11:14,4,3.75
7026,Summer School,4,2.375
1602,Leave It to Beaver,4,1.75
1605,Excess Baggage,4,2.75
27604,Suicide Club (Jisatsu saakuru),4,3.125
53024,Jonestown: The Life and Death of Peoples Temple,4,3.875
53127,Bug,4,2.875
3306,"Circus, The",4,4.125
766,I Shot Andy Warhol,4,3.5
387,"Low Down Dirty Shame, A",4,2.375
74685,"Crazies, The",4,3.375
365,Little Buddha,4,3.25
6337,Owning Mahowny,4,3.5
6339,"Man on the Train (Homme du train, L')",4,3.875
6341,"Shape of Things, The",4,3.25
8362,Raising Helen,4,2.75
2522,Airport '77,4,3.25
8967,Seed of Chucky (Child's Play 5),4,1.75
8364,Baadasssss! (How to Get the Man's Foot Outta Your Ass),4,3.375
69275,Dead Snow (Død snø),4,4.25
90531,Shame,4,3.75
4703,Chocolat,4,3.375
142997,Hotel Transylvania 2,4,2.875
52694,Mr. Bean's Holiday,4,2.875
6989,Gorky Park,4,3.5
7000,Hudson Hawk,4,3.0
101577,"Host, The",4,2.5
101612,Admission,4,3.0
6308,Legal Eagles,4,2.625
4066,I'm Gonna Git You Sucka,4,2.875
4067,Untamed Heart,4,3.375
1066,Shall We Dance,4,4.5
4091,Can't Buy Me Love,4,3.25
4042,"Alamo, The",4,3.375
4389,Lost and Delirious,4,3.625
173291,Valerian and the City of a Thousand Planets,4,2.875
174053,Black Mirror: White Christmas,4,4.75
160954,Nerve,4,2.625
123,Chungking Express (Chung Hing sam lam),4,4.375
2057,"Incredible Journey, The",4,3.375
2066,Out of the Past,4,4.125
160271,Central Intelligence,4,3.625
6332,"Lizzie McGuire Movie, The",4,3.0
6288,Better Luck Tomorrow,4,3.875
3076,Irma la Douce,4,3.625
4419,All That Heaven Allows,4,4.25
4432,Sweet Smell of Success,4,4.125
59333,Made of Honor,4,2.875
8011,"Weather Underground, The",4,4.0
1592,Air Bud,4,2.375
25771,"Andalusian Dog, An (Chien andalou, Un)",4,4.5
3091,Kagemusha,4,4.125
3093,McCabe & Mrs. Miller,4,3.75
5646,Valmont,4,4.0
3677,Baraka,4,4.125
4721,American Outlaws,4,2.125
5668,White Oleander,4,2.5
142422,The Night Before,4,4.25
109578,Non-Stop,4,3.25
109673,300: Rise of an Empire,4,2.125
109846,Mr. Peabody & Sherman,4,3.25
52967,Away from Her,4,3.625
27397,Joint Security Area (Gongdong gyeongbi guyeok JSA),4,4.25
1860,Character (Karakter),4,2.625
53318,Cashback,4,3.25
48696,Little Children,4,3.875
4792,13 Ghosts,4,3.125
4738,Happy Accidents,4,4.0
4745,O,4,3.625
4063,Prelude to a Kiss,4,2.5
7481,Enemy Mine,4,4.0
7541,100 Girls,4,3.25
140956,Ready Player One,4,3.5
7748,Pierrot le fou,4,3.875
2677,Buena Vista Social Club,4,4.375
7720,"Four Musketeers, The",4,2.75
187,Party Girl,4,4.125
7448,Envy,4,2.75
7450,Laws of Attraction,4,2.75
109483,That Awkward Moment,4,2.625
1353,"Mirror Has Two Faces, The",4,3.375
140247,The Gift,4,3.25
140359,Doctor Who: The Waters of Mars,4,4.0
2882,Jakob the Liar,4,2.0
456,Fresh,4,3.75
74154,When in Rome,4,2.5
74324,Temple Grandin,4,4.375
5712,Blow Out,4,3.625
74510,"Girl Who Played with Fire, The (Flickan som lekte med elden)",4,4.25
2166,Return to Paradise,4,2.5
60760,"X-Files: I Want to Believe, The",4,2.875
60941,"Midnight Meat Train, The",4,2.875
4381,"Closet, The (Placard, Le)",4,3.375
7215,To Have and Have Not,4,3.5
1550,Trial and Error,4,2.25
7228,Cool World,4,2.5
27193,Taxi 2,4,3.875
1392,Citizen Ruth,4,4.125
25825,Fury,4,3.375
101962,Wolf Children (Okami kodomo no ame to yuki),4,4.0
6249,Boat Trip,4,2.375
6252,View from the Top,4,2.375
6286,"Man Without a Past, The (Mies vailla menneisyyttä)",4,3.875
80126,"American, The",4,2.625
4773,Haiku Tunnel,4,3.0
4725,Session 9,4,3.625
4727,Captain Corelli's Mandolin,4,3.125
61352,Traitor,4,3.375
106540,Delivery Man,4,2.875
34336,Must Love Dogs,4,2.0
103075,"Purge, The",4,3.25
6220,Willard,4,2.5
3117,Ride with the Devil,4,3.875
4802,Operation Petticoat,4,3.0
82667,I Saw the Devil (Akmareul boatda),4,3.875
38,It Takes Two,4,2.125
2043,Darby O'Gill and the Little People,4,2.75
2050,Herbie Goes Bananas,4,2.875
4803,Play Misty for Me,4,3.625
3865,"Original Kings of Comedy, The",4,3.25
4124,Jaws: The Revenge,4,1.25
4126,Less Than Zero,4,3.5
4808,"Vanishing, The",4,2.375
1837,"Odd Couple II, The",4,2.25
3109,"River, The",4,3.5
3111,Places in the Heart,4,4.25
1844,Live Flesh (Carne trémula),4,3.875
5809,Femme Fatale,4,3.375
26865,Fist of Legend (Jing wu ying xiong),4,3.375
1598,Desperate Measures,4,2.5
3225,Down to You,4,2.0
3230,"Odessa File, The",4,3.875
1382,Marked for Death,4,1.875
479,Judgment Night,4,2.25
487,Lightning Jack,4,2.5
5843,Toy Soldiers,4,2.5
105954,All Is Lost,4,3.625
461,Go Fish,4,2.75
33834,Land of the Dead,4,3.125
105653,Escape Plan,4,4.0
5873,The Emperor's Club,4,3.875
33880,Me and You and Everyone We Know,4,3.75
34271,Hustle & Flow,4,3.75
3190,Supernova,4,2.0
3194,"Way We Were, The",4,3.625
5879,Eight Crazy Nights (Adam Sandler's Eight Crazy Nights),4,1.5
102993,"Way, Way Back, The",4,3.125
523,Ruby in Paradise,4,3.5
67267,Sunshine Cleaning,4,3.375
67295,Kung Fu Panda: Secrets of the Furious Five,4,2.875
67695,Observe and Report,4,2.625
67788,Confessions of a Shopaholic,4,3.5
6978,Slacker,4,3.25
73344,"Prophet, A (Un Prophète)",4,4.25
137337,Amy,4,3.5
2615,My Science Project,4,2.875
73015,It's Complicated,4,2.75
3224,Woman in the Dunes (Suna no onna),4,4.75
62293,"Duchess, The",4,3.5
62511,"Synecdoche, New York",4,3.125
7259,You Got Served,4,2.125
5899,Zulu,4,4.0
7294,Welcome to Mooseport,4,3.25
66665,Away We Go,4,3.5
3732,"Fury, The",4,3.0
4339,Von Ryan's Express,4,3.75
3142,U2: Rattle and Hum,4,3.25
4850,Spriggan (Supurigan),4,3.375
1503,8 Heads in a Duffel Bag,4,3.0
199,"Umbrellas of Cherbourg, The (Parapluies de Cherbourg, Les)",4,4.125
63433,Farscape: The Peacekeeper Wars,4,3.5
63479,Sex Drive,4,3.625
63540,Beverly Hills Chihuahua,4,2.125
2333,Gods and Monsters,4,4.125
513,Radioland Murders,4,3.375
518,"Road to Wellville, The",4,2.375
104076,"Smurfs 2, The",4,1.875
2337,Velvet Goldmine,4,3.375
3167,Carnal Knowledge,4,3.5
53435,Hostel: Part II,4,2.0
92507,Safe House,4,3.375
5891,I Spit on Your Grave (Day of the Woman),4,2.625
5951,Morvern Callar,4,3.25
105037,"To Do List, The",4,2.5
2902,Psycho II,4,2.5
2905,Sanjuro (Tsubaki Sanjûrô),4,4.25
6852,In Cold Blood,4,3.625
135567,Independence Day: Resurgence,4,2.375
136016,The Good Dinosaur,4,3.0
3627,Carnival of Souls,4,3.875
1422,Murder at 1600,4,2.75
4888,Tape,4,3.875
6184,"Man Who Fell to Earth, The",4,4.25
105197,Nebraska,4,4.125
3584,Breathless,4,2.0
8501,"Hitcher, The",4,3.625
26471,Eddie Murphy Delirious,4,4.375
3163,Topsy-Turvy,4,3.875
104069,Louis C.K.: Oh My God,4,4.125
210,Wild Bill,4,3.0
512,"Puppet Masters, The",4,3.0
103980,Blue Jasmine,4,3.375
6012,"Guy Thing, A",4,2.5
6040,Darkness Falls,4,2.125
5988,Quicksilver,4,2.625
33499,Monster-in-Law,4,2.5
53956,Death at a Funeral,4,3.25
6872,"House of the Dead, The",4,1.125
65188,Dear Zachary: A Letter to a Son About His Father,4,3.875
65585,Bride Wars,4,3.5
718,"Visitors, The (Visiteurs, Les)",4,4.125
4969,And Then There Were None,4,3.625
3990,Rugrats in Paris: The Movie,4,2.25
47382,Step Up,4,3.5
134214,Youth,4,3.5
2016,"Apple Dumpling Gang Rides Again, The",4,2.875
3606,On the Town,4,3.75
187541,Incredibles 2,4,3.0
7706,Animal Crackers,4,4.125
4898,Novocaine,4,2.625
1999,"Exorcist III, The",4,2.0
4912,Funny Girl,4,3.75
3973,Book of Shadows: Blair Witch 2,4,1.125
132157,Paul Blart: Mall Cop 2,4,2.75
240,Hideaway,4,2.375
3953,Dr. T and the Women,4,2.125
132796,San Andreas,4,1.875
47810,"Wicker Man, The",4,1.0
26322,Gone in 60 Seconds,4,3.125
65642,"Timecrimes (Cronocrímenes, Los)",4,4.25
7762,"Tinker, Tailor, Soldier, Spy",4,3.625
7766,Throne of Blood (Kumonosu jô),4,4.0
4928,That Obscure Object of Desire (Cet obscur objet du désir),4,3.125
8581,Pirates of Silicon Valley,4,4.0
72167,"Boondock Saints II: All Saints Day, The",4,3.375
103596,Sharknado,4,1.875
6093,"Last Unicorn, The",4,3.375
72356,Partly Cloudy,4,4.375
2789,Damien: Omen II,4,2.875
7303,The Diary of Anne Frank,4,4.0
86142,13 Assassins (Jûsan-nin no shikaku),4,4.0
1447,Gridlock'd,4,3.375
165101,Inferno,4,2.875
6039,"Woman in Red, The",4,2.375
4024,"House of Mirth, The",3,2.1666666666666665
48593,Man of the Year,3,2.5
2051,Herbie Goes to Monte Carlo,3,2.3333333333333335
2041,Condorman,3,3.3333333333333335
2038,"Cat from Outer Space, The",3,2.3333333333333335
2035,Blackbeard's Ghost,3,3.6666666666666665
4035,"Claim, The",3,2.8333333333333335
82499,How Do You Know,3,2.6666666666666665
1003,Extreme Measures,3,2.5
998,Set It Off,3,3.0
7728,"Postman Always Rings Twice, The",3,3.6666666666666665
175661,The Hitman's Bodyguard,3,2.6666666666666665
46850,Wordplay,3,4.0
46572,Edmond,3,3.5
46062,High School Musical,3,2.0
48744,Shortbus,3,4.0
6027,Dogfight,3,4.166666666666667
6022,American Me,3,2.5
64993,5 Centimeters per Second (Byôsoku 5 senchimêtoru),3,3.5
26422,Hair,3,3.1666666666666665
26375,Silver Streak,3,3.6666666666666665
1453,"Beautician and the Beast, The",3,1.8333333333333333
1439,Meet Wally Sparks,3,2.1666666666666665
104303,Jobs,3,2.5
104283,"Wind Rises, The (Kaze tachinu)",3,4.0
6100,"Midsummer Night's Sex Comedy, A",3,4.0
103801,Drinking Buddies,3,2.3333333333333335
103655,R.I.P.D.,3,1.8333333333333333
6063,May,3,3.3333333333333335
6051,"Harder They Come, The",3,4.166666666666667
6041,Amen.,3,3.8333333333333335
103984,"Great Beauty, The (Grande Bellezza, La)",3,3.5
3185,Snow Falling on Cedars,3,3.3333333333333335
3179,Angela's Ashes,3,3.3333333333333335
6005,Blue Collar Comedy Tour: The Movie,3,3.0
6002,Love Liza,3,3.3333333333333335
26528,Anne of Green Gables,3,4.5
26492,Twilight Zone: The Movie,3,3.0
1484,"Daytrippers, The",3,3.6666666666666665
1465,Rosewood,3,3.3333333333333335
64167,Dinotopia,3,3.3333333333333335
6183,Pillow Talk,3,3.8333333333333335
6170,"Black Stallion, The",3,3.5
6162,Gerry,3,3.1666666666666665
6148,White Dog,3,2.8333333333333335
528,"Scout, The",3,2.3333333333333335
26171,Play Time (a.k.a. Playtime),3,3.1666666666666665
103883,2 Guns,3,4.0
26585,"Better Tomorrow, A (Ying hung boon sik)",3,3.8333333333333335
26578,"Sacrifice, The (Offret - Sacraficatio)",3,4.166666666666667
63436,Saw V,3,3.1666666666666665
26712,35 Up,3,4.0
26686,Ghost Dad,3,1.5
6193,Poolhall Junkies,3,3.8333333333333335
3135,"Great Santini, The",3,3.6666666666666665
3129,Sweet and Lowdown,3,3.6666666666666665
3127,Holy Smoke,3,2.8333333333333335
26082,Harakiri (Seppuku),3,4.5
1430,Underworld,3,3.0
6185,Dark Blue,3,3.0
104925,"Family, The",3,3.5
104906,Austenland,3,3.1666666666666665
104863,What If,3,2.6666666666666665
5965,"Duellists, The",3,4.166666666666667
460,Getting Even with Dad,3,2.6666666666666665
5841,Return to the Blue Lagoon,3,1.6666666666666667
1497,Double Team,3,4.0
486,Life with Mikey,3,3.0
26778,Ladybugs,3,3.0
62439,My Best Friend's Girl,3,4.0
62394,Max Payne,3,2.1666666666666665
62376,City of Ember,3,2.8333333333333335
3217,"Star Is Born, A",3,3.5
68159,State of Play,3,4.0
25937,Easter Parade,3,3.3333333333333335
1401,Ghosts of Mississippi,3,3.3333333333333335
521,Romeo Is Bleeding,3,3.1666666666666665
6196,Cradle 2 the Grave,3,3.5
64032,Four Christmases,3,2.8333333333333335
26629,Killer Klowns from Outer Space,3,2.0
26870,Major League II,3,2.6666666666666665
26810,Bad Boy Bubby,3,4.833333333333333
1529,Nowhere,3,3.3333333333333335
1526,Fathers' Day,3,1.0
106873,Evangelion: 3.0 You Can (Not) Redo,3,2.5
5833,Dog Soldiers,3,4.666666666666667
5820,Standing in the Shadows of Motown,3,3.5
102194,Mud,3,4.333333333333333
3097,"Shop Around the Corner, The",3,3.6666666666666665
6235,Europa Europa (Hitlerjunge Salomon),3,4.333333333333333
536,"Simple Twist of Fate, A",3,3.3333333333333335
567,Kika,3,2.0
6219,"Hunted, The",3,3.0
6215,Laurel Canyon,3,3.0
6197,Spider,3,3.3333333333333335
3206,Against All Odds,3,2.3333333333333335
424,Blue Chips,3,1.8333333333333333
5788,All or Nothing,3,3.6666666666666665
1551,Buddy,3,2.1666666666666665
60979,Batman: Gotham Knight,3,3.5
452,Widows' Peak,3,3.0
61350,Babylon A.D.,3,2.3333333333333335
61348,Disaster Movie,3,0.8333333333333334
61289,Sukiyaki Western Django,3,3.3333333333333335
26974,Gummo,3,3.1666666666666665
61026,Red Cliff (Chi bi),3,4.0
6270,Akira Kurosawa's Dreams (Dreams),3,4.333333333333333
68848,"Brothers Bloom, The",3,4.333333333333333
25850,Holiday,3,3.0
25841,Stage Door,3,4.166666666666667
68486,Red Cliff Part II (Chi Bi Xia: Jue Zhan Tian Xia),3,4.0
3235,Where the Buffalo Roam,3,3.6666666666666665
5680,Auto Focus,3,3.1666666666666665
5678,Formula 51,3,2.6666666666666665
110297,Muppets Most Wanted,3,3.3333333333333335
110130,"Nut Job, The",3,4.333333333333333
5644,"Pride of the Yankees, The",3,3.5
9018,Control Room,3,4.333333333333333
1355,Nightwatch,3,2.0
5696,Urban Cowboy,3,2.3333333333333335
109187,"Zero Theorem, The",3,3.0
108949,"Art of the Steal, The",3,3.3333333333333335
60333,Encounters at the End of the World,3,4.5
60293,"Wackness, The",3,4.0
27408,Ripley's Game,3,3.3333333333333335
27368,Asterix & Obelix: Mission Cleopatra (Astérix & Obélix: Mission Cléopâtre),3,4.0
27311,Batman Beyond: Return of the Joker,3,3.5
1581,Out to Sea,3,2.1666666666666665
2526,Meteor,3,1.8333333333333333
2525,Alligator,3,2.0
5643,Powaqqatsi,3,3.5
109895,Bad Words,3,2.0
1596,Career Girls,3,4.333333333333333
27478,Ali G Indahouse,3,3.0
27434,Darkness,3,1.5
59727,"Strangers, The",3,3.1666666666666665
110882,Locke,3,3.8333333333333335
6291,Lilya 4-Ever (Lilja 4-ever),3,3.5
6327,"Decade Under the Influence, A",3,3.5
6319,"My Father the Hero (Mon père, ce héros.)",3,2.1666666666666665
6315,Wildcats,3,1.8333333333333333
101283,"Incredible Burt Wonderstone, The",3,2.8333333333333335
6300,Flickering Lights (Blinkende lygter),3,4.5
6298,Malibu's Most Wanted,3,2.6666666666666665
5589,Indian Summer,3,3.0
5563,City by the Sea,3,2.8333333333333335
5556,FearDotCom (a.k.a. Fear.com) (a.k.a. Fear Dot Com),3,1.5
112006,Tangled Ever After,3,3.8333333333333335
3299,Hanging Up,3,2.6666666666666665
3287,"Tigger Movie, The",3,3.1666666666666665
5625,Moonlight Mile,3,3.5
59141,Son of Rambow,3,4.666666666666667
2511,"Long Goodbye, The",3,4.666666666666667
2495,"Fantastic Planet, The (Planète sauvage, La)",3,4.0
6335,"Dancer Upstairs, The",3,3.8333333333333335
6334,Blue Car,3,3.5
101076,G.I. Joe: Retaliation,3,3.0
69524,Raiders of the Lost Ark: The Adaptation,3,4.333333333333333
8982,I Am David,3,3.0
8959,Birth,3,2.5
2514,Pet Sematary II,3,1.8333333333333333
8948,Alfie,3,2.3333333333333335
8939,"Final Cut, The",3,3.6666666666666665
100714,Before Midnight,3,3.5
6387,Once a Thief (Zong heng si hai),3,3.6666666666666665
6374,"In-Laws, The",3,2.1666666666666665
6349,Breakin',3,2.0
6348,Breakin' 2: Electric Boogaloo,3,1.6666666666666667
6345,"Chorus Line, A",3,4.666666666666667
6306,I Am Trying to Break Your Heart,3,4.166666666666667
3075,Repulsion,3,4.166666666666667
3064,Poison Ivy: New Seduction,3,2.3333333333333335
27563,"Happiness of the Katakuris, The (Katakuri-ke no kôfuku)",3,4.333333333333333
111622,Begin Again,3,4.0
5613,8 Women,3,3.8333333333333335
5610,"Banger Sisters, The",3,2.0
69849,Roots,3,3.1666666666666665
1609,187 (One Eight Seven),3,2.6666666666666665
1606,Kull the Conqueror,3,2.3333333333333335
1604,Money Talks,3,3.3333333333333335
1601,Hoodlum,3,2.3333333333333335
1599,Steel,3,2.3333333333333335
59103,"Forbidden Kingdom, The",3,3.8333333333333335
112515,"Babadook, The",3,4.5
112421,Frank,3,4.333333333333333
100083,Movie 43,3,3.5
99917,Upstream Color,3,3.1666666666666665
99728,Gangster Squad,3,3.3333333333333335
1351,Blood and Wine (Blood & Wine),3,2.3333333333333335
1340,"Bride of Frankenstein, The (Bride of Frankenstein)",3,3.1666666666666665
69606,Ghosts of Girlfriends Past,3,2.5
2520,Airport,3,2.1666666666666665
2477,Firewalker,3,3.3333333333333335
2475,52 Pick-Up,3,3.6666666666666665
2472,Tough Guys,3,3.0
27728,Ghost in the Shell 2: Innocence (a.k.a. Innocence) (Inosensu),3,2.1666666666666665
27722,Last Life in the Universe (Ruang rak noi nid mahasan),3,4.166666666666667
59037,Speed Racer,3,3.1666666666666665
59014,Superhero Movie,3,2.0
2563,Dangerous Beauty,3,4.166666666666667
8928,"Fearless Vampire Killers, The",3,3.6666666666666665
2540,"Corruptor, The",3,2.5
2537,Beyond the Poseidon Adventure,3,2.0
2535,Earthquake,3,2.6666666666666665
2534,Avalanche,3,2.5
8916,Shall We Dance?,3,3.0
70521,Lost in Austen,3,3.6666666666666665
70361,12 Rounds,3,3.0
5506,Blood Work,3,3.3333333333333335
112804,I Origins,3,3.8333333333333335
5497,Our Man Flint,3,3.5
3350,"Raisin in the Sun, A",3,3.8333333333333335
5485,Tadpole,3,3.3333333333333335
5483,"Kid Stays in the Picture, The",3,3.8333333333333335
6483,From Justin to Kelly,3,0.8333333333333334
99145,"Impossible, The (Imposible, Lo)",3,3.6666666666666665
99106,"Guilt Trip, The",3,2.5
6466,Mississippi Masala,3,3.5
6436,This Boy's Life,3,3.3333333333333335
6433,"Man with the Movie Camera, The (Chelovek s kino-apparatom)",3,3.3333333333333335
3326,What Planet Are You From?,3,3.1666666666666665
3325,"Next Best Thing, The",3,2.1666666666666665
3324,Drowning Mona,3,1.3333333333333333
2488,Peeping Tom,3,3.0
58425,Heima,3,4.166666666666667
5476,Halloween: Resurrection (Halloween 8),3,2.0
5475,Z,3,3.8333333333333335
5471,Perfect,3,1.8333333333333333
5470,The Importance of Being Earnest,3,4.333333333333333
70728,Bronson,3,3.8333333333333335
70641,Miss March,3,2.8333333333333335
70533,Evangelion: 1.0 You Are (Not) Alone (Evangerion shin gekijôban: Jo),3,3.8333333333333335
8906,Cannibal Holocaust,3,2.6666666666666665
8864,Mr. 3000,3,2.6666666666666665
8838,Alice Doesn't Live Here Anymore,3,4.166666666666667
3055,Felicia's Journey,3,3.3333333333333335
3051,Anywhere But Here,3,2.5
3048,Under the Rainbow,3,2.0
112897,The Expendables 3,3,3.5
5523,"Adventures of Pluto Nash, The",3,2.3333333333333335
8833,Vanity Fair,3,3.5
8815,Exorcist: The Beginning,3,2.5
70984,Taking Woodstock,3,3.0
70946,Troll 2,3,3.5
6567,Buffalo Soldiers,3,3.5
6566,Spy Kids 3-D: Game Over,3,2.0
6558,Curly Sue,3,2.3333333333333335
6549,How to Deal,3,3.5
617,"Flower of My Secret, The (La flor de mi secreto)",3,2.8333333333333335
5460,"Powerpuff Girls, The",3,3.6666666666666665
114074,The Skeleton Twins,3,3.3333333333333335
114060,The Drop,3,2.8333333333333335
114762,Two Night Stand,3,2.8333333333333335
3364,"Asphalt Jungle, The",3,3.6666666666666665
58332,Diary of the Dead,3,2.8333333333333335
27834,"Return, The (Vozvrashcheniye)",3,4.333333333333333
96616,That's My Boy,3,2.5
6584,"What's Up, Tiger Lily?",3,3.1666666666666665
6582,Remo Williams: The Adventure Begins,3,2.3333333333333335
96606,Samsara,3,3.8333333333333335
58303,"Counterfeiters, The (Die Fälscher)",3,3.3333333333333335
2465,Deadly Friend,3,1.5
2460,"Texas Chainsaw Massacre 2, The",3,2.0
2453,"Boy Who Could Fly, The",3,2.1666666666666665
2448,Virus,3,2.6666666666666665
27873,Metallica: Some Kind of Monster,3,3.1666666666666665
5437,"Manhattan Project, The",3,3.0
5433,Silver Bullet (Stephen King's Silver Bullet),3,2.6666666666666665
2555,Baby Geniuses,3,1.6666666666666667
2554,Children of the Damned,3,3.1666666666666665
8836,Wicker Park,3,3.3333333333333335
8835,Paparazzi,3,2.3333333333333335
70994,Halloween II,3,3.0
2582,Twin Dragons (Shuang long hui),3,3.0
8799,Little Black Book,3,2.1666666666666665
96448,Piranha 3DD (a.k.a. Piranha DD),3,2.1666666666666665
5427,Caveman,3,2.5
5423,Gangster No. 1,3,3.0
5417,"Fast Runner, The (Atanarjuat)",3,3.8333333333333335
114818,Stretch,3,2.1666666666666665
115877,"Simpsons: The Longest Daycare, The",3,3.6666666666666665
115680,Time Lapse,3,3.8333333333333335
115122,What We Do in the Shadows,3,4.833333333333333
5404,84 Charing Cross Road,3,4.5
3406,Captain Horatio Hornblower R.N.,3,3.0
3015,Coma,3,3.6666666666666665
96020,Sidewalls (Medianeras),3,3.6666666666666665
96655,Robot & Frank,3,3.0
2442,Hilary and Jackie,3,3.8333333333333335
2439,Affliction,3,3.1666666666666665
3395,Nadine,3,3.0
3393,Date with an Angel,3,1.3333333333333333
1629,"MatchMaker, The",3,3.3333333333333335
1626,Fire Down Below,3,2.6666666666666665
57951,Fool's Gold,3,2.3333333333333335
30898,"Upside of Anger, The",3,3.1666666666666665
30848,"Love Song for Bobby Long, A",3,3.1666666666666665
30820,"Woodsman, The",3,3.8333333333333335
116977,Dumb and Dumber To,3,2.3333333333333335
5391,Thirteen Conversations About One Thing (a.k.a. 13 Conversations),3,4.0
6614,I Love You to Death,3,2.6666666666666665
1324,Amityville: Dollhouse,3,1.1666666666666667
1323,Amityville 3-D,3,1.6666666666666667
1322,Amityville 1992: It's About Time,3,1.5
117466,In the Heart of the Sea,3,3.5
117192,Doctor Who: The Time of the Doctor,3,4.5
304,Roommates,3,3.6666666666666665
3423,School Daze,3,2.1666666666666665
3420,...And Justice for All,3,3.1666666666666665
95377,One Man Band,3,3.8333333333333335
665,Underground,3,4.333333333333333
95654,Geri's Game,3,4.166666666666667
6650,Kind Hearts and Coronets,3,3.3333333333333335
6638,Valley Girl,3,2.1666666666666665
6629,House of Wax,3,3.5
5387,Enough,3,4.0
5382,Every Which Way But Loose,3,3.0
326,To Live (Huozhe),3,4.0
313,"Swan Princess, The",3,3.3333333333333335
30803,3-Iron (Bin-jip),3,4.5
3431,Death Wish 2,3,1.6666666666666667
56607,"Kite Runner, The",3,3.3333333333333335
1670,Welcome to Sarajevo,3,3.0
3415,"Mirror, The (Zerkalo)",3,4.166666666666667
118702,Unbroken,3,2.5
1649,"Fast, Cheap & Out of Control",3,2.5
1647,Playing God,3,2.5
57532,Meet the Spartans,3,2.5
31184,Appleseed (Appurushîdo),3,3.8333333333333335
31116,Sergeant York,3,3.8333333333333335
57243,"Band's Visit, The (Bikur Ha-Tizmoret)",3,3.5
95067,"Thousand Words, A",3,2.8333333333333335
94985,Get the Gringo,3,3.8333333333333335
1332,"Believers, The",3,3.6666666666666665
5337,Delirious,3,2.8333333333333335
5333,Bob le Flambeur,3,3.3333333333333335
291,Poison Ivy II,3,2.3333333333333335
283,New Jersey Drive,3,3.6666666666666665
125916,Fifty Shades of Grey,3,1.0
5187,Hopscotch,3,4.0
1686,Red Corner,3,3.6666666666666665
8695,"Bachelor and the Bobby-Soxer, The",3,3.0
71304,Thirst (Bakjwi),3,4.0
71252,"Final Destination, The (Final Destination 4) (Final Destination in 3-D, The)",3,2.6666666666666665
71211,"Informant!, The",3,3.6666666666666665
95309,Seeking a Friend for the End of the World,3,4.166666666666667
2988,Melvin and Howard,3,4.0
5250,Stir Crazy,3,4.0
120478,The Salt of the Earth,3,4.333333333333333
2385,Home Fries,3,2.3333333333333335
31700,Because of Winn-Dixie,3,3.1666666666666665
56176,Alvin and the Chipmunks,3,1.5
55250,"Game Plan, The",3,2.6666666666666665
55241,Mr. Woodcock,3,2.6666666666666665
32300,D.E.B.S.,3,2.8333333333333335
32298,Guess Who,3,2.3333333333333335
55553,Black Sheep,3,2.3333333333333335
55444,Control,3,4.166666666666667
32213,Cube Zero,3,2.6666666666666665
32022,Gunner Palace,3,3.6666666666666665
32009,Tyler Perry's Diary of a Mad Black Woman,3,2.6666666666666665
31923,"Three Musketeers, The",3,4.0
5137,Scratch,3,3.8333333333333335
3480,Lucas,3,3.3333333333333335
5127,Dragonfly,3,3.5
691,Mrs. Winterbourne,3,3.3333333333333335
94833,"Pirates! Band of Misfits, The",3,3.3333333333333335
6750,Anything Else,3,2.8333333333333335
55094,In the Valley of Elah,3,3.5
55069,"4 Months, 3 Weeks and 2 Days (4 luni, 3 saptamâni si 2 zile)",3,4.0
5074,Storytelling,3,3.1666666666666665
5073,"Son's Room, The (Stanza del figlio, La)",3,3.8333333333333335
3537,Where the Money Is,3,3.3333333333333335
5046,Impostor,3,3.0
129937,Run All Night,3,2.1666666666666665
6783,"Rules of the Game, The (La règle du jeu)",3,3.5
1236,Trust,3,4.333333333333333
71668,Couples Retreat,3,3.3333333333333335
94503,"Decoy Bride, The",3,3.6666666666666665
5076,"Adventures of Huck Finn, The",3,2.5
5075,Waydowntown,3,3.6666666666666665
3502,My Life,3,3.5
5120,Sleuth,3,4.166666666666667
127052,Operation 'Y' & Other Shurik's Adventures,3,3.8333333333333335
2363,Godzilla (Gojira),3,2.1666666666666665
131714,Last Knights,3,3.0
3563,"Crow: Salvation, The",3,2.5
5034,"Truly, Madly, Deeply",3,3.6666666666666665
5021,Murder by Death,3,2.8333333333333335
3554,Love and Basketball,3,3.0
130518,The Amazing Screw-On Head,3,4.0
251,"Hunted, The",3,3.0
130450,Pan,3,2.5
3544,Shakes the Clown,3,2.3333333333333335
6790,Avalon,3,3.5
93563,Lockout,3,3.1666666666666665
94018,Battleship,3,2.3333333333333335
2943,Indochine,3,4.166666666666667
32554,Memories (Memorîzu),3,3.8333333333333335
55116,"Hunting Party, The",3,2.6666666666666665
4920,"Now, Voyager",3,3.6666666666666665
4916,Midway,3,3.3333333333333335
3559,Limelight,3,3.6666666666666665
54780,"Nanny Diaries, The",3,3.1666666666666665
54732,Balls of Fury,3,2.8333333333333335
33421,Dear Wendy,3,3.6666666666666665
54372,Tell No One (Ne le dis à personne),3,3.8333333333333335
4956,"Stunt Man, The",3,4.5
6827,It's Pat,3,0.8333333333333334
92509,"Vow, The",3,2.6666666666666665
72395,Precious,3,3.5
72129,Saw VI,3,3.5
6776,Lagaan: Once Upon a Time in India,3,4.166666666666667
6800,Cobra,3,2.3333333333333335
4991,Joe Somebody,3,3.3333333333333335
1791,Twilight,3,2.3333333333333335
2347,"Pope of Greenwich Village, The",3,2.3333333333333335
33639,Mad Hot Ballroom,3,3.3333333333333335
1816,Two Girls and a Guy,3,2.0
212,Bushwhacked,3,3.0
209,White Man's Burden,3,3.1666666666666665
135532,The Last Witch Hunter,3,3.3333333333333335
6869,Bus 174 (Ônibus 174),3,3.8333333333333335
8542,"Day at the Races, A",3,4.0
8526,Around the World in 80 Days,3,2.5
72731,"Lovely Bones, The",3,3.1666666666666665
72720,"Single Man, A",3,3.8333333333333335
72701,Planet 51,3,3.0
72489,Ninja Assassin,3,4.166666666666667
6850,Leap of Faith,3,2.3333333333333335
228,Destiny Turns on the Radio,3,2.3333333333333335
134881,Love & Mercy,3,4.333333333333333
3598,Hamlet,3,3.0
3626,8 ½ Women (a.k.a. 8 1/2 Women) (a.k.a. Eight and a Half Women),3,3.3333333333333335
4862,Not Without My Daughter,3,1.6666666666666667
4852,Bones,3,1.6666666666666667
136018,Black Mass,3,2.5
2932,Days of Heaven,3,3.6666666666666665
2931,Time of the Gypsies (Dom za vesanje),3,4.166666666666667
2899,Gulliver's Travels,3,3.0
6898,Sweet Sixteen,3,3.3333333333333335
731,Heaven's Prisoners,3,3.3333333333333335
715,"Horseman on the Roof, The (Hussard sur le toit, Le)",3,3.6666666666666665
92391,Grave Encounters,3,3.1666666666666665
6885,In the Cut,3,2.8333333333333335
53974,License to Wed,3,2.3333333333333335
1827,"Big One, The",3,3.3333333333333335
33677,Rock School,3,3.5
6954,"Barbarian Invasions, The (Les invasions barbares)",3,4.0
1812,Wide Awake,3,3.6666666666666665
1804,"Newton Boys, The",3,3.0
53550,Rescue Dawn,3,3.3333333333333335
53466,Nancy Drew,3,2.8333333333333335
33830,Herbie: Fully Loaded,3,3.1666666666666665
2331,Living Out Loud,3,3.0
2327,Tales from the Darkside: The Movie,3,3.6666666666666665
4849,My First Mister,3,3.3333333333333335
6950,"Missing, The",3,3.6666666666666665
6920,"Cercle Rouge, Le (Red Circle, The)",3,3.5
91690,Friends with Kids,3,3.6666666666666665
1176,"Double Life of Veronique, The (Double Vie de Véronique, La)",3,4.0
73042,Alvin and the Chipmunks: The Squeakquel,3,2.6666666666666665
2634,"Mummy, The",3,3.3333333333333335
2633,"Mummy, The",3,3.3333333333333335
4809,Silkwood,3,4.166666666666667
4795,Father Goose,3,3.6666666666666665
4794,Opera,3,3.0
4845,Corky Romano,3,1.3333333333333333
4835,Coal Miner's Daughter,3,3.5
4833,"Changeling, The",3,3.3333333333333335
4822,Max Keeble's Big Move,3,2.5
3653,"Endless Summer, The",3,4.166666666666667
33725,It's All Gone Pete Tong,3,3.1666666666666665
747,"Stupids, The",3,3.3333333333333335
73854,"Rudolph, the Red-Nosed Reindeer",3,3.8333333333333335
8491,White Heat,3,3.6666666666666665
73106,American Pie Presents: The Book of Love (American Pie 7: The Book of Love),3,2.1666666666666665
92008,Haywire,3,2.8333333333333335
91978,Man on a Ledge,3,3.1666666666666665
6959,Timeline,3,2.0
4757,Rock Star,3,2.5
4736,Summer Catch,3,2.6666666666666665
4789,Phantom of the Paradise,3,4.333333333333333
1836,"Last Days of Disco, The",3,4.5
2310,"Mighty, The",3,3.6666666666666665
34321,Bad News Bears,3,3.0
91126,War Horse,3,3.0
74508,Persuasion,3,3.3333333333333335
74450,Valentine's Day,3,2.6666666666666665
73929,Legion,3,2.8333333333333335
91628,New Year's Eve,3,2.0
6966,Darkman,3,3.8333333333333335
34153,Murderball,3,3.8333333333333335
34143,Dark Water,3,2.0
33896,3 Extremes (Three... Extremes) (Saam gaang yi),3,3.3333333333333335
1856,Kurt & Courtney,3,4.0
8369,Mindhunters,3,2.6666666666666665
8341,Oliver Twist,3,3.8333333333333335
90888,Immortals,3,2.6666666666666665
4733,"Curse of the Jade Scorpion, The",3,2.5
1859,Taste of Cherry (Ta'm e guilass),3,3.6666666666666665
52767,21 Up,3,4.0
4723,"Deep End, The",3,1.8333333333333333
7017,Passenger 57,3,3.5
7016,Over the Top,3,1.5
7015,Only the Lonely,3,3.1666666666666665
7010,"Lover, The (Amant, L')",3,3.5
7009,Lorenzo's Oil,3,3.3333333333333335
2891,"Happy, Texas",3,4.0
4771,Hardball,3,2.6666666666666665
4765,L.I.E.,3,4.333333333333333
141544,Turbo Kid,3,3.5
4673,Tango & Cash,3,1.6666666666666667
4663,She's Out of Control,3,2.8333333333333335
4662,"See No Evil, Hear No Evil",3,3.1666666666666665
143969,Er ist wieder da,3,2.8333333333333335
141866,Green Room,3,3.3333333333333335
34536,The Great Raid,3,3.1666666666666665
34530,Deuce Bigalow: European Gigolo,3,2.8333333333333335
34528,Junebug,3,3.6666666666666665
34523,The Chumscrubber,3,2.0
36537,Thumbsucker,3,3.3333333333333335
36509,"Cave, The",3,2.6666666666666665
52712,"Invisible, The",3,2.3333333333333335
4709,Paint Your Wagon,3,2.8333333333333335
74754,"Room, The",3,3.6666666666666665
74750,[REC]²,3,3.6666666666666665
74698,Tooth Fairy,3,2.1666666666666665
74916,Greenberg,3,2.3333333333333335
166,"Doom Generation, The",3,2.8333333333333335
156,Blue in the Face,3,3.3333333333333335
38095,"Bittersweet Life, A (Dalkomhan insaeng)",3,4.166666666666667
37736,Oliver Twist,3,3.5
1904,Henry Fool,3,3.3333333333333335
1888,Hope Floats,3,2.6666666666666665
147382,Doctor Who: Voyage Of The Damned,3,4.5
90403,"Three Musketeers, The",3,3.1666666666666665
7045,"Witches, The",3,3.1666666666666665
2874,"Pajama Game, The",3,3.6666666666666665
7024,"Salo, or The 120 Days of Sodom (Salò o le 120 giornate di Sodoma)",3,3.6666666666666665
90603,Batman: Year One,3,3.6666666666666665
4688,Black Robe,3,3.3333333333333335
142536,Burnt,3,2.0
52283,"Reaping, The",3,2.5
151315,Ride Along 2,3,2.0
4602,Harlem Nights,3,3.0
147374,"Doctor Who: The Doctor, the Widow and the Wardrobe",3,4.166666666666667
4644,Bread and Tulips (Pane e tulipani),3,3.6666666666666665
4636,"Punisher, The",3,2.3333333333333335
145839,Concussion,3,2.5
148888,Zoolander 2,3,2.5
4625,Millennium,3,2.0
4624,Meet the Feebles,3,3.0
7060,Jesus Christ Superstar,3,4.0
89840,Killer Elite,3,2.8333333333333335
89759,"Separation, A (Jodaeiye Nader az Simin)",3,4.333333333333333
89305,"Inbetweeners Movie, The",3,3.6666666666666665
1150,"Return of Martin Guerre, The (Retour de Martin Guerre, Le)",3,4.333333333333333
75813,Leaves of Grass,3,3.1666666666666665
8261,3 Women (Three Women),3,4.166666666666667
4577,Casualties of War,3,3.8333333333333335
4572,Black Rain,3,3.0
4563,Young Einstein,3,1.8333333333333333
4552,"Tetsuo, the Ironman (Tetsuo)",3,3.5
40962,"Yours, Mine and Ours",3,3.3333333333333335
40959,"Ice Harvest, The",3,3.6666666666666665
835,Foxfire,3,3.6666666666666665
77364,"Losers, The",3,3.0
1161,"Tin Drum, The (Blechtrommel, Die)",3,3.6666666666666665
7072,Stagecoach,3,3.5
2227,"Lodger: A Story of the London Fog, The",3,3.5
2212,"Man Who Knew Too Much, The",3,3.6666666666666665
146,"Amazing Panda Adventure, The",3,3.3333333333333335
51925,Premonition,3,3.5
51884,"Namesake, The",3,3.6666666666666665
151455,Eddie the Eagle,3,2.8333333333333335
155288,Eye in the Sky,3,2.8333333333333335
1913,Picnic at Hanging Rock,3,4.0
51024,The Odyssey,3,3.1666666666666665
50804,Hannibal Rising,3,3.5
157312,The Boss,3,2.6666666666666665
4492,Critters,3,3.0
7104,1941,3,2.6666666666666665
8183,Educating Rita,3,3.1666666666666665
152083,Whiskey Tango Foxtrot,3,3.3333333333333335
4537,Running on Empty,3,4.333333333333333
3696,Night of the Creeps,3,3.1666666666666665
4531,Red Heat,3,2.6666666666666665
156387,Sing Street,3,3.8333333333333335
156371,Everybody Wants Some,3,4.166666666666667
4520,License to Drive,3,2.3333333333333335
4506,Frantic,3,3.1666666666666665
158783,The Handmaiden,3,2.6666666666666665
4488,Colors,3,3.3333333333333335
4483,Caddyshack II,3,1.5
4482,"Bright Lights, Big City",3,3.1666666666666665
4480,"Blob, The",3,2.8333333333333335
4476,Big Business,3,2.3333333333333335
8119,Crossroads,3,3.0
8044,I Am a Fugitive from a Chain Gang,3,3.6666666666666665
8033,How to Steal a Million,3,3.6666666666666665
1105,Children of the Corn IV: The Gathering,3,4.666666666666667
78316,Letters to Juliet,3,2.8333333333333335
78266,Splice,3,3.5
7080,42nd Street,3,4.0
7078,Jezebel,3,3.8333333333333335
7124,Grass,3,3.1666666666666665
155509,Mr. Right,3,3.5
1946,Marty,3,3.8333333333333335
1938,"Lost Weekend, The",3,4.0
1936,Mrs. Miniver,3,4.0
1934,You Can't Take It with You,3,3.8333333333333335
50802,Because I Said So,3,3.0
4444,"Way of the Dragon, The (a.k.a. Return of the Dragon) (Meng long guo jiang)",3,4.166666666666667
7142,Honey,3,3.0
2818,Iron Eagle IV,3,1.0
2817,Aces: Iron Eagle III,3,2.0
2816,Iron Eagle II,3,1.6666666666666667
87876,Cars 2,3,3.1666666666666665
2844,"Minus Man, The",3,2.6666666666666665
3712,Soapdish,3,2.8333333333333335
3710,Action Jackson,3,1.6666666666666667
156726,Hush,3,2.6666666666666665
156607,The Huntsman Winter's War,3,1.0
4441,Game of Death,3,4.166666666666667
4438,"Fist of Fury (Chinese Connection, The) (Jing wu men)",3,3.8333333333333335
158972,Toni Erdmann,3,3.6666666666666665
42015,Casanova,3,3.0
42007,Rumor Has It...,3,2.8333333333333335
43460,Tristram Shandy: A Cock and Bull Story,3,3.3333333333333335
42732,Last Holiday,3,3.5
7206,Mon Oncle (My Uncle),3,3.8333333333333335
87234,Submarine,3,4.166666666666667
893,Mother Night,3,3.6666666666666665
79274,Batman: Under the Red Hood,3,3.6666666666666665
8012,Kikujiro (Kikujirô no natsu),3,3.6666666666666665
8008,Brigadoon,3,4.0
7991,Death Race 2000,3,3.6666666666666665
869,Kansas City,3,3.6666666666666665
4471,Arthur 2: On the Rocks,3,1.5
4373,Pootie Tang,3,3.1666666666666665
3743,Boys and Girls,3,2.0
3733,"Paper Chase, The",3,3.8333333333333335
160567,Mike & Dave Need Wedding Dates,3,3.3333333333333335
4424,"Garden of the Finzi-Continis, The (Giardino dei Finzi-Contini, Il)",3,3.6666666666666665
4409,Shadows and Fog,3,3.3333333333333335
113,Before and After,3,3.3333333333333335
4392,Alice,3,3.0
86835,Priest,3,3.0
1051,Trees Lounge,3,4.0
80139,Jackass 2.5,3,4.166666666666667
7932,Dark Days,3,3.6666666666666665
79879,Piranha (Piranha 3D),3,2.1666666666666665
87298,Everything Must Go,3,2.6666666666666665
7209,"M. Hulot’s Holiday (Mr. Hulot's Holiday) (Vacances de Monsieur Hulot, Les)",3,3.5
4442,"Last Dragon, The",3,2.6666666666666665
161580,Bad Moms,3,3.8333333333333335
163134,Your Name.,3,4.0
162600,Miss Peregrine's Home for Peculiar Children,3,3.0
162478,Masterminds,3,4.0
3767,Missing in Action 2: The Beginning,3,1.6666666666666667
3760,"Kentucky Fried Movie, The",3,3.5
7261,Barbershop 2: Back in Business,3,2.1666666666666665
888,Land Before Time III: The Time of the Great Giving,3,2.1666666666666665
86892,The Man from Nowhere,3,4.5
7236,"Boy and His Dog, A",3,4.0
7225,Pumping Iron,3,3.6666666666666665
7216,High Sierra,3,4.166666666666667
50740,Seven Up!,3,3.8333333333333335
50189,American Pie Presents The Naked Mile (American Pie 5: The Naked Mile),3,1.1666666666666667
43708,Block Party (a.k.a. Dave Chappelle's Block Party),3,3.1666666666666665
2177,Family Plot,3,3.1666666666666665
49647,Charlotte's Web,3,3.3333333333333335
2119,Maximum Overdrive,3,1.3333333333333333
2107,Halloween H20: 20 Years Later (Halloween 7: The Revenge of Laurie Strode),3,3.0
4347,Divided We Fall (Musíme si pomáhat),3,3.8333333333333335
4345,"Anniversary Party, The",3,4.0
2152,Air Bud: Golden Receiver,3,2.0
2147,"Clan of the Cave Bear, The",3,2.6666666666666665
43919,Date Movie,3,0.8333333333333334
50005,Curse of the Golden Flower (Man cheng jin dai huang jin jia),3,2.5
927,"Women, The",3,4.0
86290,American: The Bill Hicks Story,3,4.0
86295,Scream 4,3,2.6666666666666665
7301,Diary of a Country Priest (Journal d'un curé de campagne),3,3.5
7299,Monsieur Ibrahim (Monsieur Ibrahim et les fleurs du Coran),3,3.6666666666666665
7297,Kitchen Stories (Salmer fra kjøkkenet),3,3.6666666666666665
3729,Shaft,3,4.0
3771,The Golden Voyage of Sinbad,3,4.0
3769,Thunderbolt and Lightfoot,3,3.3333333333333335
165639,While You Were Fighting: A Thor Mockumentary,3,3.8333333333333335
4289,"City of Women, The (Città delle donne, La)",3,2.8333333333333335
4285,Frankie and Johnny,3,2.8333333333333335
4278,Triumph of the Will (Triumph des Willens),3,4.166666666666667
7311,"Goodbye, Mr. Chips",3,3.6666666666666665
7310,Raw Deal,3,3.3333333333333335
80590,Wall Street: Money Never Sleeps,3,3.1666666666666665
80586,Flipped,3,3.8333333333333335
80241,Going the Distance,3,3.1666666666666665
7846,Tremors 3: Back to Perfection,3,3.0
935,"Band Wagon, The",3,3.8333333333333335
4329,Rio Bravo,3,3.6666666666666665
4317,Love Potion #9,3,2.5
4300,Bread and Roses,3,4.0
44731,Stay Alive,3,1.3333333333333333
166492,Office Christmas Party,3,3.5
3813,Interiors,3,4.166666666666667
3810,White Sands,3,3.0
3797,"In Crowd, The",3,2.6666666666666665
103,Unforgettable,3,3.0
49347,Fast Food Nation,3,3.8333333333333335
49284,10 Items or Less,3,2.6666666666666665
81018,"Illusionist, The (L'illusionniste)",3,3.0
80969,Never Let Me Go,3,4.0
80862,Catfish,3,3.6666666666666665
7840,Gunga Din,3,3.1666666666666665
7834,After the Thin Man,3,2.8333333333333335
7812,Babylon 5: Thirdspace,3,3.6666666666666665
2782,Pit and the Pendulum,3,3.3333333333333335
4256,"Center of the World, The",3,3.6666666666666665
78,"Crossing Guard, The",3,3.3333333333333335
45208,RV,3,2.0
4219,Girls Just Want to Have Fun,3,3.3333333333333335
4207,Navy Seals,3,2.0
4195,"Abominable Dr. Phibes, The",3,3.8333333333333335
2708,"Autumn Tale, An (Conte d'automne)",3,4.0
85788,Insidious,3,2.6666666666666665
85736,BURN-E,3,4.5
85354,Mesrine: Public Enemy #1 (L'ennemi public n°1),3,3.5
7354,Mad Dog and Glory,3,3.3333333333333335
7348,Spartan,3,3.5
49280,Bobby,3,3.8333333333333335
49276,Let's Go to Prison,3,1.3333333333333333
49132,Shut Up & Sing,3,3.0
49130,"Good Year, A",3,3.6666666666666665
44759,Basic Instinct 2,3,2.1666666666666665
170875,The Fate of the Furious,3,2.3333333333333335
170813,Baywatch,3,3.0
3819,Tampopo,3,4.0
4146,"Million Dollar Hotel, The",3,3.0
4131,Making Mr. Right,3,1.8333333333333333
4130,Maid to Order,3,1.8333333333333333
2691,"Legend of 1900, The (a.k.a. The Legend of the Pianist on the Ocean) (Leggenda del pianista sull'oceano)",3,3.6666666666666665
946,To Be or Not to Be,3,2.5
944,Lost Horizon,3,4.0
85179,Summer Wars (Samâ wôzu),3,3.8333333333333335
1984,Halloween III: Season of the Witch,3,2.1666666666666665
1981,Friday the 13th Part VIII: Jason Takes Manhattan,3,2.0
2074,"Night Porter, The (Portiere di notte, Il)",3,3.6666666666666665
2103,Tall Tale,3,2.5
2102,Steamboat Willie,3,2.3333333333333335
4187,Lilies of the Field,3,3.8333333333333335
177615,Lady Bird,3,3.3333333333333335
54,"Big Green, The",3,2.3333333333333335
4127,"Like Father, Like Son",3,1.6666666666666667
4117,Hope and Glory,3,4.333333333333333
4043,At Close Range,3,3.3333333333333335
4081,Back to the Beach,3,1.8333333333333333
84187,Evangelion: 2.0 You Can (Not) Advance (Evangerion shin gekijôban: Ha),3,3.5
7810,Babylon 5: A Call to Arms,3,3.3333333333333335
2682,Limbo,3,4.0
2681,Free Enterprise,3,3.0
81158,Restrepo,3,3.1666666666666665
2696,"Dinner Game, The (Dîner de cons, Le)",3,4.333333333333333
3839,Phantasm IV: Oblivion,3,1.6666666666666667
2095,"Shaggy D.A., The",3,2.8333333333333335
175485,Death Note,3,1.6666666666666667
3837,Phantasm II,3,2.5
48326,All the King's Men,3,3.0
30,Shanghai Triad (Yao a yao yao dao waipo qiao),3,3.0
47261,"Night Listener, The",3,2.8333333333333335
47465,Tideland,3,3.0
47491,Adam's Apples (Adams æbler),3,4.166666666666667
7650,"Witchfinder General (Conquerer Worm, The)",3,2.0
83177,Yogi Bear,3,1.1666666666666667
7619,"Miracle Worker, The",3,3.6666666666666665
7579,Pride and Prejudice,3,3.6666666666666665
7566,28 Up,3,4.0
3908,Urban Legends: Final Cut,3,1.5
3884,"Crew, The",3,1.5
178061,"I, Tonya",3,3.3333333333333335
177763,Murder on the Orient Express,3,2.8333333333333335
180095,Wonder,3,4.0
179817,Darkest Hour,3,3.8333333333333335
65982,Outlander,3,3.3333333333333335
26340,"Twelve Tasks of Asterix, The (Les douze travaux d'Astérix)",3,3.6666666666666665
65126,Choke,3,3.5
3158,"Emperor and the Assassin, The (Jing ke ci qin wang)",3,3.6666666666666665
3145,Cradle Will Rock,3,3.1666666666666665
2024,"Rapture, The",3,3.3333333333333335
3964,"Adventures of Ichabod and Mr. Toad, The",3,3.0
3957,Billy Jack,3,2.6666666666666665
47970,"Last Kiss, The",3,3.8333333333333335
47725,Angel-A,3,3.5
188301,Ant-Man and the Wasp,3,3.6666666666666665
4003,She's Having a Baby,3,3.3333333333333335
4000,"Bounty, The",3,3.0
3947,Get Carter,3,3.3333333333333335
182715,Annihilation,3,3.8333333333333335
2026,Disturbing Behavior,3,2.0
189333,Mission: Impossible - Fallout,2,3.75
184791,Fred Armisen: Standup for Drummers,2,3.25
3906,Under Suspicion,2,2.5
4031,All the Pretty Horses,2,2.5
178827,Paddington 2,2,4.25
40,"Cry, the Beloved Country",2,4.25
179211,Christina P: Mother Inferior,2,3.0
2044,"Devil and Max Devlin, The",2,2.5
47124,"Ant Bully, The",2,3.25
48518,"Texas Chainsaw Massacre: The Beginning, The",2,2.5
48596,"Marine, The",2,2.75
48598,Infamous,2,3.75
3862,About Adam,2,3.75
3879,"Art of War, The",2,2.0
4053,Double Take,2,2.5
4055,Panic,2,4.0
4061,The Man in the Moon,2,4.0
176751,American Made,2,4.5
7486,Happy Together (a.k.a. Buenos Aires Affair) (Chun gwong cha sit),2,4.75
7493,"Three Faces of Eve, The",2,4.0
981,Dangerous Ground,2,3.0
984,"Pompatus of Love, The",2,3.5
7743,Explorers,2,3.5
7753,Tuesdays with Morrie,2,3.5
7756,Alexander Nevsky (Aleksandr Nevskiy),2,4.0
81456,Heartbeats (Les amours imaginaires),2,3.0
988,Grace of My Heart,2,3.0
82378,All Good Things,2,3.75
7564,Kwaidan (Kaidan),2,2.5
7581,"Fountainhead, The",2,3.25
7584,Woman of the Year,2,4.0
7614,Oklahoma!,2,4.5
7618,Chaplin,2,3.5
7646,Rose Red,2,3.0
84847,Emma,2,2.5
84942,Drive Angry,2,3.75
7382,I'm Not Scared (Io non ho paura),2,4.25
7395,Cheaper by the Dozen,2,2.75
7440,Paper Clips,2,3.25
81132,Rubber,2,3.75
7767,"Best of Youth, The (La meglio gioventù)",2,4.75
7773,"Bang, Bang, You're Dead",2,4.0
2669,Pork Chop Hill,2,3.5
2674,"Loss of Sexual Innocence, The",2,2.25
7782,Sniper,2,3.0
7789,"11'09""01 - September 11",2,4.0
83827,Marwencol,2,4.25
83910,"Dilemma, The",2,2.5
84189,I Spit on Your Grave,2,3.75
7449,Godsend,2,2.5
7321,Twisted,2,2.75
2749,"Morning After, The",2,4.0
2766,"Adventures of Sebastian Cole, The",2,3.25
80846,Devil,2,3.25
7820,"Virgin Spring, The (Jungfrukällan)",2,3.75
7841,Children of Dune,2,3.75
80880,Stone,2,3.25
7333,"Corbeau, Le (Raven, The)",2,4.25
7352,Wilbur Wants to Kill Himself,2,4.0
85397,Red Riding Hood,2,3.5
85412,"Troll Hunter, The (Trolljegeren)",2,3.75
2733,Vibes,2,2.0
2741,No Mercy,2,2.0
941,"Mark of Zorro, The",2,3.75
84414,All-Star Superman,2,4.25
84615,Cedar Rapids,2,2.25
2790,"Final Conflict, The (a.k.a. Omen III: The Final Conflict)",2,2.0
7305,Black Widow,2,2.5
86059,Hop,2,2.75
937,Love in the Afternoon,2,3.5
7844,"Legend, The (Legend of Fong Sai-Yuk, The) (Fong Sai Yuk)",2,3.5
7883,I Walked with a Zombie,2,2.0
7884,Highway 61,2,3.25
7888,How to Succeed in Business Without Really Trying,2,4.25
7889,Pat Garrett and Billy the Kid,2,3.75
7895,Bring Me the Head of Alfredo Garcia,2,3.5
80551,Eat Pray Love,2,3.5
80615,Legend of the Guardians: The Owls of Ga'Hoole,2,4.0
80727,Middle Men,2,3.25
85885,Room in Rome (Habitación en Roma),2,2.75
7307,Flesh & Blood,2,3.0
7315,Against the Ropes,2,2.0
87413,Bernie,2,1.75
87444,Elektra Luxx,2,2.5
87522,Larry Crowne,2,2.75
79798,I Killed My Mother (J'ai tué ma mère),2,3.5
7925,"Hidden Fortress, The (Kakushi-toride no san-akunin)",2,4.25
7930,"People Under the Stairs, The",2,3.75
7937,"Silence, The (Tystnaden)",2,3.5
1055,Shadow Conspiracy,2,1.5
7222,Reefer Madness (a.k.a. Tell Your Children),2,3.25
86898,"Tree of Life, The",2,4.0
87194,The Way,2,3.5
907,"Gay Divorcee, The",2,3.5
917,"Little Princess, The",2,3.5
86628,Kill the Irishman,2,4.0
86817,Something Borrowed,2,3.25
2784,"Masque of the Red Death, The",2,3.25
7171,Aileen: Life and Death of a Serial Killer,2,3.5
7175,Torque,2,2.25
867,Carpool,2,1.75
870,Gone Fishin',2,1.0
8016,"Getaway, The",2,4.0
8024,"Thing Called Love, The",2,3.5
78703,TiMER,2,3.75
78836,Enter the Void,2,5.0
1085,"Old Man and the Sea, The",2,3.5
79251,"Serbian Film, A (Srpski film)",2,2.25
896,Wild Reeds (Les roseaux sauvages),2,2.5
897,For Whom the Bell Tolls,2,3.75
7192,Only the Strong,2,3.0
7193,"Adventures of Ford Fairlane, The",2,3.0
7208,Dr. Jekyll and Mr. Hyde,2,3.75
7212,I Was a Male War Bride,2,4.25
7118,Wings of Honneamise (Ôritsu uchûgun Oneamisu no tsubasa),2,3.75
7079,"Hunchback of Notre Dame, The",2,3.5
7082,That Touch of Mink,2,3.75
1107,Loser,2,2.0
1112,Palookaville,2,4.5
8035,"Stendhal Syndrome, The (Sindrome di Stendhal, La)",2,2.0
8121,"Seducing Doctor Lewis (Grande séduction, La)",2,2.0
885,Bogus,2,2.5
88272,"Woman, The",2,3.5
2847,Only Angels Have Wings,2,3.0
88672,Our Idiot Brother,2,3.25
88699,Death Race 2,2,3.5
88746,Terri,2,3.5
88954,"Very Harold & Kumar 3D Christmas, A",2,3.25
87785,Takers,2,2.75
2828,Dudley Do-Right,2,1.5
7089,Amarcord,2,4.0
7091,Horse Feathers,2,4.0
7092,Anna Karenina,2,3.5
7093,"Front Page, The",2,3.75
89190,Conan the Barbarian,2,1.75
841,"Eyes Without a Face (Yeux sans visage, Les)",2,3.0
8138,Attack of the Giant Leeches,2,2.25
8142,Dead or Alive: Hanzaisha,2,4.25
8167,Captain Blood,2,4.0
78041,Killers,2,2.25
1123,"Perfect Candidate, A",2,4.25
78174,Sex and the City 2,2,1.0
89028,Don't Be Afraid of the Dark,2,3.0
89030,Fright Night,2,3.25
7107,Foul Play,2,2.75
7108,Crime Story (Zhong an zu),2,3.25
7059,National Velvet,2,3.75
7067,Juliet of the Spirits (Giulietta degli spiriti),2,3.25
90057,Take Shelter,2,3.75
90343,Footloose,2,2.75
1151,Lesson Faust,2,5.0
1167,Dear God,2,3.5
1170,Best of the Best 3: No Turning Back,2,2.5
76060,"Slammin' Salmon, The",2,3.5
76173,Micmacs (Micmacs à tire-larigot),2,3.75
77191,Death at a Funeral,2,3.25
8195,"Avventura, L' (Adventure, The)",2,4.0
8199,Ugetsu (Ugetsu monogatari),2,2.5
8235,Safety Last!,2,4.0
77798,"Nightmare on Elm Street, A",2,1.25
7085,Send Me No Flowers,2,3.25
7087,"Passage to India, A",2,4.0
808,Alaska,2,3.5
90374,Martha Marcy May Marlene,2,3.75
7050,Follow the Fleet,2,3.75
7051,"What's New, Pussycat",2,3.5
7054,Little Women,2,3.5
7056,"Public Enemy, The",2,4.25
90469,Paranormal Activity 3,2,3.5
90471,Puncture,2,3.0
74948,Harry Brown,2,4.0
75395,Frozen,2,3.25
8268,Point of No Return,2,4.25
8270,"Hairdresser's Husband, The (Le mari de la coiffeuse)",2,3.75
8290,Mitchell,2,0.75
89582,Cold Fish (Tsumetai nettaigyo),2,4.5
89761,"Dangerous Method, A",2,3.0
89939,Gigi,2,3.75
6997,Hoffa,2,3.0
6999,Housesitter,2,2.25
764,Heavy,2,3.5
74668,District 13: Ultimatum (Banlieue 13 - Ultimatum),2,3.75
8327,Dolls,2,4.25
8337,"Caine Mutiny, The",2,4.0
8363,Soul Plane,2,3.75
74727,Gentlemen of Fortune (Dzhentlmeny udachi),2,4.75
74791,"Town Called Panic, A (Panique au village)",2,3.75
74851,From Paris with Love,2,2.5
7019,Project X,2,2.75
7025,"Midnight Clear, A",2,3.75
7030,Radio Flyer,2,2.75
2868,Fright Night Part II,2,2.0
6992,Guarding Tess,2,2.75
795,Somebody to Love,2,3.5
91660,"Darkest Hour, The",2,2.5
73881,3 Idiots,2,4.75
74075,Stan Helsing,2,1.0
74228,Triangle,2,4.0
74275,I Love You Phillip Morris,2,1.5
74282,Anne of Green Gables: The Sequel (a.k.a. Anne of Avonlea),2,4.75
8405,Hour of the Wolf (Vargtimmen),2,4.5
74452,"Wolfman, The",2,2.25
74553,"Secret of Kells, The",2,4.0
779,'Til There Was You,2,4.0
91079,Like Crazy,2,2.5
2878,Hell Night,2,2.0
2886,"Adventures of Elmo in Grouchland, The",2,1.5
91325,Extremely Loud and Incredibly Close,2,2.75
91353,Asterix in America (a.k.a Asterix Conquers America) (Astérix et les Indiens),2,3.75
6994,"Hard Way, The",2,3.25
92048,"Whistleblower, The",2,3.25
73211,Pontypool,2,3.75
73290,Hachiko: A Dog's Story (a.k.a. Hachi: A Dog's Tale),2,3.5
73569,Project A 2 ('A' gai wak juk jap),2,3.75
8451,Blackboard Jungle,2,3.25
8477,"Jetée, La",2,4.5
8482,"Picture of Dorian Gray, The",2,2.0
8487,Please Don't Eat the Daisies,2,3.5
759,Maya Lin: A Strong Clear Vision,2,3.5
760,Stalingrad,2,4.25
6963,Devil's Playground,2,4.25
6970,Desk Set,2,3.75
6981,"Ordet (Word, The)",2,3.75
91470,Violet & Daisy,2,3.0
91488,"Snowman, The",2,3.75
91622,Young Adult,2,2.25
6902,Interstate 60,2,4.0
2900,Monkey Shines,2,2.5
2903,Psycho III,2,2.5
6909,"Eye, The (Gin gwai) (Jian gui)",2,3.25
6851,"Gas, Food, Lodging",2,2.75
6856,Yankee Doodle Dandy,2,4.0
6858,Knife in the Water (Nóz w wodzie),2,3.75
2624,After Life (Wandafuru raifu),2,4.25
2625,Black Mask (Hak hap),2,2.5
2629,"Love Letter, The",2,2.5
2630,Besieged (a.k.a. L' Assedio),2,3.5
91671,Alvin and the Chipmunks: Chipwrecked,2,1.0
91842,Contraband,2,3.0
6918,"Unvanquished, The (Aparajito)",2,3.75
6945,My Architect: A Son's Journey,2,4.25
6946,Looney Tunes: Back in Action,2,2.75
2928,"Razor's Edge, The",2,3.5
2929,Reds,2,3.25
72405,Bad Lieutenant: Port of Call New Orleans,2,2.25
8506,Fear X,2,2.25
8521,Dr. Jekyll and Mr. Hyde,2,2.0
8530,Dear Frankie,2,3.75
8492,"Christmas Carol, A (Scrooge)",2,3.25
2614,Chopping Mall (a.k.a. Killbots),2,1.0
6862,Out of Time,2,3.5
6884,Veronica Guerin,2,3.0
92264,One for the Money,2,2.0
92309,"Innkeepers, The",2,2.75
92422,"Woman in Black, The",2,3.75
92439,"Art of Getting By, The",2,3.0
92475,All Watched Over by Machines of Loving Grace,2,4.25
6889,Brother Bear,2,3.0
6812,"Rookie, The",2,2.25
6770,My Life Without Me,2,3.5
8578,Undead,2,3.25
8582,Manufacturing Consent: Noam Chomsky and the Media,2,4.25
8596,Revenge of the Pink Panther,2,3.25
8600,Angels with Dirty Faces,2,3.75
8605,Taxi 3,2,3.25
72171,Black Dynamite,2,3.5
72224,Gentlemen Broncos,2,2.25
72294,"Christmas Carol, A",2,3.0
72308,Battlestar Galactica: The Plan,2,4.25
92643,Monsieur Lazhar,2,4.5
92694,Perfect Sense,2,4.25
93006,"Very Potter Musical, A",2,4.25
6818,Come and See (Idi i smotri),2,5.0
2927,Brief Encounter,2,3.5
94150,Hysteria,2,4.0
94323,Think Like a Man,2,2.5
94405,Safe,2,3.5
71732,I Sell the Dead,2,2.5
8609,Our Hospitality,2,3.25
8610,All of Me,2,2.5
8620,"Exterminating Angel, The (Ángel exterminador, El)",2,1.5
2597,Lost & Found,2,2.75
2607,Get Real,2,4.0
8574,"Claymation Christmas Celebration, A",2,1.5
6780,"Brief History of Time, A",2,3.25
93723,Damsels in Distress,2,2.25
93805,Iron Sky,2,3.75
93980,"Three Stooges, The",2,1.25
93297,Act of Valor,2,3.75
6798,Bugsy Malone,2,2.75
2977,Crazy in Alabama,2,3.0
71248,Extract,2,2.0
71429,World's Greatest Dad,2,3.0
8656,"Short Film About Killing, A (Krótki film o zabijaniu)",2,3.75
8677,Flash Gordon Conquers the Universe,2,1.25
8718,"Snake Pit, The",2,3.5
1312,Female Perversions,2,2.5
6720,Kuffs,2,2.5
6723,Once Upon a Time in China III (Wong Fei-hung tsi sam: Siwong tsangba),2,3.0
6732,"Hello, Dolly!",2,3.75
6734,Memoirs of an Invisible Man,2,2.0
685,It's My Party,2,4.0
695,True Crime,2,4.0
6760,In This World,2,3.0
2962,Fever Pitch,2,3.0
94130,Bully,2,3.5
6612,Brother's Keeper,2,4.25
1325,Amityville: A New Generation,2,1.25
1328,"Amityville Curse, The",2,0.75
1329,Blood for Dracula (Andy Warhol's Dracula),2,2.75
8724,"Leopard, The (Gattopardo, Il)",2,4.25
8730,To End All Wars,2,4.0
8743,Biggles,2,3.0
8748,"Yesterday, Today and Tomorrow (Ieri, oggi, domani)",2,4.0
8778,Sherlock Holmes: Dressed to Kill,2,3.75
8782,Thunderbirds,2,2.75
71131,"Most Hated Family in America, The",2,4.5
71205,Jennifer's Body,2,1.0
703,Boys,2,2.0
94896,Bernie,2,3.5
95147,Dragon Ball: Sleeping Princess in Devil's Castle (Doragon bôru: Majinjô no nemuri hime),2,3.25
95182,Dragon Ball Z the Movie: The Tree of Might (Doragon bôru Z 3: Chikyû marugoto chô kessen),2,3.0
670,"World of Apu, The (Apur Sansar)",2,4.75
96004,Dragon Ball Z: The History of Trunks (Doragon bôru Z: Zetsubô e no hankô!! Nokosareta chô senshi - Gohan to Torankusu),2,3.25
3003,Train of Life (Train de vie),2,4.5
96281,ParaNorman,2,3.5
2585,"Lovers of the Arctic Circle, The (Los Amantes del Círculo Polar)",2,4.25
2586,Goodbye Lover,2,1.75
8809,Danny Deckchair,2,3.25
8813,We Don't Live Here Anymore,2,4.0
6616,Grind,2,2.75
6631,Man's Best Friend,2,1.5
645,Nelly & Monsieur Arnaud,2,3.5
95475,Dragon Ball Z: Cooler's Revenge (Doragon bôru Z 5: Tobikkiri no saikyô tai saikyô),2,4.0
95497,Dragon Ball Z: Super Android 13! (Doragon bôru Z 7: Kyokugen batoru!! San dai sûpâ saiyajin),2,3.75
95583,Savages,2,2.75
6670,Comic Book Villains,2,2.25
6684,Death in Venice (Morte a Venezia),2,4.0
635,"Family Thing, A",2,3.0
6547,Northfork,2,2.25
6554,Garage Days,2,1.25
97470,Catch .44,2,1.25
8830,Anacondas: The Hunt for the Blood Orchid,2,1.75
8832,Warriors of Heaven and Earth (Tian di ying xiong),2,3.25
2552,My Boyfriend's Back,2,1.5
6568,Camp,2,3.25
6572,Scorched,2,3.5
6577,Kickboxer 2: The Road Back,2,3.5
6579,"One, Two, Three",2,4.0
6581,"Private Life of Sherlock Holmes, The",2,2.5
96691,Resident Evil: Retribution,2,3.75
96815,V/H/S,2,2.75
97168,Marley,2,3.5
668,Song of the Little Road (Pather Panchali),2,4.25
3046,"Incredibly True Adventure of Two Girls in Love, The",2,4.5
6509,Ali: Fear Eats the Soul (Angst essen Seele auf),2,4.0
98279,"Fantastic Fear of Everything, A",2,4.0
98499,"Fearless Hyena, The (Xiao quan guai zhao)",2,3.0
2566,Doug's 1st Movie,2,2.0
8848,"Vitelloni, I (a.k.a. The Young and the Passionate)",2,3.5
70687,Paper Heart,2,2.75
70862,It Might Get Loud,2,3.75
97643,[REC]³ 3 Génesis,2,3.0
6517,"Babe, The",2,2.25
6523,Mr. Baseball,2,2.5
6530,"Tenant, The (Locataire, Le)",2,4.25
3028,"Taming of the Shrew, The",2,2.5
97866,"Imposter, The",2,4.75
98083,Jackass 3.5,2,4.0
97172,Frankenweenie,2,2.5
6405,Treasure Island,2,3.25
6410,Car Wash,2,3.75
6412,Destry Rides Again,2,3.75
6425,"6th Man, The (Sixth Man, The)",2,1.5
6428,Two Mules for Sister Sara,2,3.0
70305,Race to Witch Mountain,2,3.5
8912,Taxi,2,1.75
8919,P.S.,2,4.25
2546,"Deep End of the Ocean, The",2,3.25
98623,Winners and Sinners (Qi mou miao ji: Wu fu xing),2,3.0
6442,Belle époque,2,5.0
6448,"Flight of the Phoenix, The",2,4.0
6464,Good Burger,2,2.0
98122,Indie Game: The Movie,2,3.0
98239,Red Dawn,2,2.25
3042,Meatballs III,2,2.5
6376,Respiro,2,3.5
6379,Wrong Turn,2,3.0
100611,Escape from Planet Earth,2,4.0
100810,Dark Skies,2,3.0
8943,Being Julia,2,1.75
8946,Surviving Christmas,2,2.75
2515,Children of the Corn II: The Final Sacrifice,2,1.75
69529,Home,2,4.5
69604,Whatever Works,2,3.0
1341,Burnt Offerings,2,3.75
1352,Albino Alligator,2,2.25
69805,"Librarian, The: The Curse of the Judas Chalice",2,3.75
99437,John Dies at the End,2,4.0
99532,"Misérables, Les",2,2.25
99764,It's Such a Beautiful Day,2,4.25
99910,"Last Stand, The",2,3.25
6313,Sibling Rivalry,2,2.5
6314,Undercover Blues,2,2.0
6320,Scenes from a Mall,2,1.5
6324,It Runs in the Family,2,2.5
6330,People I Know,2,3.0
3077,42 Up,2,4.0
3078,Liberty Heights,2,4.0
2523,Rollercoaster,2,2.5
8974,"SpongeBob SquarePants Movie, The",2,3.0
8978,Christmas with the Kranks,2,2.5
69453,"Land That Time Forgot, The",2,1.5
69516,"Limits of Control, The",2,2.75
100882,Journey to the West: Conquering the Demons (Daai wa sai you chi Chui mo chun kei),2,4.75
101088,Stoker,2,3.75
100553,Frozen Planet,2,4.5
6357,High Society,2,3.0
6263,Basic,2,3.75
6265,Head of State,2,2.25
6268,Raising Victor Vargas,2,3.75
6269,Stevie,2,4.25
6280,"Man Apart, A",2,2.25
549,Thirty-Two Short Films About Glenn Gould,2,4.5
68959,Fullmetal Alchemist the Movie: Conqueror of Shamballa (Gekijô-ban hagane no renkinjutsushi: Shanbara wo yuku mono),2,2.75
9005,Fire in the Sky,2,2.0
25750,Sherlock Jr.,2,3.0
25788,Scarface,2,3.75
2521,Airport 1975,2,3.5
3094,Maurice,2,4.0
101415,"First Time, The",2,1.5
101739,Evil Dead,2,3.25
101741,Trance,2,3.75
101765,"Perfect Plan, A (Plan parfait, Un)",2,4.25
568,Bhaji on the Beach,2,3.5
547,Surviving the Game,2,3.25
6239,Journey to the Center of the Earth,2,2.75
6244,Salaam Bombay!,2,3.5
3103,Stanley & Iris,2,2.75
102378,Syrup,2,2.75
102684,Only God Forgives,2,3.75
68194,"Damned United, The",2,4.25
68269,"Young Victoria, The",2,4.25
25827,Mr. Deeds Goes to Town,2,3.5
25856,Wuthering Heights,2,3.25
25886,Random Harvest,2,4.0
25898,Day of Wrath (Vredens dag),2,4.0
68932,"Soloist, The",2,3.5
68945,Neon Genesis Evangelion: Death & Rebirth (Shin seiki Evangelion Gekijô-ban: Shito shinsei),2,4.0
6254,"Awful Truth, The",2,4.75
103107,20 Feet from Stardom (Twenty Feet from Stardom),2,4.25
103137,"Bling Ring, The",2,2.0
67534,Big Stan,2,2.75
67665,Anvil! The Story of Anvil,2,3.75
1397,Bastard Out of Carolina,2,4.0
1406,La Cérémonie,2,4.5
1413,"Whole Wide World, The",2,4.25
102720,Epic,2,3.0
102880,After Earth,2,1.0
103048,"Kings of Summer, The",2,3.5
6203,Life Stinks,2,1.5
6216,Nowhere in Africa (Nirgendwo in Afrika),2,3.75
6217,"Safety of Objects, The",2,3.0
6223,Spun,2,3.25
3120,"Distinguished Gentleman, The",2,3.5
564,Chasers,2,1.5
6159,All the Real Girls,2,4.25
6169,"Black Stallion Returns, The",2,2.5
103539,The Spectacular Now,2,3.25
103543,"Lifeguard, The",2,3.5
1437,"Cement Garden, The",2,4.25
66511,Berlin Calling,2,4.25
26052,Pickpocket,2,2.75
26116,"Hush... Hush, Sweet Charlotte",2,4.5
66744,"Divo, Il",2,4.0
66783,Friday the 13th,2,3.0
66798,"Pink Panther 2, The",2,2.75
66943,"Cottage, The",2,4.25
67186,"Haunting in Connecticut, The",2,2.5
3138,Stealing Home,2,3.0
3141,"Two Jakes, The",2,1.25
6195,Stone Reader,2,4.0
6124,Savannah Smiles,2,2.75
6140,Tenebre,2,2.25
6143,Trail of the Pink Panther,2,3.0
103819,Coffee Town,2,2.25
499,Mr. Wonderful,2,2.5
26151,Au Hasard Balthazar,2,3.5
26159,Tokyo Drifter (Tôkyô nagaremono),2,3.75
26172,Point Blank,2,3.0
26183,Asterix and Cleopatra (Astérix et Cléopâtre),2,4.25
26184,"Diamond Arm, The (Brilliantovaya ruka)",2,3.5
26198,"Yours, Mine and Ours",2,2.75
1415,"Thieves (Voleurs, Les)",2,2.5
1417,"Portrait of a Lady, The",2,3.25
1419,Walkabout,2,4.25
1428,Angel Baby,2,3.0
6153,Zapped!,2,1.5
3161,Onegin,2,3.0
65133,Blackadder Back & Forth,2,3.5
26249,They Call Me Trinity,2,3.75
26326,"Holy Mountain, The (Montaña sagrada, La)",2,4.5
66171,Push,2,3.0
66198,"International, The",2,3.0
504,No Escape,2,3.0
506,Orlando,2,4.5
511,"Program, The",2,3.0
6055,Sugar Hill,2,2.25
6060,"Guru, The",2,3.0
6078,Firefox,2,2.75
6013,Kangaroo Jack,2,1.75
103624,Fruitvale Station,2,4.0
6116,"Pirate Movie, The",2,2.5
6122,Richard Pryor Live on the Sunset Strip,2,4.0
104245,Planes,2,3.0
104272,Blackfish,2,3.0
104339,In a World...,2,4.0
104419,Justice League: Crisis on Two Earths,2,3.25
64249,Shrek the Halls,2,2.5
1440,Amos & Andrew,2,1.5
1460,That Darn Cat,2,3.25
26409,"Clonus Horror, The",2,2.75
26413,Snake in the Eagle's Shadow (Se ying diu sau),2,3.25
26444,"Hitch Hikers Guide to the Galaxy, The",2,4.0
64997,War of the Worlds,2,3.0
6023,Band of Outsiders (Bande à part),2,3.5
6031,Imitation of Life,2,3.5
6035,Pépé le Moko,2,3.25
5994,Nicholas Nickleby,2,4.0
3150,"War Zone, The",2,3.25
5963,"Children's Hour, The",2,3.5
5980,Black Christmas,2,3.5
5984,"Story of O, The (Histoire d'O)",2,3.5
104875,"History of Future Folk, The",2,4.0
104908,Insidious: Chapter 2,2,3.0
104944,Short Term 12,2,3.75
64197,Hunger,2,4.75
26504,Cloak & Dagger,2,3.25
26510,"Ewok Adventure, The (a.k.a. Caravan of Courage: An Ewok Adventure)",2,2.25
26524,"Times of Harvey Milk, The",2,4.5
26542,Ewoks: The Battle for Endor,2,3.0
26547,Police Story (Ging chaat goo si),2,4.25
26554,"Quiet Earth, The",2,4.25
5999,Heavy Metal 2000,2,2.25
104074,Percy Jackson: Sea of Monsters,2,1.75
104129,Man of Tai Chi,2,3.25
63276,Crows Zero (Kurôzu zero),2,4.0
63808,"Class, The (Entre les murs)",2,2.75
26555,Spies Like Us,2,2.75
26564,'Round Midnight,2,3.5
26606,"Chinese Ghost Story, A (Sinnui yauwan)",2,4.25
26612,"Better Tomorrow II, A (Ying hung boon sik II)",2,4.0
64116,Igor,2,3.5
105211,Enough Said,2,3.0
5925,"Beast Within, The",2,2.0
5932,Burden of Dreams,2,3.75
5938,Deathtrap,2,4.5
3165,Boiling Point,2,3.0
5880,Extreme Ops,2,1.75
5890,Elling,2,4.5
104457,You're Next,2,3.75
5949,Intact (Intacto),2,4.25
105250,"Century of the Self, The",2,3.75
105254,Crystal Fairy & the Magical Cactus and 2012,2,3.5
105351,Runner Runner,2,2.25
105355,Blue Is the Warmest Color (La vie d'Adèle),2,3.25
105468,Cloudy with a Chance of Meatballs 2,2,2.25
484,Lassie,2,3.0
105585,Machete Kills (Machete 2),2,4.0
105593,Filth,2,4.5
1495,Turbo: A Power Rangers Movie,2,2.0
1502,Kissed,2,2.5
26631,Alice (Neco z Alenky),2,3.75
26649,Lonesome Dove,2,3.75
26681,Bullet in the Head,2,4.0
26700,Nuns on the Run,2,2.25
26704,State of Grace,2,4.0
63222,JCVD,2,3.25
5867,Thief,2,4.5
3211,"Cry in the Dark, A",2,3.75
3214,American Flyers,2,3.5
3223,"Zed & Two Noughts, A",2,3.0
62344,Rachel Getting Married,2,2.75
62383,"20,000 Leagues Under the Sea",2,3.75
26750,Quigley Down Under,2,3.25
26764,Captain America,2,1.25
26765,City Hunter (Sing si lip yan),2,2.75
62792,Pride and Glory,2,3.0
62970,Tin Man,2,2.25
1489,Cats Don't Dance,2,3.0
1490,B*A*P*S,2,1.5
5893,"Last Seduction, The",2,3.25
5915,Victory (a.k.a. Escape to Victory),2,4.75
5919,Android,2,4.5
106438,Philomena,2,3.25
106839,Mandela: Long Walk to Freedom,2,3.75
61465,Bangkok Dangerous,2,3.25
61705,Lakeview Terrace,2,3.0
61729,Ghost Town,2,2.0
1533,"Promise, The (La promesse)",2,4.5
1545,Ponette,2,4.5
1547,Shiloh,2,3.25
26792,Sidekicks,2,1.5
26812,Barbarians at the Gate,2,2.75
26871,My Father the Hero,2,2.25
3240,"Big Tease, The",2,3.25
3241,"Cup, The (Phörpa)",2,4.5
105731,Carrie,2,2.5
106062,Jackass Presents: Bad Grandpa,2,3.25
5853,Scanners,2,3.25
107953,Dragon Ball Z: Battle of Gods,2,4.0
107997,We Are What We Are,2,2.25
5755,Happy Birthday to Me,2,2.0
5772,My Dinner with André,2,4.75
108188,Jack Ryan: Shadow Recruit,2,2.0
108689,"I, Frankenstein",2,2.25
108727,Nymphomaniac: Volume I,2,4.25
425,Blue Sky,2,3.75
1571,When the Cat's Away (Chacun cherche son chat),2,4.5
1572,"Contempt (Mépris, Le)",2,3.0
26965,"Boxer, The",2,3.5
26999,"Lion King II: Simba's Pride, The",2,3.0
61255,"Rocker, The",2,2.75
61401,"Spirit, The",2,2.5
61406,John Adams,2,4.0
106330,Last Vegas,2,2.0
109569,3 Days to Kill,2,1.0
5694,Staying Alive,2,2.25
5707,Absence of Malice,2,3.25
5710,Banana Joe,2,2.75
5735,Faces of Death,2,1.75
60516,Meet Dave,2,3.5
60522,"Machine Girl, The (Kataude mashin gâru)",2,2.25
60753,Felon,2,3.5
60885,"Zone, The (La Zona)",2,3.5
27032,Who Am I? (Wo shi shei),2,3.5
27186,Kirikou and the Sorceress (Kirikou et la sorcière),2,4.0
1564,For Roseanna (Roseanna's Grave),2,4.0
107069,Lone Survivor,2,3.0
107314,Oldboy,2,3.0
107565,"Fuck You, Goethe (Fack Ju Göhte)",2,2.75
107702,Grudge Match,2,2.5
5667,Tuck Everlasting,2,3.25
5670,Comedian,2,3.0
5672,Pokemon 4 Ever (a.k.a. Pokémon 4: The Movie),2,0.5
5682,"Grey Zone, The",2,3.25
5685,Real Women Have Curves,2,4.25
5688,Tully,2,2.75
109576,Welcome to the Jungle,2,2.0
109848,Under the Skin,2,2.75
27251,"10th Kingdom, The",2,2.75
60128,Young People Fucking (a.k.a. YPF),2,2.25
60289,Kit Kittredge: An American Girl,2,3.0
60291,Gonzo: The Life and Work of Dr. Hunter S. Thompson,2,3.75
60408,Welcome to the Sticks (Bienvenue chez les Ch'tis),2,4.5
430,Calendar Girl,2,3.75
109042,Knights of Badassdom,2,2.25
109372,About Last Night,2,2.25
5633,Heaven,2,3.75
110655,Rio 2,2,2.0
110669,"Honest Liar, An",2,3.75
59429,American Pie Presents Beta House (American Pie 6: Beta House),2,2.75
59604,"Girl Next Door, The",2,3.75
27416,Jalla! Jalla!,2,3.75
27441,Blood: The Last Vampire,2,3.25
27482,Cube 2: Hypercube,2,3.75
1583,"Simple Wish, A",2,3.0
109850,Need for Speed,2,3.75
109853,Barefoot,2,3.0
109864,Veronica Mars,2,1.75
109968,Why Don't You Play In Hell? (Jigoku de naze warui),2,4.25
5636,Welcome to Collinwood,2,2.5
5637,Flirting,2,4.5
408,8 Seconds,2,3.0
5609,Ballistic: Ecks vs. Sever,2,2.5
5611,"Four Feathers, The",2,2.75
5619,"Trials of Henry Kissinger, The",2,4.0
111443,Chef,2,2.75
384,Bad Company,2,3.25
388,Boys Life,2,3.0
389,"Colonel Chabert, Le",2,4.5
363,"Wonderful, Horrible Life of Leni Riefenstahl, The (Macht der Bilder: Leni Riefenstahl, Die)",2,4.0
27555,Fubar,2,3.75
27584,Dead End,2,3.5
2494,"Last Days, The",2,4.0
59143,Super High Me,2,4.25
59306,Prom Night,2,0.75
418,Being Human,2,3.0
3283,Minnie and Moskowitz,2,3.25
3302,Beautiful People,2,4.75
112460,Planes: Fire & Rescue,2,2.25
112497,Tammy,2,2.0
27664,"Brown Bunny, The",2,3.25
27685,Bring It On Again,2,1.75
59129,Outpost,2,2.0
1600,She's So Lovely,2,3.5
1612,"Kiss Me, Guido",2,3.0
369,Mrs. Parker and the Vicious Circle,2,4.0
111663,Zombeavers,2,2.5
352,Crooklyn,2,2.5
5564,Swimfan,2,2.0
5569,"Last House on the Left, The",2,3.25
5588,"Hills Have Eyes, The",2,3.5
5538,"Care Bears Movie, The",2,1.5
5597,Suburban Commando,2,1.75
5603,"Lavender Hill Mob, The",2,4.5
5512,Secret Ballot (Raye makhfi),2,3.25
5521,"Principal, The",2,3.25
5529,Serving Sara,2,3.25
5531,Undisputed,2,2.75
113252,Housebound,2,4.25
113345,Jupiter Ascending,2,2.0
58876,Stop-Loss,2,3.25
58972,Nim's Island,2,3.0
27768,Intimate Strangers (Confidences trop intimes),2,3.75
2482,Still Crazy,2,3.0
27618,"Sound of Thunder, A",2,2.75
27619,"Lion King 1½, The",2,4.5
5539,Care Bears Movie II: A New Generation,2,1.5
3313,Class Reunion,2,1.5
3330,Splendor in the Grass,2,4.25
5543,"Swarm, The",2,2.25
5472,1776,2,3.5
5443,Juwanna Mann,2,1.5
5447,Sunshine State,2,3.5
58376,Zeitgeist: The Movie,2,3.75
58404,Justice League: The New Frontier,2,2.75
58554,"Class, The (Klass)",2,3.5
58655,Drillbit Taylor,2,3.5
27793,Starship Troopers 2: Hero of the Federation,2,1.5
27820,"Story of the Weeping Camel, The (Geschichte vom weinenden Kamel, Die)",2,4.0
58806,Smart People,2,2.75
58870,Zebraman,2,3.5
113532,"Inbetweeners 2, The",2,3.5
113741,Coherence,2,4.0
5486,Who Is Cletis Tout?,2,2.5
114028,Pride,2,4.0
5499,Robin and Marian,2,3.25
5398,Requiem for a Heavyweight,2,4.0
3391,Who's That Girl?,2,2.5
27838,Mean Creek,2,3.75
27850,"Yes Men, The",2,3.75
27865,Azumi,2,2.75
3368,"Big Country, The",2,3.25
3370,Betrayed,2,2.5
3372,"Bridge at Remagen, The",2,4.0
114678,Hector and the Search for Happiness,2,4.25
114713,Annabelle,2,3.0
331,Tom & Viv,2,3.0
335,Underneath,2,3.5
114601,This Is Where I Leave You,2,2.75
114627,Angel's Egg (Tenshi no tamago),2,3.25
5454,Mo' Money,2,2.25
5462,"Crocodile Hunter: Collision Course, The",2,2.5
5389,Spirit: Stallion of the Cimarron,2,3.5
5397,Monkey Business,2,2.5
116887,Exodus: Gods and Kings,2,2.75
117109,Too Many Cooks,2,3.0
30846,"Assassination of Richard Nixon, The",2,3.5
30883,Fat Albert,2,1.5
58107,Step Up 2 the Streets,2,3.25
1621,Soul Food,2,3.25
1623,Wishmaster,2,2.25
1624,"Thousand Acres, A",2,1.75
3402,Turtle Diary,2,4.0
5409,Rapid Fire,2,3.75
115231,St. Vincent,2,3.25
115664,The Book of Life,2,4.0
341,Double Happiness,2,4.0
5425,Dark Blue World (Tmavomodrý svet),2,4.25
5324,Life or Something Like It,2,2.75
5334,Cadillac Man,2,1.5
5341,Lenny,2,3.75
5346,Wild Orchid,2,1.75
5347,Deuces Wild,2,2.5
57772,World on a Wire (Welt am Draht),2,3.75
2425,"General, The",2,4.0
2446,In Dreams,2,2.0
31101,Stander,2,3.5
31114,Imaginary Heroes,2,3.0
27899,What the #$*! Do We Know!? (a.k.a. What the Bleep Do We Know!?),2,2.75
30745,Gozu (Gokudô kyôfu dai-gekijô: Gozu),2,4.75
321,Strawberry and Chocolate (Fresa y chocolate),2,4.0
116668,Dead Snow 2: Red vs. Dead,2,4.0
5357,Iron Will,2,3.5
5361,White Fang,2,1.75
3446,Funny Bones,2,2.75
3447,"Good Earth, The",2,4.0
5288,"Atomic Cafe, The",2,4.5
5297,"Cat's Meow, The",2,2.5
118924,Top Five,2,3.0
118985,Big Eyes,2,3.75
57183,Like Stars on Earth (Taare Zameen Par),2,4.5
31431,Boogeyman,2,2.0
1642,Indian Summer (a.k.a. Alive & Kicking),2,1.75
1650,Washington Square,2,3.75
57536,Strange Wilderness,2,3.25
118572,The Mule,2,3.5
118700,Selma,2,2.5
5304,"Rome, Open City (a.k.a. Open City) (Roma, città aperta)",2,4.0
118880,"Girl Walks Home Alone at Night, A",2,3.5
117545,Asterix: The Land of the Gods (Astérix: Le domaine des dieux),2,3.75
121097,To Grandmother's House We Go,2,2.75
5256,Stolen Summer,2,2.75
5258,George Washington,2,2.0
5202,Mon oncle d'Amérique,2,3.25
5205,Motel Hell,2,2.75
56379,"Maxed Out: Hard Times, Easy Credit and the Era of Predatory Lenders",2,3.0
1662,Gang Related,2,3.0
31437,Nobody Knows (Dare mo shiranai),2,4.25
31445,Employee of the Month,2,2.25
2419,Extremities,2,3.75
2400,Prancer,2,3.0
31660,Steamboy (Suchîmubôi),2,3.0
118888,Dave Chappelle: For What it's Worth,2,4.25
5279,Impromptu,2,4.25
5282,High Crimes,2,3.25
3432,Death Wish 3,2,1.5
5226,All the Right Moves,2,2.25
5238,Return of the Secaucus 7,2,3.5
122884,Insidious: Chapter 3,2,2.5
278,Miami Rhapsody,2,1.5
279,My Family,2,3.0
294,"Perez Family, The",2,3.0
269,My Crazy Life (Mi vida loca),2,3.0
1699,"Butcher Boy, The",2,4.0
55946,Lions For Lambs,2,4.0
56003,Southland Tales,2,3.0
56012,"Evening with Kevin Smith 2: Evening Harder, An",2,2.75
56286,I'm Not There,2,3.5
31694,Bride & Prejudice,2,3.25
56336,Wrong Turn 2: Dead End,2,3.0
119655,Seventh Son,2,2.25
120637,Blackhat,2,2.5
5136,Wendigo,2,2.5
55292,"Comebacks, The",2,0.75
55451,The Jane Austen Book Club,2,3.5
55620,For the Bible Tells Me So,2,3.25
1695,Artemisia,2,4.0
1696,Bent,2,3.5
123947,Cake,2,2.75
5165,Zombie (a.k.a. Zombie 2: The Dead Are Among Us) (Zombi 2),2,4.0
5170,All About the Benjamins,2,2.5
5177,"Magnificent Ambersons, The",2,3.5
3453,Here on Earth,2,3.0
3454,Whatever It Takes,2,2.25
5181,Hangar 18,2,4.5
125974,Halloweentown High,2,3.75
126430,The Pacific,2,4.75
5224,Promises,2,4.25
5083,Rare Birds,2,3.5
5096,Baby's Day Out,2,1.25
5113,After the Fox (Caccia alla volpe),2,2.75
127204,The Overnight,2,3.75
127298,A Pigeon Sat on a Branch Reflecting on Existence,2,4.0
128512,Paper Towns,2,2.0
32387,"Sword of Doom, The (Dai-bosatsu tôge)",2,4.25
32456,"Pom Poko (a.k.a. Raccoon War, The) (Heisei tanuki gassen pompoko)",2,4.25
55272,We Own the Night,2,3.75
55274,Elizabeth: The Golden Age,2,2.75
55278,Sleuth,2,4.25
1718,Stranger in the House,2,3.25
5131,How to Kill Your Neighbor's Dog,2,3.25
5134,Mean Machine,2,3.0
3473,Jonah Who Will Be 25 in the Year 2000 (Jonas qui aura 25 ans en l'an 2000),2,5.0
3475,"Place in the Sun, A",2,4.5
4977,Kandahar (Safar e Ghandehar),2,3.5
4985,Sheena,2,1.5
4987,Spacehunter: Adventures in the Forbidden Zone,2,2.0
55080,"Brave One, The",2,3.25
32582,"Wild Parrots of Telegraph Hill, The",2,4.75
32770,Brothers (Brødre),2,4.25
129397,Marvel One-Shot: Item 47,2,2.75
129428,The Second Best Exotic Marigold Hotel,2,3.0
129737,Unfinished Business,2,2.25
5051,Italian for Beginners (Italiensk for begyndere),2,3.0
5062,Seconds,2,3.5
5069,Escaflowne: The Movie (Escaflowne),2,3.25
128852,Chris Rock: Bigger & Blacker,2,3.75
128968,Stitch! The Movie,2,4.0
127136,True Story,2,3.25
127152,Going Clear: Scientology and the Prison of Belief,2,4.25
3580,Up at the Villa,2,3.5
131656,Shaun the Sheep Movie,2,3.0
131826,Iliza Shlesinger: Freezing Hot,2,3.75
32892,Ivan's Childhood (a.k.a. My Name is Ivan) (Ivanovo detstvo),2,2.75
2364,"Godzilla 1985: The Legend Is Reborn (Gojira) (Godzilla) (Return of Godzilla, The)",2,1.5
2365,King Kong vs. Godzilla (Kingukongu tai Gojira),2,2.5
33090,Mutant Aliens,2,4.0
1767,Music From Another Room,2,3.0
1770,B. Monkey,2,2.5
1793,Welcome to Woop-Woop,2,4.0
3539,"Filth and the Fury, The",2,3.25
3546,What Ever Happened to Baby Jane?,2,4.5
130087,The Cobbler,2,3.75
5011,Charlotte Gray,2,3.75
5023,"Waterdance, The",2,4.0
5033,"Russia House, The",2,2.5
132800,Welcome to Me,2,3.0
4947,"Gauntlet, The",2,3.5
4957,Sudden Impact,2,3.5
4959,"Affair of the Necklace, The",2,3.25
133712,Office Romance,2,3.75
54185,Manufactured Landscapes,2,3.75
54276,No Reservations,2,3.25
33171,Mysterious Skin,2,2.0
54734,Sydney White,2,2.5
54745,Rocket Science,2,3.25
54771,"Invasion, The",2,3.0
4965,"Business of Strangers, The",2,3.5
3569,"Idiots, The (Idioterne)",2,4.0
3571,Time Code,2,3.0
3573,Carnosaur 2,2,1.5
3577,Two Moon Junction,2,2.0
135518,Self/less,2,2.75
211,"Browning Version, The",2,3.5
33564,Divorce - Italian Style (Divorzio all'italiana),2,4.5
2342,Hard Core Logo,2,4.0
2350,Heart Condition,2,3.5
33681,"Adventures of Sharkboy and Lavagirl 3-D, The",2,1.75
54116,First Snow,2,3.25
133802,Slow West,2,4.25
4893,When a Stranger Calls,2,2.5
4909,"Incredible Shrinking Woman, The",2,2.0
4911,Jabberwocky,2,3.5
4919,Subway,2,3.5
132422,Da Sweet Blood of Jesus,2,3.25
132424,The Longest Ride,2,1.75
238,Far From Home: The Adventures of Yellow Dog,2,4.0
132660,Man Up,2,3.75
4836,"Competition, The",2,3.75
4847,Fat Girl (À ma soeur!),2,3.0
2323,"Cruise, The",2,4.25
2330,Hands on a Hard Body,2,4.5
2332,Belly,2,1.25
53574,"TV Set, The",2,4.0
1798,Hush,2,2.0
214,Before the Rain (Pred dozhdot),2,4.0
136305,Sharknado 3: Oh Hell No!,2,1.0
4863,Female Trouble,2,3.25
3628,Flying Tigers,2,3.0
136449,Ghost in the Shell 2.0,2,3.75
3581,Human Traffic,2,3.5
3587,Inferno,2,2.5
3597,Whipped,2,2.0
135456,Ghost in the Shell: Stand Alone Complex - The Laughing Man,2,3.25
184,Nadja,2,3.5
34148,"Beat That My Heart Skipped, The (battre mon coeur s'est arrêté, De)",2,3.0
33683,High Tension (Haute tension) (Switchblade Romance),2,3.75
33779,Eddie Izzard: Dress to Kill,2,4.5
33781,Quo Vadis,2,3.0
33815,"Perfect Man, The",2,3.0
206,Unzipped,2,3.0
138204,7 Days in Hell,2,4.0
138208,The Walk,2,3.0
3641,"Woman of Paris, A",2,4.0
3643,"Fighting Seabees, The",2,3.5
3655,Blow-Out (La grande bouffe),2,4.25
139717,10 Cent Pistol,2,1.25
136602,Creep,2,3.0
136666,Search Party,2,2.25
4826,"Big Red One, The",2,4.25
4780,Liam,2,2.0
4782,Sidewalks of New York,2,2.5
4784,"French Lieutenant's Woman, The",2,3.0
34326,Last Days,2,3.0
2314,Beloved,2,4.5
53138,"Librarian: Return to King Solomon's Mines, The",2,3.5
53140,"Librarian: Quest for the Spear, The",2,3.75
53161,"I'm a Cyborg, But That's OK (Saibogujiman kwenchana)",2,3.0
1829,Chinese Box,2,3.25
139855,Anomalisa,2,3.25
4796,"Grass Is Greener, The",2,3.25
4801,"Little Foxes, The",2,4.0
4811,Quadrophenia,2,3.0
139915,How to Make Love Like an Englishman,2,2.25
179,Mad Love,2,1.5
183,Mute Witness,2,3.5
142372,Our Brand Is Crisis,2,2.75
142420,High Rise,2,3.0
2283,"Sheltering Sky, The",2,3.5
2295,"Impostors, The",2,4.5
52730,It's a Very Merry Muppet Christmas Movie,2,1.5
52950,Day Watch (Dnevnoy dozor),2,2.5
1881,Quest for Camelot,2,2.0
53022,Wheels on Meals (Kuai can che),2,3.75
4743,Tortilla Soup,2,3.25
4749,3 Ninjas Kick Back,2,1.25
4756,"Musketeer, The",2,1.5
141004,Victor Frankenstein,2,3.25
141408,Scouts Guide to the Zombie Apocalypse,2,3.75
141688,Legend,2,3.5
140725,Cop Car,2,3.5
4770,"Glass House, The",2,2.75
4711,Theremin: An Electronic Odyssey,2,4.0
4714,Any Which Way You Can,2,2.0
143245,The Little Prince,2,2.25
143257,Ashby,2,3.0
52668,In the Land of Women,2,4.0
36276,Hidden (a.k.a. Cache) (Caché),2,2.5
36363,Kin-Dza-Dza!,2,3.75
36533,Cry_Wolf (a.k.a. Cry Wolf),2,2.25
36850,Police Story 2 (Ging chaat goo si juk jaap),2,3.75
141749,The Danish Girl,2,3.75
141830,Unbelievable Adventures of Italians in Russia,2,3.25
141890,Beasts of No Nation,2,3.0
142115,The Blue Planet,2,4.75
3660,Puppet Master,2,2.0
3662,Puppet Master III: Toulon's Revenge,2,3.0
3673,Benji the Hunted,2,4.5
144976,Bone Tomahawk,2,4.5
2267,Mortal Thoughts,2,2.5
2271,Permanent Midnight,2,3.0
2272,One True Thing,2,2.75
2280,Clay Pigeons,2,3.0
37545,Woyzeck,2,3.25
1906,Mr. Jealousy,2,2.5
1910,I Went Down,2,2.0
52375,"Hoax, The",2,3.5
52579,"Vie en Rose, La (Môme, La)",2,3.25
52644,Vacancy,2,3.75
142456,The Brand New Testament,2,4.0
142509,Hardcore Henry,2,3.75
4690,"Cotton Club, The",2,3.25
4699,Original Sin,2,2.75
4708,Marat/Sade,2,4.5
4632,"Package, The",2,3.0
4634,Penn & Teller Get Killed,2,4.0
3679,"Decline of Western Civilization, The",2,3.75
147372,Doctor Who: Last Christmas,2,3.75
147376,Doctor Who: A Christmas Carol,2,4.75
1897,High Art,2,3.5
37853,Into the Blue,2,2.5
2244,"Allnighter, The",2,1.5
2255,Young Doctors in Love,2,1.5
2256,Parasite,2,2.5
2260,Wisdom,2,2.5
143367,Silence,2,3.75
144620,Goosebumps,2,2.0
4661,Sea of Love,2,3.0
4672,"Tall Guy, The",2,2.75
4683,"Wizard, The",2,3.25
4600,Gross Anatomy (a.k.a. A Cut Above),2,3.25
4608,"Innocent Man, An",2,2.25
39801,"Great Yokai War, The (Yôkai daisensô)",2,2.75
51927,Dead Silence,2,3.25
51937,"Hills Have Eyes II, The",2,2.5
1887,Almost Heroes,2,2.0
148172,The 5th Wave,2,2.5
148424,Chi-Raq,2,3.75
4617,Let It Ride,2,3.5
4619,Little Monsters,2,2.25
4622,Loverboy,2,2.5
4626,Miracle Mile,2,3.5
4629,Next of Kin,2,1.75
148652,The Ridiculous 6,2,3.25
148671,Saw,2,4.5
148881,World of Tomorrow,2,4.5
4565,American Ninja,2,2.5
4574,Blind Fury,2,3.25
4578,Chances Are,2,2.5
4580,Cyborg,2,0.5
151763,Death Note Rewrite: Genshisuru Kami,2,4.0
152037,Grease Live,2,2.0
51698,"Last Mimzy, The",2,3.0
51705,Priceless (Hors de prix),2,4.25
40412,Dead Man's Shoes,2,4.75
2210,Sabotage,2,3.25
38388,Goal! The Dream Begins (Goal!),2,4.25
150401,Close Range,2,3.0
150596,Doctor Who: The Husbands of River Song,2,4.25
4589,Eddie and the Cruisers,2,2.0
4593,Family Business,2,2.25
4599,Great Balls of Fire!,2,2.5
152,"Addiction, The",2,1.5
152079,London Has Fallen,2,2.0
4523,Milagro Beanfield War,2,3.5
4527,"Night in the Life of Jimmy Reardon, A",2,2.5
4534,Return to Snowy River (a.k.a. The Man From Snowy River II),2,2.5
3694,"Toxic Avenger, Part II, The",2,2.0
3695,"Toxic Avenger Part III: The Last Temptation of Toxie, The",2,2.0
1922,Whatever,2,3.5
51088,Reno 911!: Miami,2,3.0
40697,Babylon 5,2,2.25
40870,C.R.A.Z.Y.,2,3.5
40946,Sarah Silverman: Jesus Is Magic,2,2.0
41527,Paradise Now,2,4.0
41617,Havoc,2,2.75
51498,2001 Maniacs,2,3.25
4541,"Serpent and the Rainbow, The",2,3.5
3715,Burglar,2,2.75
3719,Love's Labour's Lost,2,3.0
3725,American Pop,2,3.5
157200,Money Monster,2,2.25
2185,I Confess,2,4.0
2187,Stage Fright,2,3.5
2201,"Paradine Case, The",2,3.5
50842,"Boss of It All, The (Direktøren for det hele)",2,4.5
50851,Cocaine Cowboys,2,4.5
50923,"Astronaut Farmer, The",2,2.25
50954,It's a Boy Girl Thing,2,1.0
155064,The Neon Demon,2,3.0
155812,Get a Job,2,3.25
155820,Keanu,2,2.5
4516,Johnny Be Good,2,3.0
4517,Lady in White (a.k.a. The Mystery of the Lady in White),2,1.75
159415,Swiss Army Man,2,3.25
159441,The Do-Over,2,3.5
159717,The Fundamentals of Caring,2,3.75
159755,Popstar: Never Stop Never Stopping,2,2.75
159858,The Conjuring 2,2,2.25
42018,Mrs. Henderson Presents,2,2.0
42191,Luxo Jr.,2,3.75
50800,"Messengers, The",2,2.5
1929,Grand Hotel,2,4.0
1937,Going My Way,2,3.25
1941,Hamlet,2,3.5
4466,Above the Law,2,2.5
4470,Ariel,2,3.0
4478,Biloxi Blues,2,3.5
4484,Camille Claudel,2,3.75
158956,Kill Command,2,2.5
4412,"Thing with Two Heads, The",2,0.75
4422,Cries and Whispers (Viskningar och rop),2,4.0
4426,Kiss Me Deadly,2,4.0
4428,"Misfits, The",2,3.25
4429,Moby Dick,2,4.5
4433,Written on the Wind,2,4.25
160565,The Purge: Election Year,2,2.75
160571,Lights Out,2,3.0
160718,Piper,2,4.5
50792,Catch and Release,2,2.25
50796,Blood and Chocolate,2,2.0
42730,Glory Road,2,3.75
42946,Project A ('A' gai waak),2,4.0
4440,"Big Boss, The (Fists of Fury) (Tang shan da xiong)",2,3.75
4443,Outland,2,2.75
4462,18 Again!,2,1.5
4355,Youngblood,2,2.0
3738,"Sugarland Express, The",2,3.0
2165,Your Friends and Neighbors,2,3.5
2178,Frenzy,2,3.5
50158,Stomp the Yard,2,2.5
50160,Miss Potter,2,3.75
50274,Venus,2,3.5
50445,"Hitcher, The",2,2.5
50658,49 Up,2,4.0
4390,Rape Me (Baise-moi),2,3.5
4397,Cannonball Run II,2,2.5
4399,"Diary of a Chambermaid (Journal d'une femme de chambre, Le)",2,3.75
4403,"Fall of the House of Usher, The (House of Usher)",2,3.0
118,If Lucy Fell,2,2.5
119,"Steal Big, Steal Little",2,3.0
121,"Boys of St. Vincent, The",2,4.0
4316,Ice Castles,2,2.0
4337,"Sand Pebbles, The",2,3.5
164917,13th,2,4.5
165103,Keeping Up with the Joneses,2,3.75
49957,"History Boys, The",2,3.0
50003,DOA: Dead or Alive,2,2.0
43869,Curious George,2,3.5
2154,How Stella Got Her Groove Back,2,1.75
43556,Annapolis,2,2.75
3746,Butterfly (La lengua de las mariposas),2,4.0
3747,Jesus' Son,2,3.5
3758,Communion,2,3.5
3765,"Hot Spot, The",2,3.0
4350,Forgotten Silver,2,4.25
161127,The Infiltrator,2,3.75
161922,The Edge of Seventeen,2,3.25
4292,Norma Rae,2,3.5
4294,"5,000 Fingers of Dr. T, The",2,4.0
4296,Love Story,2,3.0
4297,Pelle the Conqueror (Pelle erobreren),2,3.75
3768,Braddock: Missing in Action III,2,1.25
3773,House Party,2,2.0
3787,Shower (Xizao),2,4.0
3790,Groove,2,4.0
43932,Pulse,2,1.75
44020,Ultimate Avengers,2,2.75
44225,Aquamarine,2,2.0
49793,We Are Marshall,2,3.75
164200,Storks,2,4.0
4298,Rififi (Du rififi chez les hommes),2,4.75
4312,Himalaya (Himalaya - l'enfance d'un chef),2,3.5
4313,"Man Who Cried, The",2,3.5
4224,Exit Wounds,2,2.75
49013,"Santa Clause 3: The Escape Clause, The",2,2.75
49389,The Great Train Robbery,2,2.5
49524,"Nativity Story, The",2,3.5
166024,Whiplash,2,4.75
3794,Chuck & Buck,2,2.5
4252,"Circle, The (Dayereh)",2,3.25
166291,A Silent Voice,2,4.0
166568,Miss Sloane,2,4.5
4263,Days of Wine and Roses,2,4.0
4268,Town & Country,2,2.5
4273,Under the Sand,2,4.5
4276,Lost in America,2,2.5
165947,The True Memoirs of an International Assassin,2,3.25
165969,HyperNormalisation,2,4.0
99,Heidi Fleiss: Hollywood Madam,2,5.0
170355,Mulholland Dr.,2,3.75
1978,Friday the 13th Part V: A New Beginning,2,2.5
44889,Reefer Madness: The Movie Musical,2,4.75
44929,Candy,2,4.25
45062,"Sentinel, The",2,2.75
45361,"American Haunting, An",2,1.5
45382,Down in the Valley,2,3.25
44399,"Shaggy Dog, The",2,1.25
44613,Take the Lead,2,3.75
80,"White Balloon, The (Badkonake sefid)",2,4.0
4190,Elmer Gantry,2,4.0
4193,"Fantasticks, The",2,4.0
4200,Double Impact,2,3.25
166946,The Founder,2,4.25
167370,Assassin's Creed,2,2.5
4217,4 Little Girls,2,4.25
4138,My Demon Lover,2,1.0
4142,Left Behind: The Movie,2,4.25
4147,Nico and Dani (Krámpack),2,4.0
3823,Wonderland,2,4.0
3830,Psycho Beach Party,2,1.5
3833,"Brain That Wouldn't Die, The",2,1.5
3834,Bronco Billy,2,3.0
1986,Halloween 5: The Revenge of Michael Myers,2,1.5
1987,Prom Night,2,2.5
168366,Beauty and the Beast,2,3.5
168612,Ghost in the Shell,2,3.75
4152,Vatel,2,4.25
4154,Recess: School's Out,2,4.0
4164,"Caveman's Valentine, The",2,3.5
4166,Series 7: The Contenders,2,2.5
169912,Denis Leary: No Cure for Cancer,2,3.0
173925,Seven Sisters,2,4.25
4092,Cherry 2000,2,2.25
4113,"Glass Menagerie, The",2,3.0
4125,Leonard Part 6,2,0.75
2068,Fanny and Alexander (Fanny och Alexander),2,2.75
2069,"Trip to Bountiful, The",2,4.25
2071,And the Band Played On,2,3.25
2098,Son of Flubber,2,2.5
171495,Cosmos,2,4.5
171765,Okja,2,3.75
171867,Rough Night,2,3.25
172215,Saved by the Bell: Hawaiian Style,2,2.75
172547,Despicable Me 3,2,2.25
172591,The Godfather Trilogy: 1972-1990,2,4.75
3849,The Spiral Staircase,2,4.0
3855,"Affair of Love, An (Liaison pornographique, Une)",2,4.75
53,Lamerica,2,5.0
48638,Fellini's Casanova (Il Casanova di Federico Fellini),2,3.5
48678,Feast,2,2.75
48698,Deliver Us from Evil,2,4.5
48879,Catch a Fire,2,3.25
48883,Death of a President,2,3.25
46337,Garfield: A Tail of Two Kitties,2,2.25
46347,Metal: A Headbanger's Journey,2,4.0
45635,"Notorious Bettie Page, The",2,3.0
176419,Mother!,2,3.25
4077,"With a Friend Like Harry... (Harry, un ami qui vous veut du bien)",2,4.5
4079,Amazon Women on the Moon,2,4.25
4080,Baby Boom,2,3.25
4082,Barfly,2,3.5
3859,"Eyes of Tammy Faye, The",2,3.75
173197,The Square,2,4.25
184253,The Cloverfield Paradox,2,2.25
48161,Gridiron Gang,2,3.0
48342,Conversations with Other Women,2,4.0
48414,Open Season,2,3.0
47404,Mind Game,2,4.25
181065,Jack Whitehall: At Large,2,3.75
184015,When We First Met,2,3.5
3932,"Invisible Man, The",2,3.5
3938,"Slumber Party Massacre, The",2,2.75
4009,Talk Radio,2,3.0
3912,Beautiful,2,2.5
3929,"Bank Dick, The",2,2.5
180297,The Disaster Artist,2,3.75
180497,The Post,2,4.25
3898,Bait,2,2.5
3901,Duets,2,3.25
7647,Noises Off...,2,3.75
7657,Versus,2,3.75
7705,Pat and Mike,2,4.0
81819,Biutiful,2,4.25
81910,"Art of the Steal, The",2,4.0
82041,"Loved Ones, The",2,4.25
82053,Casino Jack,2,4.0
82242,Rare Exports: A Christmas Tale (Rare Exports),2,4.25
185135,Sherlock - A Study in Pink,2,4.75
185585,Pacific Rim: Uprising,2,2.75
187031,Jurassic World: Fallen Kingdom,2,3.25
2007,Polish Wedding,2,3.5
3963,"Unsinkable Molly Brown, The",2,3.75
3966,Detour,2,3.5
3971,"Private Eyes, The",2,2.75
3989,One Day in September,2,4.0
193609,Andrew Dice Clay: Dice Rules,1,4.0
188675,Dogman,1,3.5
188751,Mamma Mia: Here We Go Again!,1,4.5
188797,Tag,1,4.0
188833,The Man Who Killed Don Quixote,1,4.5
189043,Boundaries,1,2.5
184245,De platte jungle,1,5.0
184053,Battle Planet,1,2.0
3974,"Little Vampire, The",1,3.0
3965,"Strange Love of Martha Ivers, The",1,3.5
3962,Ghoulies II,1,1.5
3958,Billy Jack Goes to Washington,1,2.0
3951,Two Family House,1,5.0
3945,Digimon: The Movie,1,3.0
3942,Sorority House Massacre II,1,5.0
3941,Sorority House Massacre,1,5.0
3940,Slumber Party Massacre III,1,5.0
3939,Slumber Party Massacre II,1,5.0
3933,"Killer Shrews, The",1,0.5
183959,Tom Segura: Disgraceful,1,4.5
183911,The Clapper,1,1.5
183635,Maze Runner: The Death Cure,1,3.5
48150,"Woods, The",1,3.0
48045,Fear City: A Family-Style Comedy (La cité de la peur),1,4.0
48032,"Tiger and the Snow, The (La tigre e la neve)",1,4.0
48001,"Bow, The (Hwal)",1,4.0
47978,SherryBaby,1,2.5
47952,"Covenant, The",1,3.0
2008,"This World, Then the Fireworks",1,3.0
47937,Severance,1,3.0
47793,"Puffy Chair, The",1,2.5
47774,"Icicle Thief, The (Ladri di saponette)",1,3.0
47736,"Chump at Oxford, A",1,5.0
47721,"Red Balloon, The (Ballon rouge, Le)",1,3.5
47646,Idlewild,1,4.0
193571,Silver Spoon,1,4.0
193567,anohana: The Flower We Saw That Day - The Movie,1,3.0
193565,Gintama: The Movie,1,3.5
48649,Chapayev,1,4.5
48560,Running With Scissors,1,2.5
47254,Chaos,1,3.5
47202,"Secret Life of Words, The",1,4.0
2037,Candleshoe,1,4.0
46865,Little Man,1,1.0
47566,Born to Kill,1,4.0
47538,Crime Busters,1,2.5
2032,"Barefoot Executive, The",1,2.0
47516,Material Girls,1,2.0
47446,"Moustache, La",1,3.5
47384,Zoom,1,2.5
48416,School for Scoundrels,1,2.5
48319,Flyboys,1,2.0
48262,"Bridge, The",1,4.0
48214,Land of Plenty (Angst and Alienation in America),1,3.5
2055,Hot Lead and Cold Feet,1,3.0
45658,On a Clear Day,1,2.0
45648,Game 6,1,2.5
45503,Peaceful Warrior,1,5.0
46862,Orchestra Rehearsal (Prova d'orchestra),1,3.5
46855,Army of Shadows (L'armée des ombres),1,4.5
46772,Strangers with Candy,1,2.5
46664,"Fallen Idol, The",1,2.5
46574,"OH in Ohio, The",1,2.5
46559,"Road to Guantanamo, The",1,3.5
46367,"Public Eye, The",1,2.0
46231,Stoned,1,2.0
46105,I Am a Sex Addict,1,4.5
45969,Career Opportunities,1,2.5
48872,13 Tzameti,1,4.5
48741,"U.S. vs. John Lennon, The",1,4.0
44657,Mouchette,1,3.0
44633,"Devil and Daniel Johnston, The",1,4.5
44597,Youth of the Beast (Yaju no seishun),1,4.0
44511,Unknown White Male,1,3.5
45183,"Protector, The (a.k.a. Warrior King) (Tom yum goong)",1,3.0
45106,American Dreamz,1,3.0
45074,"Wild, The",1,2.5
44943,9/11,1,5.0
44937,"Child, The (L'enfant)",1,4.0
44931,Secrets of a Soul (Geheimnisse einer Seele),1,4.5
1990,Prom Night IV: Deliver Us From Evil,1,4.0
1985,Halloween 4: The Return of Michael Myers,1,2.0
1980,Friday the 13th Part VII: The New Blood,1,2.0
2075,Mephisto,1,5.0
2104,Tex,1,4.0
2056,In Search of the Castaways,1,3.0
49666,Fur: An Imaginary Portrait of Diane Arbus,1,3.0
44301,Lights in the Dusk (Laitakaupungin valot),1,3.5
44243,Leprechaun 4: In Space,1,0.5
44241,Leprechaun 3,1,2.0
44238,Leprechaun 2,1,2.5
44197,Find Me Guilty,1,3.0
44189,Ask the Dust,1,4.0
49314,Harsh Times,1,3.0
49265,Shooting Dogs (a.k.a. Beyond the Gates),1,4.0
49263,Fuck,1,3.0
49110,Mom and Dad Save the World,1,2.0
44851,Go for Zucker! (Alles auf Zucker!),1,5.0
44849,Renaissance,1,2.5
44777,Evil Aliens,1,4.5
44773,"Dead Hate the Living!, The",1,3.0
44719,Brainstorm,1,2.5
43684,Something New,1,4.5
2175,Déjà Vu,1,4.5
2172,"Strike! (a.k.a. All I Wanna Do, The Hairy Bird)",1,3.0
2164,Surf Nazis Must Die,1,1.0
43677,"Tuskegee Airmen, The",1,2.0
43558,Big Momma's House 2,1,2.0
2156,"Best Man, The (Testimone dello sposo, Il)",1,4.0
43930,Just My Luck,1,3.0
43914,Winter Passing,1,4.0
43912,Freedomland,1,2.0
43908,London,1,3.0
50147,Black Christmas,1,2.0
50064,"Good German, The",1,3.0
49917,When the Levees Broke: A Requiem in Four Acts,1,4.0
49735,Another Gay Movie,1,3.5
49688,"Dam Busters, The",1,4.0
42176,"Ear, The (Ucho)",1,4.0
43549,Helter Skelter,1,3.5
43419,Bandidas,1,1.0
43333,Water,1,3.5
43289,"Bird People in China, The (Chûgoku no chôjin)",1,4.0
42943,Revolution,1,2.5
42761,Casper Meets Wendy,1,4.5
42740,Looking for Comedy in the Muslim World,1,3.5
42638,Grand Theft Parsons,1,2.5
50613,Dead Meat,1,4.5
50610,Beer League,1,4.0
50514,After the Wedding (Efter brylluppet),1,3.5
50440,Primeval,1,2.0
50356,The Little World of Don Camillo,1,3.0
50354,The Return of Don Camillo,1,3.0
43744,Imagine Me & You,1,3.5
41769,Mozart and the Whale,1,2.5
41724,Wal-Mart: The High Cost of Low Price,1,4.5
41712,"Room for Romeo Brass, A",1,4.0
2196,Knock Off,1,5.0
2190,Why Do Fools Fall In Love?,1,2.0
2180,Torn Curtain,1,3.5
2179,Topaz,1,3.0
41627,Samurai Rebellion (Jôi-uchi: Hairyô tsuma shimatsu),1,3.5
1940,Gentleman's Agreement,1,4.0
1933,"Life of Emile Zola, The",1,3.0
1932,"Great Ziegfeld, The",1,3.5
42602,"Boys of Baraka, The",1,3.5
42559,Samurai Assassin (Samurai),1,3.0
42556,7 Faces of Dr. Lao,1,5.0
42422,Voices of a Distant Star (Hoshi no koe),1,4.5
42285,"Dentist, The",1,3.0
51471,Amazing Grace,1,3.0
51357,Citizen X,1,4.0
51314,Golden Door (Nuovomondo),1,4.5
51174,Factory Girl,1,3.5
51167,My Father and My Son (Babam ve oglum),1,4.5
41014,"Bird with the Crystal Plumage, The (Uccello dalle piume di cristallo, L')",1,4.0
40966,"Libertine, The",1,3.5
40617,Creep,1,3.0
40597,One-Way Ticket to Mombasa (Menolippu Mombasaan),1,2.0
1928,Cimarron,1,3.5
1926,"Broadway Melody, The",1,3.0
51082,Tyler Perry's Daddy's Little Girls,1,2.0
50999,"Ugly Duckling and Me!, The",1,5.0
50942,"Wake Up, Ron Burgundy",1,3.5
50806,Norbit,1,1.0
41828,Don't Look Now: We're Being Shot At (La grande vadrouille),1,4.5
39516,Don't Move (Non ti muovere),1,4.5
39307,Dreamer: Inspired by a True Story,1,2.5
38992,Two for the Money,1,3.5
38583,"Wraith, The",1,2.5
38294,Beowulf & Grendel,1,2.5
40578,Sword of the Beast (Kedamono no ken),1,3.0
40491,"Match Factory Girl, The (Tulitikkutehtaan tyttö)",1,5.0
40478,Night of the Lepus,1,2.5
2226,"Ring, The",1,1.0
2211,Secret Agent,1,3.0
2207,Jamaica Inn,1,3.0
51694,Starter for 10,1,3.5
51666,"Abandoned, The",1,2.0
51573,Meshes of the Afternoon,1,3.0
51562,Babylon 5: The Gathering,1,4.0
51545,Pusher III: I'm the Angel of Death,1,2.5
37495,Survive Style 5+,1,3.5
2281,Monument Ave.,1,2.5
37477,"Man, The",1,2.5
37475,"Unfinished Life, An",1,3.0
37444,Frankenstein 90,1,4.0
38198,Darwin's Nightmare,1,4.0
38164,"All This, and Heaven Too",1,4.0
38159,"Short Film About Love, A (Krótki film o milosci)",1,4.5
2257,No Small Affair,1,4.0
37844,Roll Bounce,1,2.0
1902,Dream for an Insomniac,1,4.0
1900,"Children of Heaven, The (Bacheha-Ye Aseman)",1,4.0
1893,Beyond Silence (Jenseits der Stille),1,4.5
1891,"Ugly, The",1,2.0
51933,Pride,1,2.5
51903,I Think I Love My Wife,1,2.5
34540,Pretty Persuasion,1,3.0
37211,Go West,1,3.0
36931,New Police Story (Xin jing cha gu shi),1,3.5
36477,"Baxter, The",1,4.0
36397,Valiant,1,1.5
36289,Asterix & Obelix vs. Caesar (Astérix et Obélix contre César),1,4.0
35807,"Teahouse of the August Moon, The",1,4.0
35347,Animal Farm,1,1.0
35015,Duma,1,3.5
2298,Strangeland,1,4.0
52724,Lucky You,1,3.0
52715,Kickin It Old Skool,1,2.0
52462,Aqua Teen Hunger Force Colon Movie Film for Theaters,1,3.0
52299,American Hardcore,1,3.5
52279,Are We Done Yet?,1,1.5
52042,Black Book (Zwartboek),1,2.5
53143,Fay Grim,1,2.0
34450,Miracles - Mr. Canton and Lady Rose,1,4.5
34397,"Order, The",1,3.0
34359,Georgy Girl,1,4.0
2307,One Tough Cop,1,3.0
2304,Love Is the Devil,1,4.0
34330,November,1,3.0
1870,"Dancer, Texas Pop. 81",1,3.0
1867,Tarzan and the Lost City,1,2.0
52867,"Ex, The",1,4.0
52831,Maniac Cop,1,3.5
52784,Sharkwater,1,4.0
2292,Overnight Delivery,1,2.5
2286,"Fiendish Plot of Dr. Fu Manchu, The",1,2.0
34811,Pusher II: With Blood on My Hands,1,2.5
34800,Private Resort,1,1.5
2339,I'll Be Home For Christmas,1,1.5
33801,Godzilla: Final Wars (Gojira: Fainaru uôzu),1,3.0
34312,"Calcium Kid, The",1,5.0
34292,Hardware,1,1.5
34164,Happy Endings,1,3.5
34129,Rebound,1,3.0
34018,At the Circus,1,3.0
33966,Cop and ½,1,1.5
33893,"Perfect Crime, The (Crimen Ferpecto) (Ferpect Crime)",1,4.5
33838,Rize,1,3.5
53355,Sun Alley (Sonnenallee),1,5.0
53326,Them (Ils),1,2.0
1857,"Real Blonde, The",1,3.5
1841,"Gingerbread Man, The",1,3.0
1839,My Giant,1,3.0
53280,"Breed, The",1,5.0
1826,Barney's Great Adventure,1,2.0
1825,The Players Club,1,3.5
1824,Homegrown,1,1.0
33649,Saving Face,1,5.0
33644,Dominion: Prequel to the Exorcist,1,2.5
2358,Savior,1,4.0
33629,Airborne,1,2.5
33558,"Snow Walker, The",1,3.0
33435,Los Angeles Plays Itself,1,3.5
1807,"Cool, Dry Place, A",1,3.0
53808,Bring It On: All or Nothing,1,2.0
53578,"Valet, The (La doublure)",1,5.0
53453,Starcrash (a.k.a. Star Crash),1,0.5
53450,"Legend of Sleepy Hollow, The",1,1.5
53447,Paranoid Park,1,4.0
33826,Saint Ralph,1,2.5
54617,"Brice Man, The (Brice de Nice)",1,3.5
33312,"Cocoanuts, The",1,3.5
33310,"Common Thread, A (a.k.a. Sequins) (Brodeuses)",1,4.5
33294,Vampire Hunter D,1,2.5
33237,San Francisco,1,4.0
33201,Between Your Legs (Entre las piernas),1,4.5
33188,Mischief,1,2.5
33148,King's Ransom,1,2.5
33138,Palindromes,1,5.0
33132,State Property 2,1,1.5
33126,"Frisco Kid, The",1,2.5
54354,China Blue,1,4.0
54274,I Know Who Killed Me,1,0.5
54121,Broken Arrow,1,3.0
53921,"Mighty Heart, A",1,3.5
53883,"Power of Nightmares, The: The Rise of the Politics of Fear",1,4.5
2370,"Emerald Forest, The",1,3.0
2368,King Kong Lives,1,2.0
2362,Glen or Glenda,1,4.0
32917,Boccaccio '70,1,4.0
32914,Carrie,1,3.0
32906,"Ascent, The (Voskhozhdeniye)",1,3.5
32875,Holiday (Jour de fête),1,3.0
32862,With Six You Get Eggroll,1,4.0
54962,"Nines, The",1,2.5
54934,"Brothers Solomon, The",1,0.5
54910,Behind the Mask: The Rise of Leslie Vernon,1,4.0
54908,Taxi 4,1,2.0
54796,2 Days in Paris,1,3.5
54787,Death Sentence,1,3.5
54768,Daddy Day Camp,1,0.5
54686,"Last Legion, The",1,3.0
1746,Senseless,1,2.0
1739,3 Ninjas: High Noon On Mega Mountain,1,4.0
55207,Cashback,1,3.0
55205,Interview,1,2.5
55190,Love and Other Disasters,1,3.0
55156,"Unreasonable Man, An",1,4.0
55112,Shanghai Kiss,1,4.0
55110,December Boys,1,3.0
55071,No End in Sight,1,4.0
55067,Requiem,1,3.5
55061,Electroma,1,1.0
1794,Love and Death on Long Island,1,3.0
1771,Night Flier,1,4.0
55036,Gotti,1,2.5
55020,"Ten, The",1,4.5
33124,Before the Fall (NaPolA - Elite für den Führer),1,3.5
32392,800 Bullets (800 Balas),1,2.5
32314,Incident at Loch Ness,1,3.5
32302,"League of Ordinary Gentlemen, A",1,4.0
32294,Milk and Honey,1,3.5
32243,Stealing Rembrandt (Rembrandt),1,3.5
32799,Maidens in Uniform (Mädchen in Uniform),1,3.5
32743,Ringu 0: Bâsudei,1,3.0
32728,"Little Girl Who Lives Down the Lane, The",1,4.0
32666,National Lampoon's Lady Killers (National Lampoon's Gold Diggers),1,1.0
32659,Tanguy,1,2.5
32649,"Special Day, A (Giornata particolare, Una)",1,4.0
32632,Electra Glide in Blue,1,3.5
32620,Not on the Lips (Pas sur la bouche),1,3.5
32600,Eros,1,3.5
32589,Beauty Shop,1,2.0
32515,Walker,1,2.5
32116,"Oh, God! You Devil",1,2.5
32060,"Cat and the Canary, The",1,3.0
32058,Class Action,1,2.0
31973,Germany Year Zero (Germania anno zero) (Deutschland im Jahre Null),1,3.5
31952,Control (Kontroll),1,3.5
31925,Royal Flash,1,4.0
31921,"Seven-Per-Cent Solution, The",1,2.5
31909,Dr. Giggles,1,4.0
55294,Weirdsville,1,2.5
55259,"Seeker: The Dark Is Rising, The",1,1.0
1759,"Four Days in September (O Que É Isso, Companheiro?)",1,5.0
1757,Fallen Angels (Duo luo tian shi),1,2.0
32511,"Touch of Zen, A (Xia nu)",1,4.5
32469,We're No Angels,1,4.5
32442,Greedy,1,2.5
32440,If Looks Could Kill,1,2.0
56274,Margot at the Wedding,1,3.0
56169,Awake,1,4.0
56060,I Served the King of England (Obsluhoval jsem anglického krále),1,4.5
56022,Harrison Bergeron,1,2.0
55854,"Fugitive, The",1,3.0
55844,Itty Bitty Titty Committee,1,3.5
55805,Before the Devil Knows You're Dead,1,3.0
1685,"I Love You, I Love You Not",1,3.0
55729,King of California,1,3.0
55687,My Kid Could Paint That,1,4.5
55555,"Edge of Heaven, The (Auf der anderen Seite)",1,3.5
55492,"Last Winter, The",1,4.0
55391,10th & Wolf,1,4.5
32234,Julia,1,4.0
32179,Elevator to the Gallows (a.k.a. Frantic) (Ascenseur pour l'échafaud),1,4.0
32139,"Agony and the Ecstasy, The",1,4.0
1677,Critical Care,1,2.0
1675,Incognito,1,3.5
1671,Deceiver,1,3.0
1661,Switchback,1,3.0
1660,Eve's Bayou,1,3.0
56389,My Blueberry Nights,1,4.0
31903,Zelary,1,4.0
2388,Steam: The Turkish Bath (Hamam),1,4.0
31867,Man of the House,1,3.0
31851,Sons of the Desert,1,3.0
31737,Bunny Lake Is Missing,1,3.5
31702,Turtles Can Fly (Lakposhtha hâm parvaz mikonand),1,4.0
31698,Son of the Mask,1,1.0
31692,Uncle Nino,1,0.5
31664,Gorgeous (Boh lee chun),1,3.5
56333,"Savages, The",1,3.5
57147,Cassandra's Dream,1,4.0
56915,"Water Horse: Legend of the Deep, The",1,4.0
56908,Dedication,1,4.0
56869,Drained (O cheiro do Ralo),1,4.0
56837,As You Like It,1,3.0
31617,El Cid,1,3.0
2417,Heartburn,1,1.0
2415,Violets Are Blue...,1,3.0
31610,Purple Butterfly (Zi hudie),1,4.0
31590,Hands Off the Loot (Touchez pas au grisbi),1,3.0
31553,Double Dragon,1,1.0
31545,"Trou, Le (Hole, The) (Night Watch, The)",1,4.0
31522,"Marriage of Maria Braun, The (Ehe der Maria Braun, Die)",1,5.0
31435,Rory O'Shea Was Here (Inside I'm Dancing),1,4.5
56620,"Deaths of Ian Stone, The",1,3.0
1679,Chairman of the Board,1,2.0
31422,Are We There Yet?,1,0.5
31367,"Chase, The",1,2.0
31309,Rocco and His Brothers (Rocco e i suoi fratelli),1,3.5
31297,Gold Diggers of 1935,1,3.5
31260,Boys Town,1,3.5
31223,Racing Stripes,1,2.0
31193,"Many Adventures of Winnie the Pooh, The",1,3.5
31162,"Life and Death of Peter Sellers, The",1,3.0
31150,Wizards,1,2.0
31123,Ruby & Quentin (Tais-toi!),1,2.5
57526,Untraceable,1,3.0
57522,First Sunday,1,3.5
57502,Cat Soup (Nekojiru-so),1,4.0
57499,Heaven and Earth (Ten to Chi to),1,3.0
57421,Hatchet,1,4.0
57326,In the Name of the King: A Dungeon Siege Tale,1,0.5
30818,Beyond the Sea,1,2.0
27905,Casshern,1,3.5
31086,Battles Without Honor & Humanity (Jingi naki tatakai),1,3.5
2435,Hurlyburly,1,4.0
31083,Man Trouble,1,2.0
31049,Out Cold,1,2.5
31038,Smooth Talk,1,4.0
31030,I Remember Mama,1,4.0
57843,Rise of the Footsoldier,1,4.5
57637,"Signal, The",1,3.5
1659,Hurricane Streets,1,4.0
1656,Swept from the Sea,1,4.0
1655,Phantoms,1,4.0
1654,FairyTale: A True Story,1,3.5
1652,Year of the Horse,1,4.5
31424,Alone in the Dark,1,0.5
58309,War Dance,1,4.5
58306,Mongol,1,2.5
58297,Doomsday,1,4.0
2462,Texas Chainsaw Massacre: The Next Generation (a.k.a. The Return of the Texas Chainsaw Massacre),1,3.0
2451,"Gate, The",1,3.0
27869,Tae Guk Gi: The Brotherhood of War (Taegukgi hwinalrimyeo),1,4.5
27866,In My Father's Den,1,3.5
58291,College Road Trip,1,4.5
58287,Descent,1,1.0
58191,Taxi to the Dark Side,1,4.0
1631,"Assignment, The",1,5.0
58078,"Air I Breathe, The",1,3.0
57910,Teeth,1,2.0
31000,Sweet Liberty,1,2.5
30994,Little Miss Marker,1,4.0
30890,"Keys to the House, The (Chiavi di casa, Le)",1,3.0
58879,Shine a Light,1,3.5
58842,Assembly (Ji jie hao),1,4.5
58826,"Shepherd: Border Patrol, The",1,2.5
58783,Youth Without Youth,1,2.5
27830,"Bobby Jones, Stroke of Genius",1,2.5
27829,Slasher,1,3.5
27826,Touch of Pink,1,4.0
27816,Saints and Soldiers,1,2.5
27802,Infernal Affairs 2 (Mou gaan dou II),1,3.0
27784,One Missed Call (Chakushin ari),1,1.5
27778,Ginger Snaps Back: The Beginning,1,3.0
27776,Red Lights (Feux rouges),1,4.5
27769,Down to the Bone,1,3.0
58627,Never Back Down,1,3.5
58492,Snow Angels,1,3.0
58351,City of Men (Cidade dos Homens),1,4.0
27689,"Crimson Rivers 2: Angels of the Apocalypse (Rivières pourpres II - Les anges de l'apocalypse, Les)",1,2.5
27683,Tremors 4: The Legend Begins,1,2.0
27667,Ju-on: The Curse,1,3.0
27644,Remember Me (Ricordati di me),1,3.5
27627,Oasis,1,4.5
2483,"Day of the Beast, The (Día de la Bestia, El)",1,3.5
2481,My Name Is Joe,1,4.0
27762,Comic Book: The Movie,1,2.5
27751,'Salem's Lot,1,5.0
27746,Ginger Snaps: Unleashed,1,3.0
27744,"Facing Windows (Finestra di fronte, La)",1,4.5
59026,99 francs,1,4.0
59018,"Visitor, The",1,4.5
59016,Street Kings,1,2.5
58975,"Ruins, The",1,3.5
58964,Inside (À l'intérieur),1,4.0
59440,Bella,1,3.5
59336,Redbelt,1,3.0
59295,Expelled: No Intelligence Allowed,1,1.0
59220,Outsourced,1,3.5
27595,Jesus Christ Vampire Hunter,1,0.5
2503,"Apple, The (Sib)",1,4.0
2493,"Harmonists, The",1,4.0
1613,Star Maps,1,4.0
59131,Are You Scared?,1,3.5
59118,Happy-Go-Lucky,1,3.5
27716,"Green Butchers, The (Grønne slagtere, De)",1,4.5
27708,Helen of Troy,1,4.0
27705,In Hell,1,1.5
27704,Battle Royale 2: Requiem (Batoru rowaiaru II: Chinkonka),1,5.0
27695,Nicotina,1,3.0
27692,And Starring Pancho Villa as Himself,1,3.5
27549,Dead or Alive: Final,1,1.5
27539,Undertaking Betty (Plots with a View),1,2.5
27537,Nothing,1,3.5
27523,My Sassy Girl (Yeopgijeogin geunyeo),1,5.0
27513,Dog Days (Hundstage),1,3.0
27491,Pulse (Kairo),1,3.0
27480,Dead or Alive 2: Tôbôsha,1,4.5
27473,American Psycho II: All American Girl,1,2.5
27450,Blueberry,1,2.5
27426,"Accidental Spy, The (Dak miu mai shing)",1,2.5
27420,Teknolust,1,2.0
59810,Recount,1,3.5
59738,All the Boys Love Mandy Lane,1,3.0
59731,"Bigger, Stronger, Faster*",1,3.5
59667,Nina's Heavenly Delights,1,4.0
59549,Shelter,1,4.0
27370,Late Night Shopping,1,4.5
27369,Daria: Is It Fall Yet?,1,4.0
27329,Paradise Lost 2: Revelations,1,4.0
27328,Monday,1,4.5
27320,"Nine Lives of Tomas Katz, The",1,5.0
27306,Bartleby,1,1.5
27255,"Wind Will Carry Us, The (Bad ma ra khahad bord)",1,3.5
27246,If These Walls Could Talk 2,1,4.0
60046,"Children of Huang Shi, The",1,3.5
1585,Love Serenade,1,3.0
60030,Spiral,1,4.5
59995,Boy A,1,4.0
59985,Chaos Theory,1,4.0
59947,"Protector, The",1,2.0
59915,Stuck,1,3.5
59814,Ex Drummer,1,5.0
60857,"Tracey Fragments, The",1,3.0
60832,Pathology,1,4.0
60818,Hogfather (Terry Pratchett's Hogfather),1,4.0
60803,"Little Drummer Boy, The",1,2.5
60737,Watching the Detectives,1,5.0
60735,Shotgun Stories,1,2.5
60674,Stargate: Continuum,1,2.5
60647,Transsiberian,1,2.5
60538,Shrooms,1,3.5
60471,Rogue,1,3.5
60389,Battle for Haditha,1,4.0
60365,Frosty the Snowman,1,1.5
60363,Zombie Strippers!,1,0.5
60303,Strange Circus (Kimyô na sâkasu),1,4.0
60141,St. Trinian's,1,2.5
27373,61*,1,5.0
61011,"Walker, The",1,2.0
60943,Frozen River,1,4.5
27178,In July (Im Juli),1,4.0
27176,Style Wars,1,4.5
27155,"Batman/Superman Movie, The",1,2.0
27140,Candyman 3: Day of the Dead,1,3.0
27134,Dark Portals: The Chronicles of Vidocq  (Vidocq),1,4.0
27124,Bleeder,1,2.0
27105,Purgatory,1,2.5
27075,Addams Family Reunion,1,3.0
27074,Brave New World,1,1.5
27036,Merlin,1,3.0
27022,Thursday,1,4.0
27008,From Dusk Till Dawn 2: Texas Blood Money,1,1.0
60904,Heart of a Dog (Sobachye serdtse),1,4.0
60894,"Edge of Love, The",1,3.0
27003,Beowulf,1,3.0
27002,From the Earth to the Moon,1,3.5
26985,Nirvana,1,4.5
26958,Emma,1,3.5
26947,Pusher,1,2.5
26940,"Late Shift, The",1,2.5
26928,"Summer's Tale, A (Conte d'été)",1,5.0
26913,Street Fighter II: The Animated Movie (Sutorîto Faitâ II gekijô-ban),1,1.5
26901,Last of the Dogmen,1,2.5
26900,"Last Wedding, The (Kivenpyörittäjän kylä)",1,3.0
26887,"Langoliers, The",1,3.0
61123,High School Musical 2,1,2.0
61073,Hell Ride,1,2.0
61071,"Sisterhood of the Traveling Pants 2, The",1,2.5
1574,Fall,1,1.0
1565,Head Above Water,1,4.0
61818,"Crow, The: Wicked Prayer",1,0.5
1549,Rough Magic,1,4.0
1546,Schizopolis,1,3.5
1519,Broken English,1,1.0
1516,Children of the Revolution,1,3.0
61697,Righteous Kill,1,3.0
61692,Altered,1,3.0
61628,Sunflower (Xiang ri kui),1,2.0
61394,"Onion Movie, The",1,4.0
61319,Somers Town,1,3.5
61262,Mirrors,1,1.5
61257,I.O.U.S.A. (a.k.a. IOUSA),1,4.0
61246,Hamlet 2,1,2.0
61210,Mutant Chronicles,1,3.5
61167,Henry Poole is Here,1,4.0
27006,RKO 281,1,3.5
62553,"Secret Life of Bees, The",1,4.0
62437,W.,1,2.5
62299,Alone in the Dark II,1,3.5
62208,"Sound of the Mountain (Thunder of the Mountain, The) (Yama no oto)",1,4.5
62008,Dead Fury,1,3.0
26875,"Pure Formality, A (Pura formalità, Una)",1,4.0
26861,Freaked,1,3.5
26854,"Darkman II: Return of Durant, The",1,2.5
26849,"Stand, The",1,5.0
26840,Sonatine (Sonachine),1,5.0
26838,"Snapper, The",1,3.0
26828,Mr. Nanny,1,1.5
26819,Fortress,1,2.5
26797,Visions of Light: The Art of Cinematography,1,3.0
26796,"Heart in Winter, A (Un coeur en hiver)",1,3.5
61986,Appaloosa,1,3.0
62834,Babylon 5: The Legend of the Rangers: To Live and Die in Starlight,1,4.0
62799,"Express, The",1,3.0
62718,"Angus, Thongs and Perfect Snogging",1,2.5
26791,Shining Through,1,1.5
26782,"Mambo Kings, The",1,2.0
26777,"Stolen Children (Ladro di bambini, Il)",1,4.0
26761,Prime Suspect 2,1,3.0
26745,Other People's Money,1,2.5
26743,Only Yesterday (Omohide poro poro),1,2.5
26741,Mannequin 2: On the Move,1,1.5
26736,Riki-Oh: The Story of Ricky (Lik Wong),1,4.5
26732,Johnny Stecchino,1,4.0
26726,Dutch,1,2.5
26717,Begotten,1,0.5
62662,Tokyo-Ga,1,3.0
62586,"American Carol, An",1,2.0
63239,Cinderella,1,3.0
63179,Tokyo!,1,3.5
63033,Blindness,1,3.5
1514,Temptress Moon (Feng Yue),1,3.0
26713,Days of Being Wild (A Fei jingjyuhn),1,4.5
26701,Patlabor: The Movie (Kidô keisatsu patorebâ: The Movie),1,3.0
26696,Lionheart,1,0.5
26695,"Krays, The",1,3.5
26694,Ju Dou,1,3.5
26693,It,1,4.0
26676,Almost an Angel,1,2.5
26645,Life Is a Long Quiet River (La vie est un long fleuve tranquille),1,4.0
1507,Paradise Road,1,3.5
1496,Anna Karenina,1,4.0
1493,Love and Other Catastrophes,1,3.5
62836,Babylon 5: The Lost Tales - Voices in the Dark,1,4.0
64114,Fireproof,1,1.0
64010,"Children, The",1,3.5
26630,Moonwalker,1,3.0
26622,Dominick and Eugene,1,3.0
26603,Prince of Darkness,1,4.5
26599,"Law of Desire (Ley del deseo, La)",1,4.0
26593,Hell Comes to Frogtown,1,2.0
26590,G.I. Joe: The Movie,1,2.0
26587,"Decalogue, The (Dekalog)",1,5.0
26567,Club Paradise,1,2.0
26562,White Nights,1,3.0
63826,Splinter,1,4.0
63768,Tattooed Life (Irezumi ichidai),1,3.0
63515,The Island,1,4.0
63393,Camp Rock,1,1.0
63312,Krabat,1,2.0
1458,Touch,1,4.0
1456,"Pest, The",1,2.0
64695,Sword of the Stranger (Sutorejia: Mukô hadan),1,4.0
64501,Che: Part Two,1,5.0
64499,Che: Part One,1,5.0
64278,"Pervert's Guide to Cinema, The",1,3.5
26539,Death of a Salesman,1,3.0
26527,What Have I Done to Deserve This? (¿Qué he hecho yo para merecer esto!!),1,4.0
26523,"Silent Night, Deadly Night",1,3.5
26498,Boy Meets Girl,1,3.0
26472,"Norte, El",1,3.5
26467,"Day After, The",1,3.0
26464,Blue Thunder,1,3.0
1477,Love Jones,1,4.0
1475,Kama Sutra: A Tale of Love,1,4.0
1473,Best Men,1,4.0
65350,"General Died at Dawn, The",1,0.5
65225,Zeitgeist: Addendum,1,4.5
65193,Wild Child,1,3.0
65135,Blackadder's Christmas Carol,1,3.0
65037,Ben X,1,3.5
26453,Smiley's People,1,4.0
26429,Love at First Bite,1,4.0
26401,Last Hurrah for Chivalry (Hao xia),1,5.0
26399,Five Deadly Venoms,1,3.5
26394,"Turning Point, The",1,4.0
26391,"New York, New York",1,2.5
26386,High Anxiety,1,3.5
26366,Harlan County U.S.A.,1,5.0
26365,Futureworld,1,2.5
26359,1900 (Novecento),1,4.5
26357,Trilogy of Terror,1,4.0
65631,Battle in Seattle,1,4.0
65601,My Bloody Valentine 3-D,1,2.0
26350,"Passenger, The (Professione: reporter)",1,5.0
26347,"Irony of Fate, or Enjoy Your Bath! (Ironiya sudby, ili S legkim parom!)",1,4.0
26344,French Connection II,1,3.0
26317,Emmanuelle,1,3.5
26313,California Split,1,4.0
26308,Turkish Delight (Turks fruit),1,4.0
26303,Sisters,1,4.0
26285,Dark Star,1,2.5
26283,Charley Varrick,1,3.0
26265,Dr. Phibes Rises Again,1,4.5
65596,Mesrine: Killer Instinct (L'instinct de mort),1,4.0
65588,"Gamers, The: Dorkness Rising",1,2.5
65577,"Tale of Despereaux, The",1,3.0
65359,Earthsea (Legend of Earthsea),1,3.0
26237,Zabriskie Point,1,4.0
26236,"White Sun of the Desert, The (Beloe solntse pustyni)",1,4.0
26231,Performance,1,4.0
26225,"Claire's Knee (Genou de Claire, Le)",1,4.5
26195,Sympathy for the Devil,1,3.0
26176,Titicut Follies,1,2.5
26169,Branded to Kill (Koroshi no rakuin),1,5.0
26158,Closely Watched Trains (Ostre sledované vlaky),1,4.0
66310,Frontière(s),1,3.5
66240,Dead Like Me: Life After Death,1,3.5
66090,Eden Lake,1,4.0
65882,"Uninvited, The",1,3.5
65810,Notorious,1,3.0
65740,Revenge of the Nerds IV: Nerds in Love,1,4.0
65738,Revenge of the Nerds III: The Next Generation,1,4.0
65651,Fire and Ice,1,2.0
26150,Andrei Rublev (Andrey Rublyov),1,4.5
26147,"Thousand Clowns, A",1,5.0
26142,Major Dundee,1,2.0
26124,Robinson Crusoe on Mars,1,2.0
26122,Onibaba,1,4.5
26095,"Carabineers, The (Carabiniers, Les)",1,0.5
26078,Advise and Consent,1,5.0
26073,"Human Condition III, The (Ningen no joken III)",1,5.0
26059,When a Woman Ascends the Stairs (Onna ga kaidan wo agaru toki),1,4.5
26048,"Human Condition II, The (Ningen no joken II)",1,4.5
1427,Turbulence,1,1.0
1426,Zeus and Roxanne,1,1.0
1423,Hearts and Minds,1,4.0
66427,My Name Is Bruce,1,3.0
66335,Afro Samurai: Resurrection,1,2.5
66320,"11th Hour, The",1,4.0
25946,"Three Musketeers, The",1,3.5
25940,"Lady from Shanghai, The",1,3.5
25927,"Stranger, The",1,3.0
25923,Great Expectations,1,3.5
25906,Mr. Skeffington,1,5.0
1412,Some Mother's Son,1,3.5
1398,In Love and War,1,2.5
67888,Man on the Flying Trapeze,1,4.5
67799,The Butterfly Effect 3: Revelations,1,0.5
67618,Strictly Sexual,1,5.0
67508,"Baader Meinhof Komplex, Der",1,4.0
67361,Echelon Conspiracy,1,2.0
67193,Duplicity,1,2.5
67168,Dance of the Dead,1,3.5
66915,Rock-A-Doodle,1,2.0
66544,Nuremberg,1,4.0
68552,Crossing Over,1,2.0
68536,Stanley Kubrick: A Life in Pictures,1,4.0
68522,Earth,1,3.5
68480,Flatfoot on the Nile (Piedone d'Egitto),1,1.5
68444,"Great Buck Howard, The",1,3.5
68347,Sin Nombre,1,4.0
26038,Teacher's Pet,1,4.0
26003,Night and Fog (Nuit et brouillard),1,4.5
26002,Confidential Report,1,3.5
25999,The Wild One,1,3.5
25996,"Star Is Born, A",1,3.5
25963,"Young and the Damned, The (Olvidados, Los)",1,4.0
25962,King Solomon's Mines,1,3.0
25959,Annie Get Your Gun,1,2.5
25952,"Letter to Three Wives, A",1,4.0
25947,Unfaithfully Yours,1,5.0
69118,In the Electric Mist,1,1.5
68886,I Do: How to Get Married and Stay Single (Prête-moi ta main),1,4.0
68872,Paisan (Paisà),1,4.0
68835,Were the World Mine,1,3.5
25905,"Miracle of Morgan's Creek, The",1,3.5
25887,Tales of Manhattan,1,5.0
25870,Here Comes Mr. Jordan,1,3.5
25865,"Letter, The",1,4.0
25834,Captains Courageous,1,4.0
25833,Camille,1,4.0
25826,Libeled Lady,1,3.5
25805,"Atalante, L'",1,4.5
25797,Gold Diggers of 1933,1,3.5
68650,Powder Blue,1,2.0
68600,Balls Out: Gary the Tennis Coach,1,2.0
68597,Scorpio,1,4.0
69131,Killshot,1,2.5
8998,That's Entertainment,1,4.0
8989,Damn Yankees!,1,3.5
8987,Bush's Brain,1,3.0
8979,Guerrilla: The Taking of Patty Hearst,1,4.0
8964,Callas Forever,1,3.0
25795,Dinner at Eight,1,3.5
25782,Boudu Saved From Drowning (Boudu sauvé des eaux),1,0.5
25773,Little Caesar,1,4.0
25769,"Steamboat Bill, Jr.",1,4.5
25757,"Jazz Singer, The",1,4.0
25753,Greed,1,4.0
25752,"Freshman, The",1,4.0
25746,"Hunchback of Notre Dame, The",1,3.0
9008,"Invisible Man Returns, The",1,2.5
9004,D.A.R.Y.L.,1,2.0
2512,"Ballad of Narayama, The (Narayama bushiko)",1,5.0
8955,Undertow,1,3.0
8954,Lightning in a Bottle,1,4.0
8952,Falling Angels,1,3.5
8938,Tarnation,1,4.0
8934,Bebe's Kids,1,1.0
8933,"Decline of the American Empire, The (Déclin de l'empire américain, Le)",1,4.0
69495,Breakfast with Scot,1,3.5
69469,Garfield's Pet Force,1,5.0
69394,"Stoning of Soraya M., The",1,4.5
69304,Imagine That,1,4.0
69251,Special,1,3.5
69227,Ernest Rides Again,1,1.0
69224,Marius and Jeanette (Marius et Jeannette),1,4.0
69211,Boy Eats Girl,1,5.0
69140,Sweeney Todd,1,4.0
70208,"Perfect Getaway, A",1,4.0
70206,"Collector, The",1,3.5
70015,Polytechnique,1,1.5
69988,Humpday,1,2.5
69953,9to5: Days in Porn (a.k.a. 9 to 5: Days in Porn),1,3.5
69904,Open Water 2: Adrift,1,2.5
69860,Eichmann,1,5.0
69746,Watchmen: Tales of the Black Freighter,1,3.5
69720,Hood of Horror,1,4.5
1349,Vampire in Venice (Nosferatu a Venezia) (Nosferatu in Venice),1,5.0
1337,"Body Snatcher, The",1,4.5
1336,Body Parts,1,1.0
69712,My Sister's Keeper,1,4.0
69685,Daria: Is It College Yet?,1,1.0
69654,Prison Break: The Final Break,1,3.5
2516,Children of the Corn III,1,1.0
8911,Raise Your Voice,1,5.0
8905,1492: Conquest of Paradise,1,2.5
8894,Orca: The Killer Whale,1,1.5
8875,"Come Back, Little Sheba",1,4.0
8844,Camera Buff (Amator),1,3.0
8840,Who's That Knocking at My Door?,1,1.0
2544,"School of Flesh, The (École de la chair, L')",1,3.0
2538,Dancemaker,1,1.0
8921,"Rose Tattoo, The",1,3.5
8920,"Country Girl, The",1,3.5
8918,Eulogy,1,3.0
8915,Stage Beauty,1,3.5
70492,Winds of the Wasteland,1,3.5
70451,Max Manus,1,5.0
70334,Hannah Montana: The Movie,1,3.5
70301,Obsessed,1,3.5
1331,Audrey Rose,1,2.0
70990,If These Walls Could Talk,1,2.5
8804,"Story of Women (Affaire de femmes, Une)",1,5.0
8800,Code 46,1,4.5
2577,Metroland,1,3.0
2573,Tango,1,1.0
2559,"King and I, The",1,3.0
2557,I Stand Alone (Seul contre tous),1,4.5
8831,Suspect Zero,1,3.5
70932,My Life in Ruins,1,2.0
70708,Tetro,1,4.5
70703,Christopher Columbus: The Discovery,1,2.0
70697,G-Force,1,3.5
70663,"I Love You, Beth Cooper",1,2.5
70637,I Can't Think Straight,1,4.0
70545,"Deal, The",1,2.0
71268,Tyler Perry's I Can Do Bad All by Myself,1,5.0
71160,"Hunt For Gollum, The",1,3.0
71147,Death of a Cyclist (Muerte de un ciclista),1,3.0
71129,Green Lantern: First Flight,1,3.5
8795,Musa the Warrior (Musa),1,4.5
8774,Sherlock Holmes: The Woman in Green,1,3.5
8773,Sherlock Holmes and the Secret Weapon,1,3.0
8772,"Spy Who Came in from the Cold, The",1,0.5
8771,Sherlock Holmes: Terror by Night,1,3.0
8755,My Voyage to Italy (Il mio viaggio in Italia),1,3.0
8754,"Prime of Miss Jean Brodie, The",1,4.0
8753,Unprecedented: The 2000 Presidential Election,1,3.5
8738,"Woman Is a Woman, A (femme est une femme, Une)",1,5.0
8727,"Day of the Locust, The",1,2.0
71108,"White Ribbon, The (Das weiße Band)",1,4.5
1335,Blood Beach,1,1.0
71438,Still Walking (Aruitemo aruitemo),1,1.0
8720,"Super, The",1,2.0
8714,Night and Day,1,2.5
8713,"New Adventures of Pippi Longstocking, The",1,3.0
8712,My Favorite Wife,1,3.0
8711,Mr. Blandings Builds His Dream House,1,3.0
8690,Slaughterhouse-Five,1,4.0
8685,"Miracle of Marcelino, The (Marcelino pan y vino)",1,3.5
8684,"Man Escaped, A (Un  condamné à mort s'est échappé ou Le vent souffle où il veut)",1,3.5
8670,"Testament of Dr. Mabuse, The (Das Testament des Dr. Mabuse)",1,4.0
8667,A Home at the End of the World,1,3.5
8650,Long Day's Journey Into Night,1,3.5
8632,Secret Society,1,0.5
71341,Blood Creek (a.k.a. Town Creek),1,3.0
71327,Bright Star,1,3.5
71302,Attack of the 50 Foot Woman,1,4.5
71970,"Princess and the Pirate, The",1,4.0
71910,"Tournament, The",1,2.5
71902,Spread,1,3.5
71867,"Misfortunates, The (De helaasheid der dingen)",1,3.0
71810,Legionnaire,1,0.5
71640,Burma VJ: Reporting from a Closed Country (Burma VJ: Reporter i et lukket land),1,3.5
71619,Coco Before Chanel (Coco avant Chanel),1,4.0
71550,Assassination of a High School President,1,1.0
1318,Blue Juice,1,2.0
1310,Hype!,1,5.0
71500,Trick 'r Treat,1,2.5
71494,"Haunted World of El Superbeasto, The",1,3.5
71484,Metropia,1,2.5
71468,Ink,1,3.5
71466,City Island,1,4.0
71453,"Blood of the Beasts (Sang des bêtes, Le)",1,4.0
8591,"Philadelphia Experiment, The",1,3.5
8588,Killing Me Softly,1,4.0
8587,Mayor of the Sunset Strip,1,3.5
8580,Into the Woods,1,5.0
8577,Comandante,1,4.0
8575,"Happenstance (Battement d'ailes du papillon, Le)",1,3.0
2612,Mildred Pierce,1,4.0
2611,"Winslow Boy, The",1,3.0
2609,"King of Masks, The (Bian Lian)",1,4.0
2590,Hideous Kinky,1,2.5
2589,Friends & Lovers,1,3.5
8626,Dr. Terror's House of Horrors,1,1.5
8617,Butterfield 8,1,3.0
8611,"Farmer's Daughter, The",1,3.5
72104,Balance,1,4.5
71999,Aelita: The Queen of Mars (Aelita),1,4.5
72696,Old Dogs,1,0.5
72694,Shrink,1,2.0
72692,Mickey's Once Upon a Christmas,1,5.0
72624,Garage,1,3.5
72603,Merry Madagascar,1,3.0
72601,Teenage Mutant Ninja Turtles: Turtles Forever,1,3.0
72591,"Patriot, The",1,3.5
72554,Cell 211 (Celda 211),1,4.5
72479,"Messenger, The",1,3.5
72424,Derailed,1,0.5
72330,"Private Lives of Pippa Lee, The",1,3.5
72178,Welcome to Dongmakgol,1,4.5
72165,Cirque du Freak: The Vampire's Assistant,1,2.0
72142,Love Exposure (Ai No Mukidashi),1,5.0
8601,Zero de conduite (Zero for Conduct) (Zéro de conduite: Jeunes diables au collège),1,4.0
8593,Juice,1,4.0
8494,"Cincinnati Kid, The",1,0.5
2632,"Saragossa Manuscript, The (Rekopis znaleziony w Saragossie)",1,4.0
2623,Trippin',1,1.0
2620,This Is My Father,1,3.0
8571,Bob & Carol & Ted & Alice,1,3.5
8535,De-Lovely,1,4.0
8534,Two Brothers (Deux frères),1,3.5
8532,"Door in the Floor, The",1,2.5
8518,Anna Christie,1,3.5
8512,Silent Movie,1,3.5
8511,"Immigrant, The",1,4.5
8502,Show Boat,1,3.0
8500,Godzilla vs. Mechagodzilla (Gojira tai Mekagojira),1,2.5
72919,Did You Hear About the Morgans?,1,3.0
72874,"Peacekeeper, The",1,1.0
72714,Earthlings,1,4.0
8450,Anthony Adverse,1,3.0
73804,Asterix at the Olympic Games (Astérix aux jeux olympiques),1,4.0
73741,Ninja,1,3.0
73681,"Concert, Le",1,3.0
73676,Robin-B-Hood (Bo bui gai wak),1,3.0
73515,Bart Got a Room,1,3.5
73501,Pekka ja Pätkä Suezilla,1,3.5
73499,MacGyver: Lost Treasure of Atlantis,1,3.5
73488,Blood: The Last Vampire,1,2.0
73431,"Maiden Heist, The",1,2.5
73386,Staten Island,1,1.5
73160,Sorority Babes in the Slimeball Bowl-O-Rama,1,2.5
1180,Hear My Song,1,3.0
72982,Alice,1,4.0
72921,Snow White,1,3.5
8495,Animal Factory,1,2.5
74095,Wicked City (Yôjû toshi),1,2.5
74089,Peter Pan,1,3.5
73876,Undisputed II: Last Man Standing,1,4.0
73858,"Dennis the Menace Christmas, A",1,1.5
73822,Meantime,1,5.0
73808,"Chaser, The (Chugyeogja)",1,3.0
8484,"Human Condition I, The (Ningen no joken I)",1,4.5
8481,Northwest Passage,1,3.0
8465,Johnny Eager,1,3.5
8463,Johnny Belinda,1,4.0
8462,Executive Suite,1,3.0
8461,Dragon Seed,1,3.5
8459,"Heiress, The",1,3.5
8458,To Each His Own,1,3.5
8456,Investigation of a Citizen Above Suspicion (Indagine su un cittadino al di sopra di ogni sospetto),1,4.0
8454,Luna Papa,1,3.5
74342,"Captain Newman, M.D.",1,4.5
8447,This Island Earth,1,1.0
8446,Sands of Iwo Jima,1,2.5
8427,Americathon,1,1.5
8426,Robot Carnival (Roboto kânibauru),1,4.0
8425,Meet the Applegates,1,2.0
8424,"Divorcee, The",1,4.0
8410,Suddenly,1,3.5
8402,Book of Love,1,2.0
8391,Big Wednesday,1,3.0
8385,Lover Come Back,1,3.0
8383,Hope Springs,1,1.0
8382,Hello Again,1,2.5
8380,Father Hood,1,2.5
8379,"Dresser, The",1,3.0
74226,"Dream of Light (a.k.a. Quince Tree Sun, The) (Sol del membrillo, El)",1,5.0
74696,Last Train Home,1,3.0
8378,"Doctor, The",1,4.0
8375,"Hunting of the President, The",1,2.5
8338,Black Narcissus,1,4.0
8336,"Major and the Minor, The",1,3.5
8335,Make Way for Tomorrow,1,3.5
8331,"Man Who Came to Dinner, The",1,4.0
8302,"Front Page, The",1,3.5
8293,Used People,1,3.5
74688,Dear John,1,3.5
74683,Mike Bassett: England Manager,1,4.0
74677,"Yes Men Fix the World, The",1,4.0
74647,Motherhood,1,1.0
74624,Agora,1,4.0
74580,"Spy Next Door, The",1,2.0
74370,"House of the Devil, The",1,4.0
1140,Entertaining Angels: The Dorothy Day Story,1,5.0
75947,Mondo Cane,1,2.0
75816,Women in Trouble,1,2.0
8275,College,1,3.5
2661,It Came from Outer Space,1,3.0
2659,It Came from Hollywood,1,2.0
2656,Tarantula,1,3.0
2655,Howling II: Your Sister Is a Werewolf,1,2.0
2652,"Curse of Frankenstein, The",1,3.0
2651,Frankenstein Meets the Wolf Man,1,1.0
8264,Grey Gardens,1,3.5
75803,Our Family Wedding,1,1.5
75446,Little Ashes,1,2.5
75416,Generation X,1,1.5
75389,"Burrowers, The",1,3.0
75341,Remember Me,1,4.0
77206,Diary of a Wimpy Kid,1,3.5
77201,Valhalla Rising,1,2.5
77177,Wild China,1,4.0
76763,"Runaways, The",1,3.5
76751,American Drug War: The Last White Hope,1,3.0
76743,Mortadelo & Filemon: The Big Adventure (La gran aventura de Mortadelo y Filemón),1,3.5
76738,Steam of Life (Miesten vuoro),1,3.5
76301,"Emperor's New Groove 2: Kronk's New Groove, The",1,4.5
76143,"Bone Man, The (Der Knochenmann)",1,4.5
76091,Mother (Madeo),1,5.0
76054,Oceans (Océans),1,4.0
76030,Case 39,1,0.5
1163,Mina Tannenbaum,1,1.0
1162,"Ruling Class, The",1,3.0
1156,"Children Are Watching Us, The (Bambini ci guardano, I)",1,3.5
1144,"Line King: The Al Hirschfeld Story, The",1,4.0
77667,MacGruber,1,3.0
77427,"Human Centipede, The (First Sequence)",1,0.5
77421,Cyrus,1,2.5
77414,"Last Song, The",1,3.5
8241,Masterminds,1,4.0
8239,Viridiana,1,4.0
8238,Little Murders,1,5.0
8236,While the City Sleeps,1,0.5
8232,I Love You Again,1,3.5
8225,Night of the Living Dead,1,4.0
8197,Hiroshima Mon Amour,1,4.0
8196,Beyond the Valley of the Dolls,1,3.5
8191,Anne of the Thousand Days,1,4.0
8190,"Americanization of Emily, The",1,4.0
77266,Disgrace,1,3.5
77233,"Union: The Business Behind Getting High, The",1,3.5
8188,Sansho the Bailiff (Sanshô dayû),1,3.5
8158,Rush,1,4.0
8153,Lust for Life,1,2.5
8147,Charly,1,4.0
8143,Lola Montès,1,3.5
8137,"Wasp Woman, The",1,0.5
8136,Indestructible Man,1,0.5
8131,Pursuit of Happiness,1,3.5
77931,Stingray Sam,1,4.0
77893,Merantau,1,4.0
77881,Lovers & Leavers (Kuutamolla),1,3.5
77846,12 Angry Men,1,5.0
77841,St Trinian's 2: The Legend of Fritton's Gold,1,2.0
77795,Cargo,1,3.5
77709,"Sky Crawlers, The (Sukai kurora)",1,2.5
77688,Three Men and a Cradle (3 hommes et un couffin),1,4.5
1116,"Single Girl, A (Fille seule, La)",1,4.0
1114,"Funeral, The",1,3.0
78626,Barking Dogs Never Bite (Flandersui gae),1,3.5
78620,"Scalphunters, The",1,4.5
78544,Ricky Gervais Live 3: Fame,1,3.0
78264,"Back-up Plan, The",1,3.0
78218,Unthinkable,1,3.0
78160,Ricky Gervais Live: Animals,1,3.5
1137,Hustler White,1,4.0
1121,Glory Daze,1,4.0
1119,Drunks,1,3.0
78142,Baarìa,1,4.5
78116,Please Give,1,3.5
78103,Shake Hands with the Devil,1,2.5
78034,Cemetery Junction,1,3.5
8189,Zazie dans le métro,1,3.0
7993,"Bucket Of Blood, A",1,2.5
7988,Space Truckers,1,2.0
7987,Dolls,1,2.5
7986,Robot Jox,1,1.0
7984,From Beyond,1,4.0
8126,Shock Corridor,1,3.5
8125,Sunrise: A Song of Two Humans,1,4.0
8118,Delta Force 2 (Delta Force 2: The Colombian Connection),1,4.0
8117,In China They Eat Dogs (I Kina spiser de hunde),1,4.0
8094,Bad Day at Black Rock,1,3.5
8093,Shiri (Swiri),1,3.5
8092,Frankenstein Unbound,1,3.0
8057,Sweet Bird of Youth,1,3.0
8045,Hamburger Hill,1,2.0
8043,Jack the Bear,1,1.5
8025,The Thief,1,4.5
79677,"Two Escobars, The",1,3.5
79590,"Rebound, The",1,2.5
79572,Ramona and Beezus,1,2.5
79536,Hellsinki (Rööperi),1,3.0
79501,Deadly Outlaw: Rekka (a.k.a. Violent Fire) (Jitsuroku Andô Noboru kyôdô-den: Rekka),1,4.0
79333,Watch Out for the Automobile (Beregis avtomobilya),1,4.0
79299,"No. 1 Ladies' Detective Agency, The",1,3.0
79259,Cherrybomb,1,2.5
79073,When You're Strange,1,4.0
79006,Empire of Dreams: The Story of the 'Star Wars' Trilogy,1,4.5
78959,Endgame,1,3.0
78746,Best Worst Movie,1,4.0
1117,"Eighth Day, The (Huitième jour, Le)",1,3.5
8019,Dark Water (Honogurai mizu no soko kara),1,4.0
8015,"Phantom Tollbooth, The",1,3.5
8010,"Power of One, The",1,4.0
7951,Nightbreed,1,2.0
7944,"Night of the Iguana, The",1,3.0
7943,"Killers, The",1,4.0
7940,The Magician,1,4.5
7939,Through a Glass Darkly (Såsom i en spegel),1,4.5
7938,Winter Light (Nattvardsgästerna),1,3.5
7936,Shame (Skammen),1,4.0
7926,High and Low (Tengoku to jigoku),1,4.0
7924,Stray Dog (Nora inu),1,3.5
7920,Desperate Living,1,3.5
80083,Dragon Ball Z: Dead Zone (Doragon bôru Z 1: Ora no Gohan wo kaese),1,4.0
79946,"Joneses, The",1,3.5
79897,Get Low,1,5.0
79895,"Extraordinary Adventures of Adèle Blanc-Sec, The",1,2.5
79868,Heartless,1,2.5
79684,Paper Man,1,4.0
7916,Gidget,1,3.5
7900,Frankenstein Must Be Destroyed,1,3.0
7899,Master of the Flying Guillotine (Du bi quan wang da po xue di zi),1,4.5
7896,Ride the High Country,1,3.5
7891,"Last Man on Earth, The (Ultimo uomo della Terra, L')",1,3.0
7882,The Plague of the Zombies,1,3.0
7879,Notorious C.H.O.,1,3.5
1040,"Secret Agent, The",1,3.0
1068,Crossfire,1,3.5
1054,Get on the Bus,1,2.0
1053,Normal Life,1,3.0
80162,"Horde, The (La Horde)",1,2.5
80124,Sisters (Syostry),1,5.0
80094,"Last Exorcism, The",1,4.0
7979,Monterey Pop,1,3.5
7976,Ken Park,1,4.5
7835,Song of the Thin Man,1,3.5
7833,Shadow of the Thin Man,1,3.5
7832,"Thin Man Goes Home, The",1,3.5
7831,Another Thin Man,1,3.5
7826,"Secret Life of Walter Mitty, The",1,3.5
7822,Mogambo,1,3.0
7815,True Stories,1,5.0
7811,Babylon 5: The River of Souls,1,4.0
80839,Secretariat,1,2.5
80834,Sintel,1,3.5
80748,Alice in Wonderland,1,4.0
80584,"Patrik Age 1.5 (Patrik 1,5)",1,4.0
80572,I'm Still Here,1,4.0
80553,Howl,1,3.5
80478,"Man Vanishes, A (Ningen Johatsu)",1,4.0
80454,Princess (Prinsessa),1,2.5
7745,"Scent of Green Papaya, The (Mùi du du xhan - L'odeur de la papaye verte)",1,4.0
7742,Baxter,1,0.5
7730,Matinee,1,3.0
7727,Protocol,1,3.0
7716,"Lonely Guy, The",1,3.5
7714,Camelot,1,4.0
7786,Genghis Blues,1,3.5
2665,Earth vs. the Flying Saucers,1,1.0
7781,Twister,1,1.5
7772,Undercurrent,1,3.5
81087,Luck by Chance,1,4.5
80917,Monsters,1,3.5
80864,You Will Meet a Tall Dark Stranger,1,3.5
80858,You Again,1,3.5
7843,Lammbock,1,4.5
7839,Love Crazy,1,3.5
1008,"Davy Crockett, King of the Wild Frontier",1,3.0
7713,Cat People,1,4.0
7708,Bedazzled,1,2.0
7707,"He Said, She Said",1,2.0
7704,"Delta Force, The",1,2.0
7702,"Bells of St. Mary's, The",1,3.5
7636,Raising Cain,1,0.5
993,Infinity,1,3.0
987,Bliss,1,3.0
81535,Saw VII 3D - The Final Chapter,1,4.5
81520,Undisputed III: Redemption,1,4.0
81512,Hereafter,1,4.0
81383,Heartbreaker (L'Arnacoeur),1,2.5
81257,In a Better World (Hævnen),1,3.5
81191,Waiting for 'Superman',1,4.0
7749,Weekend (a.k.a. Le Week-end) (Week End),1,4.0
82765,Little Big Soldier (Da bing xiao jiang),1,3.5
82744,Faster,1,5.0
82684,Trash Humpers,1,0.5
82641,"One-Armed Swordsman, The (Dubei dao)",1,3.0
82534,"Company Men, The",1,2.5
82527,Barney's Version,1,4.0
82366,Hatchet II,1,4.5
82152,Beastly,1,3.5
82095,Skyline,1,0.5
82093,London Boulevard,1,1.5
82088,Vincent Wants to Sea (Vincent will meer),1,3.0
81949,"Romantics, The",1,3.0
81831,"First Beautiful Thing, The (La prima cosa bella)",1,4.0
81791,Somewhere,1,3.0
81786,Certified Copy (Copie conforme),1,4.0
81681,I Shot Jesse James,1,2.0
83601,Amer,1,0.5
83480,Season of the Witch,1,3.5
83374,"Warrior's Way, The",1,3.5
83369,"Way Back, The",1,4.0
83270,Made in Dagenham,1,2.0
7620,Monster in a Box,1,4.0
7616,Body Double,1,2.5
7615,Desert Hearts,1,4.5
7572,Wit,1,4.5
7562,Dobermann,1,2.5
7561,Paperhouse,1,3.5
7560,Fail-Safe,1,4.0
83086,Burlesque,1,2.5
82857,Sweetgrass,1,4.5
82848,One Week,1,3.5
82767,Rabbit Hole,1,3.5
959,Of Human Bondage,1,3.5
956,Penny Serenade,1,4.0
84246,It Happened on Fifth Avenue,1,4.5
84240,Even the Rain (También la lluvia),1,4.0
7492,Martin,1,4.0
7487,Henry & June,1,4.0
7479,Watch on the Rhine,1,4.0
7477,Eye See You (D-Tox),1,2.5
7459,Carandiru,1,4.5
7457,Breakin' All the Rules,1,3.5
7455,"Mudge Boy, The",1,3.0
7443,This So-Called Disaster,1,3.5
84156,Happy People: A Year in the Taiga,1,4.5
83976,"Trip, The",1,4.0
83969,Down Argentine Way,1,5.0
83796,Anything for Her (Pour elle),1,2.5
84950,Take Me Home Tonight,1,2.5
84844,Brother 2 (Brat 2),1,4.5
84799,"Asphyx, The",1,4.5
84716,Castaway on the Moon (Kimssi pyoryugi),1,4.0
84696,Burke and Hare,1,4.0
84637,Gnomeo & Juliet,1,3.0
84553,Pekka ja Pätkä salapoliiseina,1,4.0
84523,Kill! (Kiru),1,3.0
84512,Girls About Town,1,5.0
84273,Zeitgeist: Moving Forward,1,5.0
982,Picnic,1,3.0
979,Nothing Personal,1,3.0
976,"Farewell to Arms, A",1,3.0
970,Beat the Devil,1,3.5
963,"Inspector General, The",1,3.0
961,Little Lord Fauntleroy,1,4.0
2742,Ménage (Tenue de soirée),1,1.0
2740,"Kindred, The",1,1.0
2738,Crimes of the Heart,1,4.0
2737,Assassination,1,4.0
7372,Ned Kelly,1,3.0
7368,Never Die Alone,1,3.5
2698,Zone 39,1,2.0
2697,My Son the Fanatic,1,3.5
2695,"Boys, The",1,2.0
7414,Going in Style,1,2.5
7411,Munchies,1,1.5
7394,Those Magnificent Men in Their Flying Machines,1,2.5
7390,Prey for Rock & Roll,1,1.5
7377,"United States of Leland, The",1,3.5
85025,"Eagle, The",1,2.0
84952,Confessions (Kokuhaku),1,4.0
7349,Broken Wings (Knafayim Shvurot),1,3.0
7345,Agent Cody Banks 2: Destination London,1,4.0
7344,"Wrong Arm of the Law, The",1,3.5
7336,"Damned, The (La Caduta degli dei)",1,3.5
7335,Pickup on South Street,1,4.0
7328,"Passion of Anna, The (Passion, En)",1,3.5
7326,"Reckoning, The",1,3.5
85334,Hard Ticket to Hawaii,1,0.5
85316,Winnie the Pooh and Tigger Too,1,3.5
85295,Scooby-Doo! Curse of the Lake Monster,1,5.0
85261,Mars Needs Moms,1,3.5
85259,Winnie the Pooh and the Honey Tree,1,4.0
85213,"Sunset Limited, The",1,4.0
2727,Killer's Kiss,1,3.0
2725,Twin Falls Idaho,1,2.0
2743,Native Son,1,3.0
2775,Head On,1,1.0
2774,Better Than Chocolate,1,3.0
2765,"Acid House, The",1,3.5
2757,Frances,1,3.5
2754,Deadtime Stories,1,1.0
2751,From the Hip,1,4.0
2744,Otello,1,4.0
7312,"Follow Me, Boys!",1,0.5
7308,King Solomon's Mines,1,2.5
86014,Diary of a Wimpy Kid: Rodrick Rules,1,3.5
86000,Boy,1,4.0
85438,Jane Eyre,1,3.0
85399,"Big Mommas: Like Father, Like Son",1,1.0
85394,Cave of Forgotten Dreams,1,3.0
7364,Intermission,1,4.0
7357,Peyton Place,1,3.5
7292,Best Defense,1,2.5
7282,"Hip Hop Witch, Da",1,1.0
7266,"Lost Skeleton of Cadavra, The",1,4.0
7264,An Amazing Couple,1,4.0
7262,Catch That Kid,1,2.0
7260,Latter Days,1,3.5
7251,Where the Day Takes You,1,4.0
929,Foreign Correspondent,1,3.5
86286,Daffy Duck's Quackbusters,1,2.0
86279,Into Eternity,1,3.5
86237,Connections,1,5.0
86068,Films to Keep You Awake: The Christmas Tale (Películas para no dormir: Cuento de navidad),1,0.5
86066,Playing the Victim (Izobrazhaya zhertvu),1,4.0
86028,Henry's Crime,1,2.0
7306,"Herod's Law (Ley de Herodes, La)",1,3.0
7304,Allegro non troppo,1,4.0
7248,"Suriyothai (a.k.a. Legend of Suriyothai, The)",1,3.5
7245,Tormented,1,1.0
7243,Intolerance: Love's Struggle Throughout the Ages,1,3.5
7238,Ashes and Diamonds (Popiól i diament),1,4.0
7223,D.O.A.,1,2.5
7219,They Drive by Night,1,4.0
7218,"Ox-Bow Incident, The",1,4.5
7217,Dark Passage,1,4.0
86864,Mothra (Mosura),1,3.0
86815,Soul Surfer,1,3.5
86721,Idiots and Angels,1,5.0
86668,Louis Theroux: Law & Disorder,1,5.0
86593,African Cats,1,2.5
86487,Mildred Pierce,1,4.5
86355,Atlas Shrugged: Part 1,1,2.0
7302,"Thief of Bagdad, The",1,3.5
87287,American Grindhouse,1,4.0
7211,People Will Talk,1,3.5
7205,"Wind and the Lion, The",1,3.0
7202,Beyond Re-Animator,1,3.0
7191,Blame It on the Bellboy,1,2.0
7190,Jane Eyre,1,3.5
7184,This Property is Condemned,1,4.5
7181,Ship of Fools,1,3.5
7179,Wuthering Heights,1,2.5
7178,"Great Gatsby, The",1,3.0
7177,Osama,1,3.5
87197,Let the Bullets Fly,1,3.0
889,1-900 (06),1,4.0
87028,"Roommate, The",1,2.0
86960,Across the Hall,1,2.0
86922,Nothing to Declare (Rien à déclarer),1,4.0
875,Nothing to Lose,1,3.5
88179,One Day,1,3.5
7176,Crimson Gold (Talaye sorgh),1,3.5
7167,Japanese Story,1,3.0
7165,"Company, The",1,3.0
7141,My Flesh and Blood,1,4.0
2801,Oscar and Lucinda (a.k.a. Oscar & Lucinda),1,4.5
2800,Little Nemo: Adventures in Slumberland,1,2.5
2824,On the Ropes,1,5.0
2820,Hamlet,1,4.0
88108,Monte Carlo,1,3.0
88094,Upside Down: The Creation Records Story,1,3.0
88069,Delhi Belly,1,4.0
87960,Between the Folds,1,3.0
87834,My Life as McDull (Mak dau goo si),1,5.0
87660,Too Big to Fail,1,4.5
88448,Paper Birds (Pájaros de papel),1,5.0
2813,"Source, The",1,1.0
2812,In Too Deep,1,3.0
2856,I Saw What You Did,1,3.0
2852,"Soldier's Story, A",1,4.0
2848,"Othello (Tragedy of Othello: The Moor of Venice, The)",1,4.0
2839,West Beirut (West Beyrouth),1,4.0
2837,Bedrooms & Hallways,1,3.0
2835,Chill Factor,1,1.0
7134,"Element of Crime, The (Forbrydelsens Element)",1,4.0
7131,"Summer Place, A",1,3.0
88345,Mike's New Car,1,4.0
88327,"New One-Armed Swordsman, The (Xin du bi dao)",1,3.0
88267,Winnie the Pooh,1,3.0
882,"Trigger Effect, The",1,2.0
876,Supercop 2 (Project S) (Chao ji ji hua),1,5.0
7088,Black Orpheus (Orfeu Negro),1,4.0
7086,Pygmalion,1,3.5
7083,Sweet Dreams,1,3.0
7127,Run,1,3.5
7125,Spring Forward,1,2.0
7122,King of Hearts,1,5.0
7114,"Collector, The",1,0.5
7109,Beyond the Clouds (Al di là delle nuvole),1,3.0
7103,Madhouse,1,3.5
89047,Hesher,1,4.0
89039,Another Earth,1,4.5
88932,Final Destination 5,1,4.5
88911,My Afternoons with Margueritte (La tête en friche),1,3.0
88697,SUBWAYStories: Tales from the Underground,1,2.5
88593,"Yellow Sea, The (a.k.a. The Murderer) (Hwanghae)",1,2.5
88515,Blitz,1,3.0
89837,Kill List,1,4.5
89678,Northanger Abbey,1,4.0
89586,Phineas and Ferb the Movie: Across the 2nd Dimension,1,3.5
89580,Neds,1,4.0
89427,Shark Night 3D,1,1.5
89388,I Don't Know How She Does It,1,1.5
89386,Pearl Jam Twenty,1,0.5
89343,Red State,1,3.0
824,Kaspar Hauser,1,4.0
823,"Collector, The (La collectionneuse)",1,3.5
89281,Birdemic: Shock and Terror,1,3.5
89208,Walled In,1,3.5
89090,Bill Cunningham New York,1,4.5
89085,"Debt, The",1,2.5
89072,Stake Land,1,4.0
7096,Rivers and Tides,1,5.0
90353,Beautiful Boy,1,4.0
90245,Antonio Gaudí,1,4.0
90243,Three Outlaw Samurai (Sanbiki no samurai),1,3.5
7075,"Court Jester, The",1,3.5
7074,"Navigator, The",1,3.5
7073,"Shot in the Dark, A",1,2.5
7071,"Woman Under the Influence, A",1,5.0
7070,Red River,1,4.0
7065,"Birth of a Nation, The",1,2.0
7062,Birdman of Alcatraz,1,4.0
7061,Dark Victory,1,4.0
7058,Life with Father,1,3.5
7057,"Midsummer Night's Dream, A",1,3.5
89945,BlinkyTM,1,3.0
89898,Generation P,1,3.5
89862,Bellflower,1,3.5
90524,Abduction,1,3.5
90428,Margaret,1,3.0
90384,Behind Enemy Lines II: Axis of Evil,1,2.0
7055,Swing Time,1,4.0
7053,Roberta,1,4.0
7052,Mary of Scotland,1,3.0
7049,Flying Down to Rio,1,3.0
7047,Year of the Dragon,1,2.5
7041,Trapped in Paradise,1,2.5
7040,To Live and Die in L.A.,1,2.5
7038,Things You Can Tell Just by Looking at Her,1,4.0
7037,High Heels (Tacones lejanos),1,4.5
90357,Tyrannosaur,1,3.5
806,American Buffalo,1,1.5
803,Walking and Talking,1,4.0
791,"Last Klezmer: Leopold Kozlowski, His Life and Music, The",1,4.0
90809,Tomboy,1,3.0
90769,Starsuckers,1,4.0
90738,"Double, The",1,1.5
7012,Mr. Destiny,1,3.0
7005,King Ralph,1,1.5
6998,House of Cards,1,2.0
7032,Revenge,1,4.0
7031,"Real McCoy, The",1,4.0
2876,Thumbelina,1,2.0
2865,Sugar Town,1,4.0
2862,Caligula,1,1.0
7023,"Wedding Banquet, The (Xi yan)",1,4.5
90719,J. Edgar,1,2.5
90630,Miss Representation,1,3.5
90576,What's Your Number?,1,4.5
90528,This Must Be the Place,1,3.5
91266,Another Cinderella Story,1,2.5
91261,Hipsters (Stilyagi),1,3.5
91233,Lifted,1,4.0
6990,The Great Train Robbery,1,3.5
2892,New Rose Hotel,1,1.0
2887,Simon Sez,1,1.0
2885,Guinevere,1,2.0
2884,Dog Park,1,2.0
6986,Ben-Hur: A Tale of the Christ,1,3.0
6984,"Tale of Two Cities, A",1,4.0
790,"Unforgettable Summer, An (Un été inoubliable)",1,2.0
775,Spirits of the Dead,1,3.0
773,Touki Bouki,1,3.5
90945,"Sign of Four, The",1,3.0
90943,Into the Abyss,1,5.0
90863,George Harrison: Living in the Material World,1,4.0
91483,Bullet to the Head,1,1.5
6983,Jane Eyre,1,5.0
6982,Forbidden Games (Jeux interdits),1,3.5
6973,Final Analysis,1,2.5
6971,Europa (Zentropa),1,4.0
6969,"Dernier Combat, Le (Last Battle, The)",1,4.5
6967,Dead of Night,1,0.5
6965,Journeys with George,1,3.5
6962,OT: Our Town,1,3.5
6961,Damage (Fatale),1,4.0
91414,Arthur Christmas,1,0.5
757,Ashes of Time (Dung che sai duk),1,4.0
91386,Happy Feet Two,1,5.0
91355,Asterix and the Vikings (Astérix et les Vikings),1,5.0
91337,Play the Game,1,4.0
91273,Bunraku,1,1.5
91890,"Iron Lady, The",1,3.0
91873,Joyful Noise,1,1.5
6949,"Big Empty, The",1,3.5
6948,Tupac: Resurrection,1,4.0
6939,Gloomy Sunday (Ein Lied von Liebe und Tod),1,4.0
6938,Billabong Odyssey,1,4.0
6935,"Revolution Will Not Be Televised, The (a.k.a. Chavez: Inside the Coup)",1,4.0
6927,"Human Stain, The",1,4.0
6912,You'll Never Get Rich,1,3.5
6911,"Jolson Story, The",1,3.5
91869,Being Elmo: A Puppeteer's Journey,1,3.5
91860,"Way South, The (De weg naar het zuiden)",1,4.0
91784,Girl Walks Into a Bar,1,4.5
91688,Salvation Boulevard,1,1.5
91666,Last Holiday,1,4.0
91571,Coriolanus,1,2.5
6853,Campus Man,1,1.0
2898,"Dark Half, The",1,2.0
2897,And the Ship Sails On (E la nave va),1,4.0
2896,Alvarez Kelly,1,3.0
2894,Romance,1,4.0
2893,Plunkett & MaCleane,1,3.0
6899,Alien from L.A.,1,3.5
92243,"Flowers of War, The (Jin líng shí san chai)",1,4.5
92234,Red Tails,1,1.5
92198,Seeking Justice,1,2.0
92192,Apollo 18,1,2.0
92094,Einstein and Eddington,1,3.5
92046,Contact High,1,3.0
91981,Sacrifice (Zhao shi gu er),1,2.5
91947,"Revenant, The",1,4.5
91935,Albatross,1,2.5
92954,Prayers for Bobby,1,3.5
92760,"Atomic Brain, The",1,3.5
92730,Rollo and the Woods Sprite (Rölli ja metsänhenki),1,2.0
92681,Journey 2: The Mysterious Island,1,0.5
92674,Janie Jones,1,2.5
92665,"For a Good Time, Call...",1,2.5
92637,Pitfall (Otoshiana),1,3.5
92494,Dylan Moran: Monster,1,5.0
726,Last Dance,1,3.0
722,"Haunted World of Edward D. Wood Jr., The",1,4.0
92427,Woman in Love (Rubbeldiekatz),1,1.0
92348,Puss in Boots (Nagagutsu o haita neko),1,4.0
6886,Beyond Borders,1,3.5
6883,Sylvia,1,3.0
6882,Returner (Ritaanaa),1,2.5
6860,Mobsters,1,2.0
93320,Trailer Park Boys,1,5.0
93242,Gone,1,1.5
93208,Mickey's The Prince and the Pauper,1,2.0
93193,Red Hill,1,3.0
93139,Mega Shark vs. Crocosaurus,1,1.5
93134,"Women on the 6th Floor, The (Les Femmes du 6ème Étage)",1,3.5
2930,Return with Honor,1,3.5
6837,Love Affair,1,3.0
6836,"Amazing Transparent Man, The",1,3.5
6835,Alien Contamination,1,5.0
6821,More American Graffiti,1,3.0
6817,"White Hunter, Black Heart",1,3.0
93114,Ro.Go.Pa.G.,1,3.0
93040,"Civil War, The",1,4.0
93022,Miss Nobody,1,5.0
93008,"Very Potter Sequel, A",1,5.0
6788,Angie,1,2.0
6782,Leningrad Cowboys Go America,1,4.0
6775,Life and Debt,1,4.0
6772,To Be and to Have (Être et avoir),1,3.0
6769,Mambo Italiano,1,3.0
6816,Three O'Clock High,1,4.0
6814,City Heat,1,3.0
6809,Tightrope,1,3.0
6804,Crimewave,1,2.0
6803,Phenomena (a.k.a. Creepers),1,3.5
6797,Bugsy,1,3.0
6789,"Apartment, The (Appartement, L')",1,4.0
93610,Space Battleship Yamato,1,3.0
93598,"Snowtown (Snowtown Murders, The)",1,2.5
93512,"Jeff, Who Lives at Home",1,4.0
93502,"Ledge, The",1,2.5
2975,"Best Man, The",1,3.0
2974,Bats,1,2.5
2972,Red Sorghum (Hong gao liang),1,5.0
2969,"Man and a Woman, A (Un homme et une femme)",1,5.0
2965,"Omega Code, The",1,2.0
2964,Julien Donkey-Boy,1,1.0
6752,"Fighting Temptations, The",1,3.5
6751,Cold Creek Manor,1,2.5
94122,Comic-Con Episode IV: A Fan's Hope,1,2.0
94011,"Big Bang, The",1,1.5
93988,North & South,1,4.5
93982,"Raven, The",1,2.0
93855,God Bless America,1,4.5
93819,Absentia,1,3.5
93790,Detachment,1,4.0
93740,Salmon Fishing in the Yemen,1,1.5
6748,"Brood, The",1,3.0
6746,Squirm,1,2.0
6722,Once Upon a Time in China II (Wong Fei-hung Ji Yi: Naam yi dong ji keung),1,2.5
6718,Gotcha!,1,2.5
6715,Children of the Night,1,3.5
6706,Taking Sides,1,3.5
6705,Party Monster,1,2.5
94810,Eva,1,5.0
94799,Sound of My Voice,1,3.5
94735,Walking with Monsters,1,4.0
94661,Rocket Singh: Salesman of the Year,1,4.0
94494,96 Minutes,1,2.5
94325,"Lucky One, The",1,4.0
94262,"Atomic Submarine, The",1,3.0
94160,Dante's Inferno: An Animated Epic,1,3.0
6768,Luther,1,4.0
95199,What to Expect When You're Expecting,1,3.0
95193,Pocahontas II: Journey to a New World,1,2.0
95175,Front of the Class,1,5.0
95170,Beauty and the Beast: The Enchanted Christmas,1,4.0
95165,Dragon Ball Z the Movie: The World's Strongest (a.k.a. Dragon Ball Z: The Strongest Guy in The World) (Doragon bôru Z: Kono yo de ichiban tsuyoi yatsu),1,4.0
95163,Dragon Ball: Mystical Adventure (Doragon bôru: Makafushigi dai bôken),1,3.5
95149,Superman/Batman: Public Enemies,1,5.0
95145,Dragon Ball: The Curse Of The Blood Rubies (Doragon bôru: Shenron no densetsu),1,3.5
95135,Your Sister's Sister,1,4.0
95004,Superman/Doomsday,1,4.0
94931,Take This Waltz,1,3.5
94919,Inhale,1,2.5
706,Sunset Park,1,3.0
698,Delta of Venus,1,1.0
679,"Run of the Country, The",1,4.0
94867,"Pact, The",1,3.5
95473,Dragon Ball Z: The Return of Cooler (Doragon bôru Z 6: Gekitotsu! Hyakuoku pawâ no senshi),1,4.0
95313,Jack-Jack Attack,1,4.5
95311,Presto,1,5.0
95218,First Position,1,3.5
6699,Once Upon a Time in the Midlands,1,3.0
6696,Bollywood/Hollywood,1,2.5
2992,Rawhead Rex,1,3.5
2984,On Any Sunday,1,4.5
2983,"Ipcress File, The",1,4.0
2982,"Guardian, The",1,2.0
2979,Body Shots,1,3.0
6692,Stoked: The Rise and Fall of Gator,1,2.0
6691,Dust,1,2.5
6689,"Battle of Shaker Heights, The",1,4.0
6688,Autumn Spring (Babí léto),1,3.5
95201,To Rome with Love,1,3.0
95633,Spirit Camp,1,4.5
95624,"Firm, The",1,3.0
6654,Atragon (Kaitei Gunkan),1,3.5
6644,"Green Ray, The (Rayon vert, Le)",1,4.0
6628,Hot Dog... The Movie,1,2.0
6611,Umberto D.,1,5.0
6679,Revolution OS,1,4.0
6678,"Handmaid's Tale, The",1,3.5
6671,"Angel at My Table, An",1,4.0
6667,Waco: The Rules of Engagement,1,3.5
6665,Dracula,1,4.5
6660,"Red Shoes, The",1,3.5
6656,Attack of the Puppet People,1,4.0
95519,Dragon Ball Z: Bojack Unbound (Doragon bôru Z 9: Ginga girigiri!! Butchigiri no sugoi yatsu),1,4.0
95508,Cleanskin,1,3.5
95499,Dragon Ball Z: Broly - The Legendary Super Saiyan (Doragon bôru Z 8: Moetsukiro!! Nessen retsusen-chô gekisen),1,4.0
96084,Hands Over the City (Le mani sulla città),1,4.5
96007,Dragon Ball GT: A Hero's Legacy (Doragon bôru GT: Gokû gaiden! Yûki no akashi wa sû-shin-chû),1,2.0
95965,Dragon Ball Z: Bardock - The Father of Goku (Doragon bôru Z: Tatta hitori no saishuu kessen - Furiiza ni itonda Z senshi Kakarotto no chichi),1,4.0
95949,"Immature, The (Immaturi)",1,3.5
95939,"Angels' Share, The",1,4.0
95843,Goodbye Charlie,1,5.0
95839,"Christmas Carol, A",1,3.0
95796,Anaconda: The Offspring,1,0.5
95780,Dragon Ball Z: Bio-Broly (Doragon bôru Z 11: Sûpâ senshi gekiha! Katsu no wa ore da),1,4.0
95771,Dragon Ball Z: Broly Second Coming (Doragon bôru Z 10: Kiken na futari! Sûpâ senshi wa nemurenai),1,4.0
95761,Killer Joe,1,4.5
95744,2 Days in New York,1,2.5
95738,"Adventures of Mary-Kate and Ashley, The: The Case of the Christmas Caper",1,3.0
649,Cold Fever (Á köldum klaka),1,3.0
95717,Treasure Island,1,2.0
95690,Some Guy Who Kills People,1,4.5
96373,Broken,1,4.5
96283,Diary of a Wimpy Kid: Dog Days,1,3.0
6609,"Gospel According to St. Matthew, The (Vangelo secondo Matteo, Il)",1,3.5
6604,Hawks and Sparrows (Uccellacci e Uccellini),1,4.0
6603,"Double Life, A",1,2.5
6598,Step Into Liquid,1,3.5
3014,Bustin' Loose,1,2.0
3013,Bride of Re-Animator,1,4.0
3010,Rosetta,1,4.0
3008,Last Night,1,4.0
3002,My Best Fiend (Mein liebster Feind),1,4.0
6597,"Princess Blade, The (Shura Yukihime)",1,3.0
6596,"Divorce, Le",1,3.5
96150,"Queen of Versailles, The",1,2.0
96121,Hope Springs,1,1.0
96114,Brake,1,2.0
6592,"Secret Lives of Dentists, The",1,4.0
6588,And Now... Ladies and Gentlemen...,1,4.0
6587,Gigli,1,1.5
6583,"Blood of Heroes, The (Salute of the Jugger, The)",1,4.0
6578,"Kiss Me, Stupid",1,3.5
6574,Eve of Destruction,1,1.0
6573,Avanti!,1,4.0
6571,"Mondays in the Sun (Lunes al sol, Los)",1,4.0
96567,"Words, The",1,4.0
96563,Paradise Lost 3: Purgatory,1,4.0
96530,Conception,1,2.5
96520,Prime Suspect: The Lost Child,1,2.0
96518,Prime Suspect 6: The Last Witness,1,3.0
96471,Prime Suspect 3,1,3.0
96430,"Odd Life of Timothy Green, The",1,5.0
96411,6 Days to Air: The Making of South Park,1,4.0
636,Frisk,1,3.0
633,Denise Calls Up,1,5.0
632,Land and Freedom (Tierra y libertad),1,4.0
626,"Thin Line Between Love and Hate, A",1,5.0
618,Two Much,1,3.0
97194,"Thing: Terror Takes Shape, The",1,1.0
97188,Sinister,1,4.0
97024,Rust and Bone (De rouille et d'os),1,0.5
96975,LOL,1,3.5
96964,"Tall Man, The",1,1.5
96945,Love Lasts Three Years (L'amour dure trois ans),1,3.5
96935,My Left Eye Sees Ghosts (Ngo joh aan gin diy gwai),1,5.0
96917,House at the End of the Street,1,4.0
96832,Holy Motors,1,5.0
96726,Lola Versus,1,1.5
96608,Runaway Brain,1,5.0
97757,'Hellboy': The Seeds of Creation,1,4.0
97742,Alex Cross,1,1.5
97701,Paranormal Activity 4,1,3.0
97665,Asterix & Obelix: God Save Britannia (Astérix et Obélix: Au service de Sa Majesté),1,2.5
97328,Liberal Arts,1,3.0
97285,Take Aim at the Police Van (Sono gosôsha wo nerae: 'Jûsangô taihisen' yori),1,3.5
6563,Masked & Anonymous,1,2.5
6561,"Mouse That Roared, The",1,3.0
6560,Loose Cannons,1,2.0
6557,Born to Be Wild,1,0.5
6553,"Embalmer, The (Imbalsamatore, L')",1,4.0
6551,"Anarchist Cookbook, The",1,4.0
6545,I Capture the Castle,1,4.5
6542,"Cuckoo, The (Kukushka)",1,3.5
97230,Side by Side,1,3.0
638,Jack and Sarah,1,3.0
97950,"Man with the Iron Fists, The",1,2.5
97936,Anna Karenina,1,3.0
97904,Smashed,1,4.0
97870,"Sessions, The (Surrogate, The)",1,4.0
3021,"Funhouse, The",1,2.0
6533,"What's Up, Doc?",1,4.5
6528,Start the Revolution Without Me,1,2.0
6527,Scaramouche,1,3.0
6516,Anastasia,1,3.5
6515,You Only Live Once,1,4.5
6514,Ring of Terror,1,0.5
615,Bread and Chocolate (Pane e cioccolata),1,3.0
602,"Great Day in Harlem, A",1,4.0
600,Love and a .45,1,4.0
97858,Mental,1,2.0
97785,Silent Hill: Revelation 3D,1,3.0
98607,Redline,1,4.5
98604,From Up on Poppy Hill (Kokuriko-zaka kara),1,4.5
98503,Half a Loaf of Kung Fu (Dian zhi gong fu gan chian chan),1,3.0
98361,Byzantium,1,4.0
98296,Deadfall,1,1.5
6510,"Bodies, Rest & Motion",1,3.0
6506,Fulltime Killer (Chuen jik sat sau),1,3.5
6493,Alex and Emma,1,2.0
3043,Meatballs 4,1,1.0
6480,Thoroughly Modern Millie,1,3.0
6477,"Song of Bernadette, The",1,3.0
98230,10 Years,1,3.5
98175,Vamps,1,1.5
98160,Nature Calls,1,1.5
98061,Himizu,1,3.5
97988,"Bay, The",1,2.5
99005,Fire with Fire,1,1.5
98908,How to Make Love to a Woman,1,1.5
98836,Hyde Park on Hudson,1,2.0
98799,"Liar's Autobiography: The Untrue Story of Monty Python's Graham Chapman, A",1,2.5
98697,"Money Money Money (L'aventure, c'est l'aventure)",1,2.5
6476,Shattered,1,3.0
6465,Jubilee,1,3.0
6454,Music Box,1,3.5
6453,Man of Aran,1,3.5
6452,"Long, Hot Summer, The",1,4.0
6449,From the Terrace,1,3.0
6434,"Objective, Burma!",1,3.0
6429,Winchester '73,1,4.0
98633,My Lucky Stars (Fuk sing go jiu),1,3.5
583,Dear Diary (Caro Diario),1,4.0
579,"Escort, The (Scorta, La)",1,3.0
100068,Comme un chef,1,3.5
100044,Human Planet,1,4.0
99992,Shadow Dancer,1,3.0
99853,Codependent Lesbian Space Alien Seeks Same,1,4.0
99846,Everything or Nothing: The Untold Story of 007,1,3.0
99750,"Iceman, The",1,3.5
99721,Texas Chainsaw 3D,1,1.5
99638,Fish Story (Fisshu sutôrî),1,3.0
99636,English Vinglish,1,5.0
99574,Promised Land,1,3.0
99415,Parental Guidance,1,2.0
99191,Campfire Tales,1,4.0
99130,Ice Cream Man,1,3.5
99122,I Bought a Vampire Motorcycle,1,3.5
99087,Playing for Keeps,1,3.0
99030,Wrong,1,4.0
100277,Tabu,1,4.0
100226,Why Stop Now,1,1.5
100194,Jim Jefferies: Fully Functional (EPIX),1,4.5
6427,"Railway Children, The",1,4.0
6424,Oscar,1,1.0
6422,Shenandoah,1,4.0
6417,Live Wire,1,4.0
6415,Intervista,1,4.0
6408,Animals are Beautiful People,1,5.0
6407,"Walk, Don't Run",1,2.0
6402,Siam Sunset,1,5.0
6400,Murder on a Sunday Morning (Un coupable idéal),1,3.5
6395,"Crazies, The (a.k.a. Code Name: Trixie)",1,3.5
6390,Silk Stockings,1,3.5
100159,Sightseers,1,4.5
100106,"Pervert's Guide to Ideology, The",1,3.5
100843,Oh Boy (A Coffee in Berlin),1,3.5
100737,Snitch,1,3.5
100579,Universal Soldier: Day of Reckoning,1,4.0
100556,"Act of Killing, The",1,5.0
6386,Nevada Smith,1,4.0
6382,Together (Han ni Zai Yiki),1,3.0
6371,Pokémon Heroes,1,0.5
6358,Kiss Me Kate,1,3.5
6347,Beat Street,1,1.0
100527,Safe Haven,1,4.0
100487,Beautiful Creatures,1,2.0
100397,"ABCs of Death, The",1,3.5
100326,Stand Up Guys,1,2.5
100306,Angst,1,3.5
100304,"Liability, The",1,3.0
100302,Upside Down,1,3.0
6295,Chasing Papi (a.k.a. Papi Chulo),1,2.0
6289,Ghosts of the Abyss,1,3.5
6329,Manic,1,3.0
6316,"Wiz, The",1,2.0
6310,Memories of Me,1,2.5
6302,Beginning of the End,1,1.0
6344,101 Reykjavik (101 Reykjavík),1,3.5
6342,"Trip, The",1,2.0
3073,"Sandpiper, The",1,5.0
3057,Where's Marlowe?,1,4.0
3056,Oxygen,1,4.0
6336,Marooned in Iraq (Gomgashtei dar Aragh),1,3.0
101074,"Legend of Sleepy Hollow, The",1,2.0
101072,"Unintentional Kidnapping of Mrs. Elfriede Ott, The (Die Unabsichtliche Entführung der Frau Elfriede Ott)",1,2.5
101070,Wadjda,1,2.5
100906,Maniac Cop 2,1,5.0
102025,Yongary: Monster from the Deep,1,0.5
102007,"Invincible Iron Man, The",1,3.0
6285,Levity,1,4.0
6279,"Good Thief, The",1,4.0
6273,In a Lonely Place,1,3.5
6271,Day for Night (La Nuit Américaine),1,2.0
6267,Assassination Tango,1,2.0
6251,Piglet's Big Movie,1,2.0
101973,Disconnect,1,1.5
101895,42,1,4.0
101884,Dark Tide,1,1.5
101531,Phil Spector,1,2.0
101529,"Brass Teapot, The",1,2.0
101423,Mezzo Forte,1,3.0
101360,"Call, The",1,1.5
3086,Babes in Toyland,1,5.0
102088,"Grandmaster, The (Yi dai zong shi)",1,2.0
102084,Justice League: Doom,1,5.0
102070,Grabbers,1,3.0
102066,Resolution,1,4.0
6246,Talent for the Game,1,4.0
6245,Sweet Charity,1,3.5
3112,'night Mother,1,3.0
3106,Come See the Paradise,1,1.0
3096,My Man Godfrey,1,5.0
6241,Pauline at the Beach (Pauline à la Plage),1,4.0
6237,"Glenn Miller Story, The",1,4.0
6234,Equus,1,3.5
6232,Born Free,1,4.0
573,"Ciao, Professore! (Io speriamo che me la cavo)",1,3.5
563,Germinal,1,4.0
102058,Hulk Vs.,1,3.0
102823,As I Was Moving Ahead Occasionally I Saw Brief Glimpses of Beauty,1,3.5
102819,Behind the Candelabra,1,3.0
102802,"Lords of Salem, The",1,2.5
102800,Frances Ha,1,2.5
102760,Down Terrace,1,4.0
102749,Captain America II: Death Too Soon,1,0.5
102747,"Rink, The",1,3.5
102742,Tie Xi Qu: West of the Tracks (Tiexi qu),1,4.0
102735,Captain America,1,0.5
102666,Ivan Vasilievich: Back to the Future (Ivan Vasilievich menyaet professiyu),1,4.5
102602,Mimino,1,4.0
102590,Darkon,1,3.0
102338,Shaolin Temple (Shao Lin si),1,4.5
102278,Pawn,1,2.0
102217,Bill Hicks: Revelations,1,5.0
102165,"English Teacher, The",1,2.0
103171,Schlussmacher,1,1.0
6192,Open Hearts (Elsker dig for evigt),1,5.0
3143,Hell in the Pacific,1,3.0
3132,Daddy Long Legs,1,2.0
3125,"End of the Affair, The",1,4.0
6228,"Talk of the Town, The",1,4.0
6225,King of Kings,1,3.0
6222,Prozac Nation,1,3.0
6210,Volcano High (Whasango),1,3.0
6204,"Meteor Man, The",1,2.5
6202,Late Marriage (Hatuna Meuheret),1,3.5
6201,Lady Jane,1,5.0
103085,Rapture-Palooza,1,3.0
103027,Much Ado About Nothing,1,3.0
102984,Inhuman Resources (Redd Inc.),1,4.5
102852,With Great Power: The Stan Lee Story,1,3.0
103502,"Knot, The",1,1.5
103483,V/H/S/2,1,4.5
103449,Passion,1,1.0
103366,Redemption (Hummingbird),1,2.0
6186,Gods and Generals,1,3.0
6182,"Thrill of It All, The",1,3.0
6181,"Red Badge of Courage, The",1,4.0
6178,"Patch of Blue, A",1,4.0
6163,He Loves Me... He Loves Me Not (À la folie... pas du tout),1,4.5
6158,"Jungle Book 2, The",1,3.0
103245,Adam and Eve (National Lampoon's Adam & Eve),1,2.5
103233,LEGO Batman: The Movie - DC Heroes Unite,1,3.0
526,"Savage Nights (Nuits fauves, Les)",1,4.0
103221,Not Suitable for Children,1,2.5
103219,Maniac,1,3.5
103210,Fullmetal Alchemist: The Sacred Star of Milos,1,2.0
495,In the Realm of the Senses (Ai no corrida),1,5.0
103865,Revenge for Jolly!,1,2.0
6145,Venom,1,2.0
6141,They Call Me Bruce? (a.k.a. A Fistful of Chopsticks),1,3.0
6125,"Secret Policeman's Other Ball, The",1,3.5
6123,Sunless (Sans Soleil),1,4.0
6119,Santa Claus Is a Stinker (Le Père Noël est une ordure),1,4.0
6111,Paradise,1,3.5
6107,"Night of the Shooting Stars (Notte di San Lorenzo, La)",1,4.0
6101,Missing,1,4.0
6095,Dragon Lord (a.k.a. Dragon Strike) (Long Xiao Ye),1,3.5
103755,Turbo,1,2.5
103685,"Field in England, A",1,4.5
103609,Class Act,1,1.5
103606,Stuck in Love,1,4.0
103602,Craig Ferguson: I'm Here To Help,1,5.0
6033,Mystery Date,1,3.0
6030,Girls! Girls! Girls!,1,2.0
6021,"American Friend, The (Amerikanische Freund, Der)",1,5.0
6020,Alice Adams,1,3.5
6090,Kiss Me Goodbye,1,3.5
6086,"I, the Jury",1,5.0
6070,Tokyo Decadence (Topâzu),1,4.0
6067,Ordinary Decent Criminal,1,4.0
6064,"Harder They Fall, The",1,4.0
6057,Biker Boyz,1,2.0
6049,Ethan Frome,1,4.0
6044,Blind Date,1,2.0
6042,Blind Spot: Hitler's Secretary (Im toten Winkel - Hitlers Sekretärin),1,3.0
104017,3 dev adam (Three Giant Men),1,0.5
510,Poetic Justice,1,3.0
496,What Happened Was...,1,5.0
5975,War and Peace,1,3.5
5974,"Thief of Bagdad, The",1,3.0
5969,My Girl 2,1,2.5
5968,Miami Blues,1,4.0
5962,Body of Evidence,1,1.0
5961,Blue Steel,1,1.5
5953,Devils on the Doorstep (Guizi lai le),1,4.0
5947,Evelyn,1,3.0
104337,Lee Daniels' The Butler,1,1.5
104141,Batman: Mystery of the Batwoman,1,3.0
104078,Alan Partridge: Alpha Papa,1,4.0
6009,"City of Lost Souls, The (Hyôryuu-gai)",1,3.0
3162,Simpatico,1,3.0
5990,Pinocchio,1,3.5
5986,Fat City,1,4.0
6036,Secret Admirer,1,3.0
5889,"Cruel Romance, A (Zhestokij Romans)",1,5.0
5888,Brother (Brat),1,5.0
5884,Chopper Chicks in Zombietown,1,1.0
5883,They,1,1.5
3183,"Third Miracle, The",1,3.0
3171,Room at the Top,1,4.0
5929,"Party 2, The (Boum 2, La)",1,3.0
5927,"Best Little Whorehouse in Texas, The",1,3.0
105246,Mood Indigo (L'écume des jours),1,3.5
105121,Inescapable,1,1.0
105020,Collision Course,1,1.5
104837,Rage of Honor,1,2.0
104780,"Mystery of the Third Planet, The (Tayna tretey planety)",1,5.0
104760,Getaway,1,1.0
104644,Maria Bamford: The Special Special Special!,1,0.5
5979,Attack of the Crab Monsters,1,3.0
5839,My Father's Glory (La gloire de mon père),1,4.0
5838,Madame Bovary,1,4.0
3192,"Terrorist, The (a.k.a. Malli) (Theeviravaathi)",1,3.0
5875,Personal Velocity,1,2.5
5863,Take This Job and Shove It,1,1.0
5856,"Do You Remember Dolly Bell? (Sjecas li se, Dolly Bell)",1,4.0
5849,I'm Starting From Three (Ricomincio da Tre),1,4.5
5847,Ragtime,1,3.5
105540,"All Dogs Christmas Carol, An",1,4.5
488,M. Butterfly,1,3.0
478,Jimmy Hollywood,1,2.5
105325,Bad Milo (Bad Milo!),1,1.0
5922,Attila (Attila Flagello di Dio),1,2.5
5912,Hit the Bank (Vabank),1,4.5
5901,Empire,1,4.5
5896,New Waterford Girl,1,4.0
451,Flesh and Bone,1,4.0
449,Fear of a Black Hat,1,1.0
106648,Guilty of Romance (Koi no tsumi),1,3.0
106594,Red Flag,1,4.5
106542,Charlie Countryman,1,1.5
106441,"Book Thief, The",1,3.0
106144,"Selfish Giant, The",1,3.5
476,"Inkwell, The",1,1.0
470,House Party 3,1,1.0
467,Live Nude Girls,1,5.0
105835,"Double, The",1,4.0
105801,Escape From Tomorrow,1,3.0
105755,"Counselor, The",1,1.5
105746,UnHung Hero,1,4.5
105720,"Thief of Paris, The (Le voleur)",1,3.0
5840,"My Mother's Castle (Château de ma mère, Le)",1,4.0
107159,Zatoichi and the Chest of Gold (Zatôichi senryô-kubi) (Zatôichi 6),1,4.0
107013,"Christmas Carol, A",1,0.5
106927,RoboGeisha (Robo-geisha),1,3.0
106889,Tim's Vermeer,1,4.0
106883,All is Bright,1,1.5
5836,Houseboat,1,2.0
5829,Men with Brooms,1,4.0
5828,Blackrock,1,2.5
5826,Rio Grande,1,3.5
5818,"Crime of Father Amaro, The (Crimen del padre Amaro, El)",1,4.5
5817,Ararat,1,4.5
5802,"World of Henry Orient, The",1,4.0
5801,"Russians Are Coming, the Russians Are Coming, The",1,2.5
5799,Exodus,1,3.5
5797,"Company of Wolves, The",1,2.0
106785,Homefront,1,3.0
107962,Freezer,1,2.0
107951,Hunting Elephants,1,5.0
107945,Bad Karma,1,2.0
107846,MacGyver: Trail to Doomsday,1,3.5
107780,Cats,1,4.0
107771,Only Lovers Left Alive,1,5.0
107723,Highlander: The Search for Vengeance,1,3.0
107630,High School,1,4.5
107462,Ninja: Shadow of a Tear,1,4.5
107449,"Muppet Christmas: Letters to Santa, A",1,1.5
107447,Wrong Cops,1,4.0
107436,Haunter,1,3.0
107412,"Kidnapping, Caucasian Style (Kavkazskaya plennitsa)",1,4.5
107410,Guest from the Future (Gostya iz buduschego),1,4.0
107408,Only Old Men Are Going to Battle (V boy idut odni stariki),1,4.5
107338,Dampfnudelblues,1,2.5
5787,"Truth About Charlie, The",1,2.5
5786,Paid in Full,1,4.5
5780,Polyester,1,3.0
5779,Piranha II: The Spawning,1,2.0
5773,Neighbors,1,3.0
5771,My Bloody Valentine,1,0.5
5768,Modern Problems,1,3.0
5767,Teddy Bear (Mis),1,3.5
5764,Looker,1,4.5
5752,Gregory's Girl,1,3.0
5749,Ghost Story,1,3.0
5746,Galaxy of Terror (Quest),1,5.0
5745,"Four Seasons, The",1,5.0
108090,Dragon Ball: The Path to Power (Doragon bôru: Saikyô e no michi),1,3.5
108078,Chinese Puzzle (Casse-tête chinois),1,5.0
107999,Dragon ball Z 04: Lord Slug,1,4.0
109416,Bring It On: Fight to the Finish,1,2.0
109383,"Oversimplification of Her Beauty, An",1,3.5
109317,Someone Marry Barry,1,2.5
109313,Chouchou,1,4.0
109295,Cold Comes the Night,1,2.0
109282,GLOW: The Story of the Gorgeous Ladies of Wrestling,1,3.0
109241,On the Other Side of the Tracks (De l'autre côté du périph),1,5.0
109191,Winter's Tale,1,1.5
109183,Date and Switch,1,2.0
109161,Venus in Fur (La Vénus à la fourrure),1,4.5
108981,Nymphomaniac: Volume II,1,4.5
108795,Wonder Woman,1,5.0
108715,Better Living Through Chemistry,1,1.5
108601,Drift,1,2.0
108540,Ernest & Célestine (Ernest et Célestine),1,4.5
108192,Hotel Chevalier (Part 1 of 'The Darjeeling Limited'),1,3.5
109633,"Garden of Words, The (Koto no ha no niwa)",1,5.0
109596,Wrinkles (Arrugas),1,4.0
5689,Billy Bathgate,1,2.0
5684,Naqoyqatsi,1,3.0
5675,Swept Away,1,1.0
5664,Brown Sugar,1,1.5
5742,First Monday in October,1,4.0
5741,"Woman Next Door, The (Femme d'à côté, La)",1,4.0
5736,Faces of Death 3,1,1.5
5733,"Eyewitness (Janitor, The)",1,4.0
5723,Continental Divide,1,5.0
5720,"Friend Is a Treasure, A (Chi Trova Un Amico, Trova un Tesoro) (Who Finds a Friend Finds a Treasure)",1,2.5
5706,...All the Marbles,1,2.0
5704,Without Warning (a.k.a. Alien Warning) (a.k.a. It Came Without Warning),1,2.0
5700,The Pumaman,1,0.5
5699,Tom Horn,1,4.0
110281,King of Comedy (Hei kek ji wong),1,4.0
109971,Ocho apellidos vascos,1,4.5
5663,Below,1,3.5
5657,Flashback,1,4.5
3281,"Brandon Teena Story, The",1,2.0
3280,"Baby, The",1,1.5
3276,Gun Shy,1,1.0
5651,"Incredible Mr. Limpet, The",1,3.0
5649,Horror of Dracula (Dracula),1,3.0
5640,"Godzilla, King of the Monsters! (Kaijû-ô Gojira)",1,3.0
5638,Godzilla vs. Mothra (Mosura tai Gojira),1,2.0
5635,"Man from Elysian Fields, The",1,3.0
109941,Puss in Boots: The Three Diablos,1,3.0
109897,Son of God,1,0.5
109723,"Bag Man, The",1,3.5
109687,Particle Fever,1,5.0
110611,Cold in July,1,2.5
110603,God's Not Dead,1,0.5
110591,Oculus,1,4.5
5629,Jonah: A VeggieTales Movie,1,2.0
3303,Black Tar Heroin: The Dark End of the Street,1,5.0
3295,Raining Stones,1,4.0
3294,Eaten Alive,1,1.5
3289,Not One Less (Yi ge dou bu neng shao),1,4.5
3284,They Might Be Giants,1,3.0
110586,Calvary,1,4.0
110541,"Brain Smasher... A Love Story (Bouncer and the Lady, The)",1,2.5
110387,"Unknown Known, The",1,4.0
110350,Free to Play,1,4.5
409,Above the Rim,1,2.0
110330,Me and you (io e te),1,4.5
110286,13 Sins,1,3.5
5612,Trapped,1,2.0
5607,"Son of the Bride (Hijo de la novia, El)",1,5.0
5604,"Man in the White Suit, The",1,3.5
5602,"Ladykillers, The",1,3.5
5601,"Yearling, The",1,4.0
5596,Spaced Invaders,1,1.5
5591,Monkey Trouble,1,1.0
111384,Blue Ruin,1,4.0
111375,Walk of Shame,1,2.5
111320,Mom's Night Out,1,1.5
111146,Alpha and Omega 3: The Great Wolf Games,1,4.5
110826,Brick Mansions,1,1.5
110781,Mulan II,1,2.5
110773,"Haunted House 2, A",1,0.5
110746,Hatchet III,1,4.0
110718,Fading Gigolo,1,4.0
112070,Maps to the Stars,1,3.5
111913,Lilting,1,4.5
111844,Bad Asses (Bad Ass 2),1,3.5
111817,Jimi: All Is by My Side,1,3.5
111800,G.B.F.,1,3.0
111795,Million Dollar Arm,1,3.0
111785,Midnight Chronicles,1,0.5
111732,"Dance of Reality, The (Danza de la realidad, La)",1,3.5
111680,At Middleton,1,1.5
406,Federal Hill,1,3.0
391,Jason's Lyric,1,4.5
386,S.F.W.,1,3.0
385,"Man of No Importance, A",1,4.0
111551,Afflicted,1,3.5
5615,Invincible,1,3.5
5614,"His Secret Life (a.k.a. Ignorant Fairies, The) (Fate ignoranti, Le)",1,4.5
112326,Nick Fury: Agent of S.H.I.E.L.D.,1,1.0
112316,Jersey Boys,1,2.5
3331,My Tutor,1,2.0
3329,The Year My Voice Broke,1,4.0
3323,Chain of Fools,1,4.0
3315,Happy Go Lovely,1,4.5
5590,"Mack, The",1,2.5
5584,Ernest Goes to Jail,1,3.5
5581,Betsy's Wedding,1,2.0
5580,Aspen Extreme,1,3.5
5575,Alias Betty (Betty Fisher et autres histoires),1,2.0
5562,Snipes,1,2.5
5560,À nous la liberté (Freedom for Us),1,1.0
5550,Love Me Tender,1,3.5
112303,Think Like a Man Too,1,1.5
359,I Like It Like That,1,3.0
112940,A Most Wanted Man,1,4.5
112868,"Signal, The",1,4.5
5537,Satin Rouge,1,5.0
5532,Amy's O (a.k.a. Amy's Orgasm),1,4.0
5525,Mostly Martha (Bella Martha),1,3.5
5515,Songs From the Second Floor (Sånger från andra våningen),1,3.5
5513,Martin Lawrence Live: Runteldat,1,5.0
5503,"Last Kiss, The (Ultimo bacio, L')",1,4.0
5498,Red Beard (Akahige),1,4.5
112749,And So It Goes,1,2.0
112727,Deliver Us from Evil,1,3.0
112580,"Angriest Man in Brooklyn, The",1,4.0
112512,Colourful (Karafuru),1,5.0
112454,Honey (Miele),1,3.5
112450,They Came Together,1,2.0
112334,"Internet's Own Boy: The Story of Aaron Swartz, The",1,4.5
113780,"As Above, So Below",1,3.0
113705,"Two Days, One Night (Deux jours, une nuit)",1,3.5
113604,If I Stay,1,2.0
113565,"Sacrament, The",1,4.0
113416,Revenge of the Green Dragons,1,1.5
113394,"Pretty One, The",1,4.0
113374,"Old Lady and the Pigeons, The (La vieille dame et les pigeons)",1,3.0
113350,I'll Follow You Down,1,1.5
113313,"Den, The",1,3.5
113280,White Frog,1,4.0
113278,Batman: Assault on Arkham,1,3.0
113275,The Hundred-Foot Journey,1,4.5
113225,Magic in the Moonlight,1,3.0
113207,Get on Up,1,3.5
113186,Felony,1,3.0
113159,Life After Beth,1,3.5
114265,Laggies,1,5.0
114246,"Walk Among the Tombstones, A",1,3.0
114184,Camp X-Ray,1,3.5
114126,Beautiful Losers,1,2.5
114066,"20,000 Days on Earth",1,4.0
114044,Honeymoon,1,3.5
5493,In Like Flint,1,4.0
3357,East-West (Est-ouest),1,4.0
3353,"Closer You Get, The",1,4.5
3345,"Charlie, the Lonesome Cougar",1,3.0
3344,Blood Feast,1,4.0
5490,The Big Bus,1,5.0
5489,Nosferatu the Vampyre (Nosferatu: Phantom der Nacht),1,4.0
113862,"Guest, The",1,4.0
113849,Headshot,1,2.5
113829,"One I Love, The",1,5.0
3379,On the Beach,1,4.5
3378,"Ogre, The (Unhold, Der)",1,4.0
3374,Daughters of the Dust,1,4.0
5448,Hey Arnold! The Movie,1,2.0
5442,V. I. Warshawski,1,2.0
5468,20 Million Miles to Earth,1,5.0
5465,All About Lily Chou-Chou (Riri Shushu no subete),1,3.0
5461,Me Without You,1,2.5
5458,Like Mike,1,2.5
5456,Wagons East,1,2.0
5455,"Object of Beauty, The",1,1.5
114670,Tusk,1,3.5
114554,"Tale of Princess Kaguya, The (Kaguyahime no monogatari)",1,1.0
114494,Who Am I (Kein System Ist Sicher),1,1.5
114396,Cesar Chavez,1,1.5
114335,La cravate,1,3.0
115111,Ward 13,1,3.5
115065,Justin and the Knights of Valour,1,2.0
3405,"Night to Remember, A",1,3.0
3403,Raise the Titanic,1,4.0
3400,We're Back! A Dinosaur's Story,1,3.0
5440,She Wore a Yellow Ribbon,1,3.0
5435,Hombre,1,3.0
5424,Harvard Man,1,3.0
5422,"Emperor's New Clothes, The",1,4.0
5416,Cherish,1,5.0
114925,"Captive, The",1,2.0
114847,Autómata (Automata),1,3.0
336,"Walking Dead, The",1,3.0
114707,Horns,1,3.0
3390,Shanghai Surprise,1,2.0
3389,Let's Get Harry,1,2.0
116413,Life Partners,1,3.0
116411,Tangerines,1,4.5
116207,Zulu,1,1.5
116169,Reign of Assassins,1,2.5
116138,Leviathan,1,2.0
116044,Christmas in Connecticut,1,1.5
115969,Generation War,1,4.0
115828,Copenhagen,1,4.5
115819,Mr Hublot,1,3.0
115727,Crippled Avengers (Can que) (Return of the 5 Deadly Venoms),1,5.0
115667,"Love, Rosie",1,3.5
115502,"Rewrite, The",1,3.5
115216,"Salvation, The",1,3.0
115203,"Culture High, The",1,3.0
115170,"Judge, The",1,2.5
115151,Plastic,1,2.0
116738,DeadHeads,1,3.5
116724,You Are the Apple of My Eye,1,4.0
116718,Volga - Volga,1,3.5
5390,CQ,1,3.0
5385,"Last Waltz, The",1,4.5
5384,I Want to Live!,1,3.0
5375,"Harvey Girls, The",1,3.0
5373,"Cranes Are Flying, The (Letyat zhuravli)",1,4.0
5372,Calamity Jane,1,3.5
5365,"Lady and the Duke, The (Anglaise et le duc, L')",1,4.0
5358,Mountains of the Moon,1,3.0
116529,Stalingrad,1,3.0
116505,New Kids Nitro,1,3.0
116419,Drive Hard,1,1.5
324,"Sum of Us, The",1,4.0
320,Suture,1,3.0
117849,La Belle Verte,1,4.5
117646,Dragonheart 2: A New Beginning,1,4.5
117630,Double Trouble,1,1.0
117572,Hit by Lightning,1,2.5
117531,Watermark,1,5.0
117511,Hello Ladies: The Movie,1,3.0
117444,Song of the Sea,1,3.0
117368,The Madagascar Penguins in a Christmas Caper,1,3.5
117364,Virunga,1,4.0
117133,Painted Skin,1,3.5
117107,Miss Meadows,1,2.5
116985,The Longest Week,1,1.5
116963,Ski School,1,1.5
116941,Jetsons: The Movie,1,2.0
116849,Sex Ed,1,2.5
116817,Rudderless,1,4.5
118270,Hellbenders,1,5.0
118248,Dying of the Light,1,1.5
118198,The Green Prince,1,2.5
118166,Courier,1,3.5
118082,The Voices,1,3.5
117922,Ice Age: A Mammoth Christmas,1,3.5
5356,"Giant Spider Invasion, The",1,0.5
5353,Butterflies Are Free,1,3.0
5348,Hollywood Ending,1,4.0
5345,Triumph of the Spirit,1,3.0
5338,Full Moon in Blue Water,1,2.0
5328,Rain,1,5.0
5322,World Traveler,1,4.0
5321,"Triumph of Love, The",1,2.0
117877,The Rabbi's Cat (Le chat du rabbin),1,3.0
117867,'71,1,4.0
118834,National Lampoon's Bag Boy,1,5.0
118814,Playing It Cool,1,2.0
118784,Good Copy Bad Copy,1,3.5
5311,"Watcher in the Woods, The",1,3.0
3428,"Champ, The",1,3.0
3417,"Crimson Pirate, The",1,3.0
3414,Love Is a Many-Splendored Thing,1,4.0
3410,Soft Fruit,1,4.0
5307,Taking Care of Business,1,3.0
5300,3:10 to Yuma,1,4.0
118706,Black Sea,1,4.0
118530,Fans,1,4.5
118512,Bring It On: In It To Win It,1,1.5
118354,Kill the Messenger,1,3.0
118326,By the Gun,1,2.0
118290,Omega Doom,1,2.0
119153,Bill Burr: You People Are All the Same,1,4.5
119068,"Men, Women & Children",1,2.0
118930,Bill Burr: I'm Sorry You Feel That Way,1,4.5
5285,Lucky Break,1,4.0
3442,Band of the Hand,1,1.0
3434,Death Wish 5: The Face of Death,1,1.0
3433,Death Wish 4: The Crackdown,1,1.0
5284,Crush,1,2.5
118896,Mommy,1,4.0
118894,Scooby-Doo! Abracadabra-Doo,1,5.0
311,Relative Fear,1,3.0
310,Rent-a-Kid,1,3.0
301,Picture Bride (Bijo photo),1,4.0
298,Pushing Hands (Tui shou),1,2.0
295,"Pyromaniac's Love Story, A",1,3.0
118862,Closer to the Moon,1,4.0
121035,Houdini,1,2.0
121007,Space Buddies,1,4.0
120919,Man on High Heels,1,3.0
120827,The Hound of the Baskervilles,1,3.0
120813,Patton Oswalt: My Weakness Is Strong,1,4.5
120807,John Mulaney: New In Town,1,4.0
120783,Son of a Gun,1,2.5
120761,By the Law,1,3.5
120625,The Fool,1,4.5
120138,PK,1,5.0
120130,Into the Forest of Fireflies' Light,1,5.0
119964,A Merry Friggin' Christmas,1,2.0
119828,A Man Called Blade,1,3.0
119714,Corner Gas: The Movie,1,3.5
119218,The Punisher: Dirty Laundry,1,2.5
119167,Paradox,1,3.5
122433,The Deadly Bees,1,1.0
122260,The Diary of Anne Frank,1,2.5
122246,Tooth Fairy 2,1,0.5
122092,Guy X,1,5.0
121781,Stuart Little 3: Call of the Wild,1,5.0
121715,Sebastian Maniscalco: What's Wrong with People?,1,3.5
121469,Killer Movie,1,4.5
121374,Bill Burr: Why Do I Do This?,1,4.5
121372,Bill Burr: Let It Go,1,4.5
121342,Carry on Cruising,1,3.5
121338,Carry on Cabby,1,4.5
121253,The Town that Dreaded Sundown,1,3.0
121171,Red Army,1,4.0
121169,The Duke of Burgundy,1,3.5
121129,The Hungover Games,1,2.5
121099,101 Dalmatians II: Patch's London Adventure,1,2.5
5212,"Octagon, The",1,3.0
5209,Ffolkes,1,2.0
5198,"Long Good Friday, The",1,3.5
5197,Little Darlings,1,2.0
5189,Humanoids from the Deep,1,1.5
5278,Fraternity Vacation,1,1.0
5275,Boxcar Bertha,1,1.5
5272,Time Out (L'emploi du temps),1,3.0
5269,"Piano Teacher, The (La pianiste)",1,4.0
5268,No Such Thing,1,2.5
5244,Shogun Assassin,1,5.0
5241,Seems Like Old Times,1,5.0
5240,Running Scared,1,4.0
5239,Rude Boy,1,4.0
122627,Oblivion 2: Backlash,1,0.5
122490,Wicked Blood,1,1.5
124404,"Snowflake, the White Gorilla",1,5.0
124273,Kevin Smith: Too Fat For 40,1,4.5
123553,In the Name of the King III,1,1.0
123545,The Blue Lagoon,1,3.0
123310,Tornado!,1,2.0
123200,Jim Jefferies: I Swear to God,1,4.5
122932,Elsa & Fred,1,2.0
263,Ladybird Ladybird,1,4.0
287,Nina Takes a Lover,1,3.0
285,Beyond Bedlam,1,4.0
284,New York Cop (Nyû Yôku no koppu),1,4.5
122888,Ben-hur,1,0.5
5237,Taps,1,4.0
5231,Road to Morocco,1,3.5
5221,Harrison's Flowers,1,3.0
5213,"Oh, God! Book II",1,1.5
126142,The Cave of the Golden Rose,1,4.0
126090,Hedgehog in the Fog,1,4.5
126088,A Flintstones Christmas Carol,1,5.0
125970,Halloweentown,1,3.5
5178,Fun,1,4.0
3459,Gothic,1,4.0
3455,Buddy Boy,1,2.5
3449,"Good Mother, The",1,4.0
5168,Royal Wedding,1,3.0
5156,"Big Doll House, The",1,2.5
125914,Mortdecai,1,3.0
125221,The Beast of Hollow Mountain,1,0.5
124859,The Gambler,1,2.0
124853,Why Man Creates,1,4.0
124851,Delirium,1,5.0
124484,Kenny & Company,1,3.0
127146,Kurt Cobain: Montage of Heck,1,3.0
127134,A Walk in the Woods,1,3.5
127132,Zipper,1,2.0
127130,Mistress America,1,4.0
127116,Experimenter,1,4.5
127114,The End of the Tour,1,4.0
5155,"Big Bird Cage, The",1,4.5
3496,Madame Sousatzka,1,5.0
3492,"Son of the Sheik, The",1,4.0
3474,Retroactive,1,4.0
5121,Stroszek,1,4.0
126921,The Fox and the Hound 2,1,5.0
126577,"Daddy, I'm A Zombie",1,4.0
126482,Strange Magic,1,3.0
126426,Solyaris,1,4.0
126420,American Heist,1,1.5
127323,Vice,1,1.0
127319,The Loft,1,1.5
127212,The Stanford Prison Experiment,1,4.5
5116,Designing Woman,1,3.5
5114,"Bad and the Beautiful, The",1,4.0
5112,Last Orders,1,3.0
5111,"Good Son, The",1,1.5
5109,Return to Never Land,1,4.0
5105,Don't Look Now,1,0.5
5095,"Scotland, Pa.",1,4.5
5088,"Going Places (Valseuses, Les)",1,5.0
127194,The D Train,1,2.0
127184,Eden,1,4.0
127180,"Story of Film: An Odyssey, The",1,4.0
127172,A Story of Children and Film,1,3.5
127164,"What Happened, Miss Simone?",1,3.5
128695,The Dark Valley,1,2.5
128594,Boy Meets Girl,1,4.0
128592,The Boy Next Door,1,1.0
5077,Cousins,1,3.0
5071,Maelström,1,4.0
5068,Beijing Bicycle (Shiqi sui de dan che),1,4.0
5063,One-Eyed Jacks,1,3.0
128542,Wyrmwood,1,3.5
128488,Wild Card,1,3.0
128366,Patton Oswalt: Tragedy Plus Comedy Equals Time,1,4.0
128197,Hard Promises,1,2.0
128099,Jim Jefferies: BARE,1,4.5
128097,Jim Norton: American Degenerate,1,4.0
128089,Kevin Hart: I'm a Grown Little Man,1,4.5
128087,Trinity and Sartana Are Coming,1,5.0
127390,Family Guy Presents: Blue Harvest,1,4.0
129514,George Carlin: It's Bad for Ya!,1,5.0
129333,Julia,1,1.5
129313,Reality,1,4.0
129250,Superfast!,1,0.5
129229,Northmen - A Viking Saga,1,2.0
129011,Eddie Izzard: Glorious,1,3.5
128991,Johnny Express,1,4.5
128944,"Honey, We Shrunk Ourselves",1,3.5
128914,Tom Segura: Completely Normal,1,5.0
128908,Cloudburst,1,4.0
128902,The Forgotten Space,1,4.0
128900,The Natural Love,1,4.5
128842,Dragonheart 3: The Sorcerer's Curse,1,4.0
128838,Crimson Peak,1,3.5
128832,The Last Five Years,1,3.5
128736,I'm Here,1,3.5
4981,Clockwise,1,4.0
5028,What Time Is It There? (Ni neibian jidian),1,2.0
5012,Yentl,1,4.0
5007,Topkapi,1,2.5
4998,"Defiant Ones, The",1,3.5
5059,Little Dieter Needs to Fly,1,5.0
5054,Brainstorm,1,3.5
5053,Blankman,1,1.5
3531,All the Vermeers in New York,1,5.0
3514,Joe Gould's Secret,1,3.0
5041,Fire and Ice,1,1.5
130052,Clown,1,3.5
130050,Digging Up the Marrow,1,3.0
129779,Ghost in the Shell Arise - Border 1: Ghost Pain,1,2.5
129659,"McFarland, USA",1,3.5
129657,Tracers,1,1.0
130978,Love and Pigeons,1,5.0
130976,Legend No. 17,1,4.5
130970,George Carlin: Life Is Worth Losing,1,5.0
130842,Power/Rangers,1,4.0
130840,Spring,1,4.5
130686,The Final Girls,1,3.0
130578,"Gunman, The",1,4.0
130498,La vérité si je mens !,1,3.5
130482,Too Late for Tears,1,4.0
254,Jefferson in Paris,1,3.0
243,Gordy,1,3.0
130452,While We're Young,1,4.0
130444,Ruby Red,1,4.0
130083,Kidnapping Mr. Heineken,1,2.0
130073,Cinderella,1,4.0
4988,White Water Summer,1,2.0
131739,Batman vs. Robin,1,3.0
131724,The Jinx: The Life and Deaths of Robert Durst,1,5.0
131610,Willy/Milly,1,5.0
131578,Reckless Kelly,1,2.5
3574,Carnosaur 3: Primal Species,1,1.0
3568,Smiling Fish and Goat on Fire,1,4.0
3567,Bossa Nova,1,5.0
4970,"Blue Angel, The (Blaue Engel, Der)",1,4.0
4966,"Incredible Shrinking Man, The",1,3.0
131480,Poker Night,1,2.0
131439,Kill Me Three Times,1,3.0
131237,What Men Talk About,1,5.0
131130,Tom and Jerry: A Nutcracker Tale,1,5.0
131104,The Brain,1,4.5
131098,Saving Santa,1,5.0
131023,That Sugar Film,1,4.5
241,Fluke,1,4.0
132618,Kite,1,1.5
132584,The Even Stevens Movie,1,3.5
132496,Danny Collins,1,4.5
132488,Lovesick,1,2.0
132462,Sword of Vengeance,1,1.0
132454,Girltrash: All Night Long,1,3.5
132362,Patlabor 2: The Movie,1,3.5
132335,Breathe,1,1.0
132333,Seve,1,5.0
132153,Buzzard,1,5.0
132084,Let It Be Me,1,2.5
131934,The Malibu Bikini Shop,1,1.0
131920,The Road Within,1,4.5
131796,Woman in Gold,1,4.0
131749,Libre et assoupi,1,3.0
133365,Partisan,1,2.0
133281,Ricki and the Flash,1,2.0
133217,B/W,1,3.5
133195,Hitman: Agent 47,1,1.5
133115,We Could Be King,1,4.0
132888,Comedy Central Roast of James Franco,1,3.0
4964,Baran,1,3.5
4962,Texas Rangers,1,2.0
4961,Pornstar: The Legend of Ron Jeremy,1,2.5
4953,"People That Time Forgot, The",1,2.5
4952,Morons From Outer Space,1,2.0
4946,"Eye for an Eye, An",1,4.0
4945,"Enforcer, The",1,4.0
4942,"Angry Red Planet, The",1,4.5
4939,"Final Countdown, The",1,3.0
4932,Dressed to Kill,1,1.0
134109,Radio Day,1,5.0
134095,My Love,1,5.0
134041,Afonya,1,4.0
134021,5 to 7,1,2.5
134019,The Monkey King,1,3.5
134004,What Love Is,1,5.0
133879,Carry On Don't Lose Your Head,1,4.0
133867,Barely Lethal,1,4.5
133832,The Green Inferno,1,3.5
133798,Hot Pursuit,1,1.5
133782,Maggie,1,2.0
133780,Güeros,1,3.0
133716,Bootleggers,1,4.5
133645,Carol,1,4.0
133545,Just Before I Go,1,1.0
133377,Infini,1,1.5
134783,Entourage,1,2.0
134775,Dragon Blade,1,2.0
134528,Aloha,1,0.5
134524,Turtle Power: The Definitive History of the Teenage Mutant Ninja Turtles,1,3.0
134515,BMX Bandits,1,3.0
4927,"Last Wave, The",1,3.0
4926,Everybody's Famous! (Iedereen beroemd!),1,2.0
4925,"Cheap Detective, The",1,3.0
4917,MacArthur,1,4.0
134334,Phir Hera Pheri,1,4.5
134326,The Taming of the Scoundrel,1,4.5
134252,That Munchhausen,1,4.5
134248,Hot Girls Wanted,1,3.0
134246,Survivor,1,0.5
134184,Elections Day,1,4.5
134158,Return to Sender,1,1.5
3596,Screwed,1,1.0
3592,"Time Masters (Maîtres du temps, Les)",1,4.5
3590,"Lords of Flatbush, The",1,2.0
3586,The Idolmaker,1,4.0
4885,Domestic Disturbance,1,2.0
4883,"Town is Quiet, The (Ville est tranquille, La)",1,4.0
4879,High Heels and Low Lifes,1,3.0
135288,Mr. Holmes,1,3.0
135216,The Star Wars Holiday Special,1,0.5
135198,The Hairdresser,1,4.0
134861,Trevor Noah: African American,1,2.5
134859,The Wolfpack,1,3.5
134849,Duck Amuck,1,4.0
134847,Ghost Graduation,1,5.0
134808,No Way Jose,1,2.0
134796,Bitter Lake,1,5.0
136355,Big Top Scooby-Doo!,1,5.0
136353,Scooby-Doo! and the Loch Ness Monster,1,5.0
136341,Scooby-Doo! and the Samurai Sword,1,5.0
136297,Mortal Kombat: The Journey Begins,1,0.5
136024,The Professional: Golgo 13,1,3.0
136012,Bloodsport III,1,1.5
135937,The Silence of the Hams,1,3.0
135885,Absolutely Anything,1,3.0
135815,The Magnificent Ruffians,1,4.0
135803,Five Element Ninjas,1,3.5
135787,Bruce Lee: A Warrior's Journey,1,3.5
135777,Golmaal,1,4.5
135534,Krampus,1,3.5
220,Castle Freak,1,3.0
219,"Cure, The",1,3.0
3604,Gypsy,1,0.5
136511,Jeff Dunham: All Over the Map,1,2.0
136503,Tom and Jerry: Shiver Me Whiskers,1,5.0
136471,Kevin Hart: Laugh at My Pain,1,3.5
136469,Larry David: Curb Your Enthusiasm,1,5.0
136447,George Carlin: You Are All Diseased,1,5.0
4877,Better Than Sex,1,3.5
4871,Focus,1,3.5
3625,Better Living Through Circuitry,1,2.0
3622,"Twelve Chairs, The",1,3.0
3619,"Hollywood Knights, The",1,2.0
3609,Regret to Inform,1,3.5
4864,Titanica,1,2.5
4860,Making the Grade,1,2.0
136445,George Carlin: Back in Town,1,5.0
136443,Gabriel Iglesias: Hot and Fluffy,1,1.5
136359,Scooby-Doo Goes Hollywood,1,5.0
136834,The Eye: Infinity,1,5.0
136816,Bad Asses on the Bayou,1,2.5
136800,Robot Overlords,1,1.5
136786,Careful What You Wish For,1,1.5
4840,"Last Metro, The (Dernier métro, Le)",1,4.0
4831,Can't Stop the Music,1,3.0
4830,Brubaker,1,4.0
4828,"Party, The (Boum, La)",1,3.5
4827,"Boogeyman, The",1,3.0
4825,"Swamp, The (Ciénaga, La)",1,3.0
136778,The Squeeze,1,2.0
136664,Wild Horses,1,1.0
136654,The Face of an Angel,1,1.5
136564,Macbeth,1,2.5
136556,Kung Fu Panda: Secrets of the Masters,1,5.0
136540,The FP,1,4.5
138186,Sorrow,1,0.5
137863,Dragon Ball Z: Resurrection of F,1,4.0
137859,Dragon Ball Z Gaiden: The Plot to Destroy the Saiyans,1,4.0
137595,Magic Mike XXL,1,4.0
137517,Carnival Magic,1,0.5
137345,That Demon Within,1,2.0
137218,April Morning,1,2.5
136958,Mortuary,1,2.0
136912,God Loves Caviar,1,2.0
136859,The Lovers,1,1.5
202,Total Eclipse,1,3.0
201,Three Wishes,1,3.0
189,Reckless,1,3.0
136850,Villain,1,5.0
136840,Da geht noch was!,1,3.5
136838,Kiss me Kismet,1,2.5
139052,Dark Places,1,2.0
138966,Nasu: Summer in Andalusia,1,5.0
138835,Return to Treasure Island,1,5.0
138798,Joe Dirt 2: Beautiful Loser,1,0.5
138702,Feast,1,3.0
4818,Extreme Days,1,2.0
3652,"City of the Living Dead (a.k.a. Gates of Hell, The) (Paura nella città dei morti viventi)",1,3.0
3648,"Abominable Snowman, The (Abominable Snowman of the Himalayas, The)",1,4.0
3640,"King in New York, A",1,4.0
3637,Vagabond (Sans toit ni loi),1,5.0
3634,Seven Days in May,1,4.0
4813,When Worlds Collide,1,5.0
138632,Tokyo Tribe,1,5.0
138610,The Gallows,1,1.5
138546,The Opposite Sex,1,1.5
138396,There Will Come a Day,1,3.5
140016,Always Watching: A Marble Hornets Story,1,2.0
139994,Fracchia contro Dracula,1,4.0
139859,Ghost in the Shell Arise - Border 2: Ghost Whispers,1,2.5
4810,I Never Promised You a Rose Garden,1,2.0
4804,Pocketful of Miracles,1,3.5
4800,King Solomon's Mines,1,2.5
4798,Indiscreet,1,3.5
4788,Moscow Does Not Believe in Tears (Moskva slezam ne verit),1,5.0
139857,Colonia,1,1.5
139747,Before We Go,1,3.5
139655,Goodnight Mommy (Ich seh ich seh),1,3.0
139640,Ooops! Noah is Gone...,1,5.0
139511,Exte: Hair Extensions,1,3.0
139415,Irrational Man,1,3.0
139157,Massu Engira Maasilamani,1,4.5
139130,Afro Samurai,1,2.5
140737,The Lost Room,1,3.5
140627,Battle For Sevastopol,1,5.0
140561,Jeff Ross Roasts Criminals: Live at Brazos County Jail,1,4.0
140541,The Electric Hotel,1,4.0
140525,Secret in Their Eyes,1,1.5
140523,"Visit, The",1,3.5
140481,"Family Guy Presents: Something, Something, Something, Dark Side",1,4.5
140301,The Escort,1,3.0
140289,Men & Chicken,1,4.0
140267,The Witch,1,4.0
140265,George Carlin: Jammin' in New York,1,5.0
140237,The Runner,1,2.0
178,Love & Human Remains,1,1.0
140162,Love,1,4.5
140133,Hollywood Chainsaw Hookers,1,5.0
140038,Madly in Love,1,4.5
141400,Invincible Shaolin,1,4.0
141131,Guardians,1,2.5
4759,Two Can Play That Game,1,4.0
4750,3 Ninjas Knuckle Up,1,0.5
4740,Maybe Baby,1,3.5
4786,"Legend of Hell House, The",1,1.0
4785,"Great Silence, The (Grande silenzio, Il)",1,4.0
4783,"Endurance: Shackleton's Legendary Antarctic Expedition, The",1,3.5
4777,"American Astronaut, The",1,2.5
4775,Glitter,1,0.5
4772,Dinner Rush,1,3.5
4769,Into the Arms of Strangers: Stories of the Kindertransport,1,3.0
4766,"Our Lady of the Assassins (Virgen de los sicarios, La)",1,4.0
140852,964 Pinocchio,1,1.0
140850,Every Secret Thing,1,2.0
140816,Tangerine,1,4.5
142020,Oscar,1,5.0
141994,Saving Christmas,1,0.5
141928,Bloodsucking Bastards,1,5.0
141846,Steve Jobs: The Man in the Machine,1,4.0
141844,12 Chairs,1,4.5
141836,It Can't Be!,1,4.5
141820,Old Men: Robbers,1,4.0
141818,Ordinary Miracle,1,4.5
141816,12 Chairs,1,5.0
141810,Autumn Marathon,1,4.0
141799,Cooties,1,3.5
141718,Deathgasm,1,5.0
141668,War Room,1,0.5
141646,The Unauthorized Saved by the Bell Story,1,3.5
141513,Fort Tilden,1,4.0
141422,Suffragette,1,2.5
142507,Pawn Sacrifice,1,2.5
142444,The Editor,1,5.0
142424,Into the Forest,1,2.0
142366,Cigarette Burns,1,3.0
4722,All Over the Guy,1,3.0
3674,For the Love of Benji,1,4.0
3669,Stay Tuned,1,2.5
3667,Rent-A-Cop,1,1.0
3664,Puppet Master 5: The Final Chapter,1,2.0
3663,Puppet Master 4,1,2.0
3661,Puppet Master II,1,3.0
3658,Quatermass and the Pit,1,3.0
4717,"Battle Creek Brawl (Big Brawl, The)",1,4.0
142196,Cornered!,1,4.5
142074,Knock Knock,1,1.5
142056,Iron Man & Hulk: Heroes United,1,3.0
143255,Narcopolis,1,1.5
143031,Jump In!,1,5.0
143001,Anti-Social,1,1.5
142961,Life Eternal,1,2.5
4715,"Awakening, The",1,3.0
4710,"Shootist, The",1,3.5
4705,"Cage aux Folles, La",1,3.0
4704,Hatari!,1,3.0
4695,Who'll Stop the Rain,1,4.0
4689,"Cat o' Nine Tails, The (Gatto a nove code, Il)",1,3.5
4687,Billy Liar,1,3.5
142831,Garam Masala,1,4.5
142602,"F*ck You, Goethe 2",1,1.0
142598,Last Shift,1,4.0
142558,If I Were a Rich Man,1,3.0
142550,Ryuzo and the Seven Henchmen,1,4.5
144714,The Perfect Guy,1,1.5
144606,Confessions of a Dangerous Mind,1,4.0
144522,Sky High,1,2.0
144478,"Sex, Drugs & Taxation",1,4.5
144352,Unforgiven,1,0.5
144262,Slow Learners,1,2.0
144222,Bros Before Hos,1,3.0
144210,Just Eat It: A Food Waste Story,1,4.0
143896,How To Change The World,1,4.5
143559,L.A. Slasher,1,5.0
143525,Chasuke's Journey,1,4.0
143511,Human,1,5.0
143472,Into the Grizzly Maze,1,1.5
143458,The Great Hypnotist,1,4.0
143410,Hyena Road,1,2.0
143365,The Circle,1,2.5
145724,Idaho Transfer,1,0.5
145491,Our Lips Are Sealed,1,3.5
145418,Trumbo,1,4.0
145283,Nowitzki: The Perfect Shot,1,3.5
145150,The Dressmaker,1,3.0
145080,Extraordinary Tales,1,2.5
4675,Three Fugitives,1,1.0
4671,Sweetie,1,3.5
4670,"Stepfather, The",1,2.5
4666,Skin Deep,1,3.0
4660,Scenes from the Class Struggle in Beverly Hills,1,4.0
4658,Santa Sangre,1,3.5
4653,"Return of the Musketeers, The",1,3.0
4646,Greenfingers,1,1.5
144734,Freaks of Nature,1,4.5
144716,Rock the Kasbah,1,2.0
147002,Eros,1,4.0
146986,Le Maître d'école,1,4.0
146730,Lost in the Sun,1,2.0
146688,Solace,1,2.0
146684,Cosmic Scrat-tastrophe,1,5.0
146682,Twinsters,1,4.0
146662,Dragons: Gift of the Night Fury,1,5.0
146309,The Boy and the Beast,1,4.0
146244,Dil To Pagal Hai,1,4.0
146210,Blue Mountain State: The Rise of Thadland,1,3.0
146028,The Adventures of Sherlock Holmes and Dr. Watson: The Hound of the Baskervilles,1,4.0
146024,A Man from Boulevard des Capucines,1,4.0
145994,Formula of Love,1,5.0
145951,Bloodsport: The Dark Kumite,1,0.5
145935,"Peanuts Movie, The",1,1.5
145745,Witch Hunt,1,2.5
147330,Sherlock Holmes and Dr. Watson: Acquaintance,1,5.0
4645,Cure,1,4.5
3692,Class of Nuke 'Em High,1,3.0
3691,Private School,1,3.0
3687,Light Years (Gandahar),1,5.0
3680,"Decline of Western Civilization Part II: The Metal Years, The",1,3.0
3678,"Man with the Golden Arm, The",1,5.0
4635,Pink Cadillac,1,1.0
147328,The Adventures of Sherlock Holmes and Dr. Watson: Bloody Signature,1,5.0
147326,The Adventures of Sherlock Holmes and Doctor Watson: King of Blackmailers,1,5.0
147300,Adventures Of Sherlock Holmes And Dr. Watson: The Twentieth Century Approaches,1,5.0
147286,The Adventures of Sherlock Holmes and Doctor Watson: The Treasures of Agra,1,5.0
147282,What Men Still Talk About,1,4.0
147250,The Adventures of Sherlock Holmes and Doctor Watson,1,5.0
147196,The Girls,1,5.0
147142,Those Happy Days,1,3.0
148632,Applesauce,1,4.5
148592,Just Jim,1,3.0
148482,Truth,1,3.0
4630,No Holds Barred,1,1.0
4615,Last Exit to Brooklyn,1,4.0
4614,Kickboxer,1,2.5
4613,K-9,1,2.0
4612,Jesus of Montreal (Jésus de Montréal),1,4.5
4611,Johnny Handsome,1,4.0
4610,"January Man, The",1,2.0
148238,A Very Murray Christmas,1,2.5
148166,Hitchcock/Truffaut,1,3.5
147936,The Lord's Lantern in Budapest,1,4.5
147662,Return of the One-Armed Swordsman,1,3.0
147657,Masked Avengers,1,4.0
147410,A Perfect Day,1,5.0
149590,Standoff,1,2.5
149566,Unicorn City,1,5.0
149508,Spellbound,1,5.0
149380,'Tis the Season for Love,1,1.5
149350,Lumberjack Man,1,5.0
149334,Nocturnal Animals,1,3.0
149330,A Cosmic Christmas,1,4.0
149146,Parasyte: Part 2,1,4.0
149144,Parasyte: Part 1,1,4.0
149011,He Never Died,1,3.5
148982,Devil Dog: The Hound of Hell,1,4.0
148978,Blue Exorcist: The Movie,1,4.0
148775,Wizards of Waverly Place: The Movie,1,4.0
148709,Mojave,1,2.0
148675,North Pole: Open For Christmas,1,2.0
148667,John Mulaney: The Comeback Kid,1,3.5
151311,Wiener-Dog,1,3.0
150993,Anacleto: Agente secreto,1,4.0
150696,Tomorrow,1,4.5
150604,Moonwalkers,1,2.5
4603,Her Alibi,1,2.5
4597,Gleaming the Cube,1,2.0
4595,Fat Man and Little Boy,1,3.5
4594,Farewell to the King,1,3.0
4584,Dream a Little Dream,1,2.0
4583,Disorganized Crime,1,4.0
4581,Dad,1,4.0
150554,The Love Bug,1,5.0
150254,The Devil's Candy,1,2.0
149902,Garm Wars: The Last Druid,1,2.0
149830,Pride and Prejudice and Zombies,1,4.5
149612,Swelter,1,2.0
151777,The Finest Hours,1,3.0
151769,Three from Prostokvashino,1,5.0
151759,Requiem for the American Dream,1,2.5
4573,Blaze,1,2.0
4568,Best of the Best,1,2.5
4562,Without a Clue,1,4.0
4557,Tucker: The Man and His Dream,1,3.0
151745,Reptilicus,1,0.5
151695,The Survivalist,1,4.0
151687,Risen,1,0.5
151653,Welcome to Happiness,1,1.5
151559,Frankenstein,1,2.0
151557,Stonewall,1,2.5
151501,Exposed,1,1.5
151479,The Flash 2 - Revenge of the Trickster,1,1.5
151317,Maggie's Plan,1,2.0
152284,War and Peace,1,3.5
152270,The Wait,1,3.5
152173,Michael Jackson's Thriller,1,4.0
152105,Dad's Army,1,4.5
152085,Desierto,1,2.5
3709,Sleepwalkers,1,2.0
3700,"Brother from Another Planet, The",1,2.5
4524,Moon Over Parador,1,3.0
4522,Masquerade,1,1.0
152071,Race,1,1.5
152065,Embrace of the Serpent,1,3.5
152063,Gods of Egypt,1,0.5
149,Amateur,1,2.0
148,"Awfully Big Adventure, An",1,5.0
137,Man of the Year,1,3.0
151781,Ghost in the Shell: Solid State Society,1,3.5
155743,My Big Fat Greek Wedding 2,1,2.0
155659,Florence Foster Jenkins,1,4.0
155589,Noin 7 veljestä,1,3.0
155358,Camino,1,2.0
155168,Fraktus,1,4.0
154975,Merci Patron !,1,4.0
154358,The Barkley Marathons: The Race That Eats Its Young,1,4.0
154065,Dad's Army,1,2.0
153408,Tears for Sale,1,4.0
153386,Long Live Ghosts!,1,3.0
153236,Genius Party,1,3.0
153070,Rabbits,1,3.5
152711,Who Killed Chea Vichea?,1,5.0
152658,Santa's Little Helper,1,1.5
152591,Ip Man 3,1,4.0
152372,Southbound,1,3.5
156781,Jimmy Carr: Telling Jokes,1,4.0
156706,The Trust,1,2.5
156675,Project X,1,2.0
156605,Paterson,1,4.5
156553,Zoom,1,2.5
4521,Little Nikita,1,3.0
4511,High Spirits,1,2.0
4505,For Keeps,1,3.0
4504,Feds,1,1.5
4500,Drowning by Numbers,1,4.0
4497,Dead Heat,1,3.0
4496,D.O.A.,1,3.5
4495,Crossing Delancey,1,5.0
156025,Ice Age: The Great Egg-Scapade,1,5.0
155892,Me Him Her,1,2.0
155774,Neon Bull,1,3.5
157407,I Am Wrath,1,1.5
157369,Bakuman,1,4.0
157340,The Angry Birds Movie,1,2.5
157270,Barbershop: The Next Cut,1,2.5
4490,"Couch Trip, The",1,2.0
3720,Sunshine,1,4.0
3716,Fatal Beauty,1,1.0
3714,Clara's Heart,1,2.5
3713,"Long Walk Home, The",1,4.0
3711,Sarafina!,1,4.0
157172,Wizards of the Lost Kingdom II,1,0.5
157130,Despite the Falling Snow,1,2.0
157122,The Man Who Knew Infinity,1,3.0
157110,00 Schneider - Jagd auf Nihil Baxter,1,4.5
157108,Texas - Doc Snyder hält die Welt in Atem,1,4.5
156783,Jimmy Carr: Making People Laugh,1,2.5
158830,The BFG,1,2.5
158721,Gen-X Cops,1,3.5
158528,The Shallows,1,2.5
158402,The Crew,1,2.5
4475,"Beast of War, The (Beast, The)",1,4.0
4473,Bat*21,1,3.0
4463,1969,1,2.0
158398,World of Glory,1,5.0
158388,Buck Rogers in the 25th Century,1,2.5
158254,Kindergarten Cop 2,1,1.5
158035,Gintama: The Final Chapter - Be Forever Yorozuya,1,3.5
158027,SORI: Voice from the Heart,1,5.0
158022,Kicking Off,1,1.5
157865,Ratchet & Clank,1,1.5
157775,Tenchi Muyô! In Love,1,5.0
157432,Precious Cargo,1,1.0
159403,Neo Tokyo,1,3.0
159193,Café Society,1,3.0
4459,Alaska: Spirit of the Wild,1,4.0
4458,Africa: The Serengeti,1,4.0
4454,More,1,5.0
4453,Michael Jordan to the Max,1,3.5
4451,Jump Tomorrow,1,3.5
4449,Adanggaman,1,2.0
4445,T-Rex: Back to the Cretaceous,1,4.0
159161,Ali Wong: Baby Cobra,1,4.5
159077,The Meddler,1,2.5
159069,Comedy of the Strict Regime,1,4.5
159061,The Wailing,1,3.0
158882,All Yours,1,5.0
158874,Karate Bullfighter,1,3.0
158842,My Scientology Movie,1,3.5
160422,The Wooden Horse,1,3.0
160400,Genius,1,3.0
4436,Obsession,1,3.0
4434,"10th Victim, The (La decima vittima)",1,4.0
4420,"Barefoot Contessa, The",1,3.0
4410,Something Wild,1,4.0
4408,September,1,3.5
4407,Salvador,1,4.5
160341,Bloodmoon,1,2.5
160289,O.J.: Made in America,1,4.5
159976,Pelé: Birth of a Legend,1,4.5
159849,Bo Burnham: Make Happy,1,2.5
159811,The Bremen Town Musicians,1,5.0
159779,A Midsummer Night's Dream,1,4.0
159690,Teenage Mutant Ninja Turtles: Out of the Shadows,1,2.0
159510,Death Smiles on a Murderer,1,2.0
4404,Faust,1,4.0
4402,Dr. Goldfoot and the Bikini Machine,1,5.0
4395,Big Deal on Madonna Street (I Soliti Ignoti),1,4.0
4394,Beach Blanket Bingo,1,1.5
4393,Another Woman,1,4.5
4384,Lumumba,1,3.0
4374,Let It Snow,1,4.5
160836,Hazard,1,3.0
160730,The Adderall Diaries,1,2.0
160684,Marauders,1,3.5
160646,Goat,1,2.5
160644,Indignation,1,5.0
160573,Pete's Dragon,1,3.0
160569,Ice Age: Collision Course,1,1.0
160527,Sympathy for the Underdog,1,4.5
160440,The Maid's Room,1,1.5
161918,Sharknado 4: The 4th Awakens,1,1.5
161830,Body,1,1.0
161594,Kingsglaive: Final Fantasy XV,1,3.5
161354,Batman: The Killing Joke,1,3.0
161290,Vigilante Diaries,1,1.0
161044,Webmaster,1,3.0
161032,The Grandmother,1,2.5
161024,Jim Jefferies: Freedumb,1,4.5
161008,The Forbidden Dance,1,2.5
160978,Hellevator,1,1.0
129,Pie in the Sky,1,2.0
128,Jupiter's Wife,1,3.0
117,"Young Poisoner's Handbook, The",1,3.0
108,Catwalk,1,4.0
160872,Satanic,1,0.5
160848,The Red Turtle,1,4.5
162590,Bridget Jones's Baby,1,1.0
162414,Moonlight,1,5.0
4353,Uncommon Valor,1,3.0
3761,"Blood In, Blood Out",1,4.0
3756,"Golden Bowl, The",1,4.0
4342,Big Eden,1,4.5
3739,Trouble in Paradise,1,3.5
3737,Lonely Are the Brave,1,4.0
3736,"Ace in the Hole (Big Carnival, The)",1,3.0
3731,Cutter's Way,1,3.0
4371,Baby Boy,1,0.5
4357,How to Marry a Millionaire,1,4.5
4354,Unlawful Entry,1,2.5
162344,Tom Segura: Mostly Stories,1,5.0
162082,Train to Busan,1,3.5
161966,Elle,1,4.0
163981,31,1,3.5
163937,Blair Witch,1,3.5
163925,"Wings, Legs and Tails",1,5.0
163809,Over the Garden Wall,1,2.5
163653,David Cross: Making America Great Again,1,3.0
163639,DC Super Hero Girls: Hero of the Year,1,4.0
163527,Comedy Central Roast of David Hasselhoff,1,4.0
163386,Winnie the Pooh and the Day of Concern,1,5.0
163112,Winnie the Pooh Goes Visiting,1,5.0
163072,Winnie Pooh,1,5.0
163056,Shin Godzilla,1,4.0
162982,Steins;Gate the Movie: The Burden of Déjà vu,1,3.0
162968,Kizumonogatari Part 1: Tekketsu,1,4.0
162828,Imperium,1,2.5
162602,The Girl on the Train,1,4.5
162598,Deepwater Horizon,1,3.5
164881,Night Guards,1,1.5
164753,Anything for Love,1,2.0
164707,Go Figure,1,4.0
4338,Twelve O'Clock High,1,4.5
4325,"Night, The (Notte, La)",1,4.0
4323,"Horse Soldiers, The",1,4.0
4307,"Fast Food, Fast Women",1,4.5
3792,Duel in the Sun,1,5.0
164655,Gimme Danger,1,2.0
164647,Dirty 30,1,2.5
164540,Amanda Knox,1,3.5
164375,All Roads Lead to Rome,1,1.5
164367,The Girl with All the Gifts,1,5.0
164280,Endless Poetry,1,3.5
164226,Maximum Ride,1,4.5
163985,ARQ,1,4.5
165671,Ice Guardians,1,4.5
165645,Bad Santa 2,1,0.5
4290,For the Boys,1,2.0
4284,Frankie and Johnny,1,3.0
4282,Fellini Satyricon,1,3.5
4260,"Visit, The",1,2.0
3789,"Pawnbroker, The",1,3.5
165635,The Thinning,1,1.0
165551,Lion,1,4.5
165529,Flowers for Algernon,1,2.0
165489,Ethel & Ernest,1,2.5
165483,Joe Rogan: Triggered,1,4.0
165347,Jack Reacher: Never Go Back,1,2.0
165343,The Rocky Horror Picture Show: Let's Do the Time Warp Again,1,1.5
165139,Wild Oats,1,2.0
165075,London Town,1,2.5
166558,Underworld: Blood Wars,1,3.0
166526,The Space Between Us,1,1.0
4251,Chopper,1,2.0
3808,"Two Women (Ciociara, La)",1,4.0
3807,Sinbad and the Eye of the Tiger,1,3.0
3806,Mackenna's Gold,1,3.0
3795,"Five Senses, The",1,5.0
4243,Brigham City,1,4.0
4242,Beautiful Creatures,1,2.0
166203,Sapphire Blue,1,4.0
166183,Junior and Karlson,1,5.0
106,Nobody Loves Me (Keiner liebt mich),1,4.0
96,In the Bleak Midwinter,1,3.5
166015,The African Doctor,1,3.5
165959,Alesha Popovich and Tugarin the Dragon,1,5.0
165843,Risk,1,4.0
167790,The Good Boy,1,3.5
167772,The Spirit of Christmas,1,1.5
167732,A Street Cat Named Bob,1,3.5
167706,Shakespeare Behind Bars,1,2.5
167634,Fist Fight,1,4.5
167570,The OA,1,4.0
4240,Just Visiting,1,2.0
4237,"Gleaners & I, The (Les glaneurs et la glaneuse)",1,4.0
4236,Keep the River on Your Right: A Modern Cannibal Tale,1,3.5
4218,River's Edge,1,3.5
4212,Death on the Nile,1,3.0
167538,Microwave Massacre,1,1.0
167380,A Dog's Purpose,1,4.5
167296,Iron Man,1,0.5
167064,I Am Not Your Negro,1,5.0
166705,Fences,1,3.0
168456,Mercury Plains,1,2.0
168358,Saturn 3,1,2.5
168350,100 Streets,1,2.5
168218,Kizumonogatari III: Cold Blood,1,4.5
4204,Losin' It,1,1.0
4202,Fuzz,1,3.0
4198,Battle Beyond the Stars,1,3.0
4197,Real Life,1,3.0
4189,"Greatest Story Ever Told, The",1,2.5
168174,Jim Gaffigan: Cinco,1,3.0
168144,Joe Rogan: Live,1,4.0
83,Once Upon a Time... When We Were Colored,1,3.0
77,Nico Icon,1,4.0
168090,Kizumonogatari II: Passionate Blood,1,4.0
168026,Marvel One-Shot: Agent Carter,1,4.0
167854,"Dana Carvey: Straight White Male, 60",1,4.5
169958,Buster's Mal Heart,1,1.0
169904,Guyver: Dark Hero,1,2.0
169670,The Void,1,1.5
169180,American Fable,1,2.5
4184,"Bishop's Wife, The",1,4.0
4181,Tapeheads,1,2.0
4180,Reform School Girls,1,5.0
4174,Avalon,1,3.0
4171,Long Night's Journey Into Day,1,4.0
4157,"Price of Milk, The",1,4.5
4156,Company Man,1,2.0
169034,Lemonade,1,4.5
168846,Neal Brennan: 3 Mics,1,4.5
168712,Fifty Shades Darker,1,1.0
168632,Bill Burr: Walk Your Way Out,1,4.0
168608,Mudbound,1,3.0
170817,Snatched,1,4.0
170777,There Once Was a Dog,1,5.0
170597,A Plasticine Crow,1,5.0
3832,"Black Sabbath (Tre volti della paura, I)",1,4.0
3816,"Official Story, The (La historia oficial)",1,4.0
4143,Valentine,1,3.5
4139,No Man's Land,1,3.0
170551,The Quiet Family,1,2.5
170411,Dave Chappelle: Deep in the Heart of Texas,1,4.0
170401,Table 19,1,3.0
170399,CHiPS,1,4.0
170357,Dave Chappelle: The Age of Spin,1,4.0
170297,Ultimate Avengers 2,1,2.0
170289,Species III,1,1.0
169992,Free Fire,1,3.5
169982,Power Rangers,1,3.0
171751,Munna bhai M.B.B.S.,1,2.5
171749,Death Note: Desu nôto (2006–2007),1,5.0
171701,The Death of Louis XIV,1,3.5
171695,Robin Williams: Live on Broadway,1,3.0
171631,Maria Bamford: Old Baby,1,1.0
171251,"Nobody Speak: Hulk Hogan, Gawker and Trials of a Free Press",1,4.0
171023,The Hero,1,4.0
170993,Mini's First Time,1,4.0
170957,Cars 3,1,3.0
170945,It Comes at Night,1,3.5
170939,Captain Underpants: The First Epic Movie,1,3.5
170937,Win It All,1,3.0
170907,Betting on Zero,1,4.0
170897,Sandy Wexler,1,2.0
170837,Life-Size,1,4.0
170827,The Mummy,1,3.5
172589,Winter in Prostokvashino,1,5.0
172587,Vacations in Prostokvashino,1,5.0
172585,Karlson Returns,1,5.0
172583,Investigation Held by Kolobki,1,5.0
172577,Last Year's Snow Was Falling,1,5.0
172497,T2 3-D: Battle Across Time,1,4.0
172461,Get Me Roger Stone,1,3.0
172321,Late Night with Conan O'Brien: The Best of Triumph the Insult Comic Dog,1,2.0
172253,The Night Before,1,3.0
172233,The Prime Gig,1,2.5
172229,Plain Clothes,1,3.0
172013,Stefan Zweig: Farewell to Europe,1,3.0
171917,Mystère à la Tour Eiffel,1,4.5
171891,Generation Iron 2,1,3.5
171811,Embassy,1,4.0
171759,The Beguiled,1,3.0
173205,The Meyerowitz Stories,1,4.0
172909,Cheburashka,1,5.0
172887,Kid's Story,1,3.0
172881,Final Flight of the Osiris,1,3.5
172875,A Detective Story,1,5.0
172825,Adventures of Mowgli: The Kidnapping,1,4.5
4135,"Monster Squad, The",1,5.0
4129,Made in Heaven,1,1.0
3857,Bless the Child,1,4.0
3851,I'm the One That I Want,1,5.0
3847,"Ilsa, She Wolf of the SS",1,2.0
3845,And God Created Woman (Et Dieu... créa la femme),1,4.0
3838,Phantasm III: Lord of the Dead,1,2.0
172793,Vovka in the Kingdom of Far Far Away,1,5.0
172705,Tickling Giants,1,5.0
172637,Priklyucheniya Kapitana Vrungelya,1,5.0
174141,Belladonna of Sadness,1,3.5
174045,Goon: Last of the Enforcers,1,4.0
173963,Empties,1,5.0
173941,Atomic Blonde,1,3.0
173873,Gulliver's Travels,1,2.0
173751,Tiger Raid,1,2.0
173619,Fugitives,1,5.0
173535,The Adventures of Sherlock Holmes and Doctor Watson: The Hunt for the Tiger,1,4.5
173355,Travels of an Ant,1,5.0
173351,Wow! A Talking Fish!,1,5.0
173317,Shadow World,1,4.5
173307,The Gracefield Incident,1,0.5
173255,"Norm Macdonald: Hitler's Dog, Gossip & Trickery",1,2.5
173253,Vir Das: Abroad Understanding,1,3.5
173235,Tokyo Idols,1,4.5
173209,War Machine,1,4.0
175199,Annabelle: Creation,1,4.0
175197,The Dark Tower,1,3.5
174909,Logan Lucky,1,4.5
174815,The House,1,3.5
174737,Don Camillo in Moscow,1,3.0
4123,Ishtar,1,2.0
4116,Hollywood Shuffle,1,5.0
4115,Hiding Out,1,2.0
4111,Gardens of Stone,1,3.0
4110,"Fourth Protocol, The",1,3.0
4093,Cop,1,1.5
174727,Good Time,1,3.0
174681,"Oh, Hello: On Broadway",1,3.5
174551,Obsession,1,5.0
174479,Unedited Footage of a Bear,1,4.0
174403,The Putin Interviews,1,2.5
176329,Ari Shaffir: Double Negative,1,4.0
176051,LEGO DC Super Hero Girls: Brain Drain,1,3.5
175781,Der Herr Karl,1,3.0
175743,Self-criticism of a Bourgeois Dog,1,3.0
175707,A German Life,1,3.0
175705,Themroc,1,3.5
175693,Rick and Morty: State of Georgia Vs. Denver Fenton Allen,1,2.5
175585,Shot Caller,1,3.5
175577,Rory Scovel Tries Stand-Up for the First Time,1,1.5
175475,The Emoji Movie,1,0.5
175435,The Magic Ring,1,4.5
175431,Bobik Visiting Barbos,1,5.0
175401,Wolf and Calf,1,4.0
175397,"In the blue sea, in the white foam.",1,5.0
175387,On the Trail of the Bremen Town Musicians,1,5.0
175293,Gena the Crocodile,1,5.0
3870,Our Town,1,3.0
4051,Horrors of Spider Island (Ein Toter Hing im Netz),1,0.5
4046,Friendly Persuasion,1,4.0
4089,Born in East L.A.,1,2.0
4083,Best Seller,1,4.0
4078,Amazing Grace and Chuck,1,4.0
4074,"Legend of Rita, The (Stille nach dem Schuß, Die)",1,3.0
4065,Foxy Brown,1,2.5
4064,Coffy,1,3.5
176621,Boniface's Holiday,1,2.0
176601,Black Mirror,1,5.0
176579,Cage Dive,1,1.0
176423,Icarus,1,4.0
176415,Alles Inklusive,1,3.5
176413,Bliss,1,4.5
176389,The Nut Job 2: Nutty by Nature,1,2.0
178323,Gaga: Five Foot Two,1,3.5
178129,Adventures in Plymptoons!,1,3.5
178111,"Fireworks, Should We See It from the Side or the Bottom?",1,2.0
4032,"Everlasting Piece, An",1,4.0
3900,Crime and Punishment in Suburbia,1,4.0
3899,Circus,1,1.0
3895,"Watcher, The",1,1.5
3894,Solas,1,4.0
3888,Skipped Parts,1,4.0
177939,"The Night Is Short, Walk on Girl",1,4.5
55,Georgia,1,4.0
177285,Sword Art Online The Movie: Ordinal Scale,1,3.0
177185,Maz Jobrani: Immigrant,1,4.5
176935,Geostorm,1,2.0
176805,Little Boxes,1,4.0
3872,"Suddenly, Last Summer",1,3.5
179511,Emerald Green,1,4.0
179491,Mayhem,1,1.0
179427,Dane Cook: Troublemaker,1,4.0
3926,Voyage to the Bottom of the Sea,1,3.0
3922,Bikini Beach,1,1.0
3920,"Faraway, So Close (In weiter Ferne, so nah!)",1,4.0
3919,Hellraiser III: Hell on Earth,1,2.5
3914,"Broken Hearts Club, The",1,4.0
179135,Blue Planet II,1,5.0
49,When Night Is Falling,1,3.0
179133,Loving Vincent,1,5.0
179119,The Death of Stalin,1,4.0
179073,Male Hunt,1,3.0
179053,2048: Nowhere to Run,1,3.5
178615,Front Cover,1,3.5
178613,Dave Chappelle: Killin' Them Softly,1,4.0
181719,Serving in Silence: The Margarethe Cammermeyer Story,1,3.5
181659,Craig Ferguson: Tickle Fight,1,2.5
181413,Too Funny to Fail: The Life and Death of The Dana Carvey Show,1,4.5
181315,Phantom Thread,1,3.5
181139,Lynne Koplitz: Hormonal Beast,1,1.5
180987,Ferdinand,1,1.5
180777,Die Frauen von Ravensbrück,1,4.5
180265,Jim & Andy: The Great Beyond,1,4.5
180263,The Shining,1,2.0
180231,Daddy's Home 2,1,4.0
180045,Molly's Game,1,4.0
179953,A Bad Moms Christmas,1,3.5
179815,"Roman J. Israel, Esq.",1,1.5
179813,LBJ,1,4.0
179749,Creep 2,1,1.5
179709,Wonder Wheel,1,3.0
183611,Game Night,1,4.0
183317,Patti Rocks,1,4.5
183301,The Tale of the Bunny Picnic,1,3.0
183295,Insidious: The Last Key,1,3.5
183227,Dave Chappelle: The Bird Revelation,1,3.5
183199,Quest,1,4.0
183197,Dave Chappelle: Equanimity,1,3.5
183011,The Commuter,1,1.5
182793,The Purple Sea,1,3.5
182749,Judd Apatow: The Return,1,2.5
182731,Pixel Perfect,1,4.5
182727,A Christmas Story Live!,1,2.0
182639,The Second Renaissance Part II,1,4.0
182299,Porky's Hare Hunt,1,4.0
182297,Porky in Wackyland,1,4.0
182293,Hare-um Scare-um,1,4.0
189111,Spiral,1,3.0
193587,Bungo Stray Dogs: Dead Apple,1,3.5
193585,Flint,1,3.5
193583,No Game No Life: Zero,1,3.5
193581,Black Butler: Book of the Atlantic,1,4.0
193579,Jon Stewart Has Left the Building,1,3.5
193573,Love Live! The School Idol Movie,1,4.0
185033,I Kill Giants,1,2.0
185031,Alpha,1,4.5
184997,"Love, Simon",1,4.0
184987,A Wrinkle in Time,1,3.0
184931,Death Wish,1,4.0
184721,First Reformed,1,4.0
184641,Fullmetal Alchemist 2018,1,0.5
184349,Elsa & Fred,1,3.5
184257,Making a Murderer,1,4.0
191005,Gintama,1,4.5
190221,Hommage à Zgougou (et salut à Sabine Mamou),1,1.0
188189,Sorry to Bother You,1,4.5
187717,Won't You Be My Neighbor?,1,5.0
186587,Rampage,1,3.0
185473,Blockers,1,3.0
185435,"Game Over, Man!",1,3.0
190219,Bunny,1,1.0
190215,Liquid Truth,1,1.5
190213,John From,1,1.0
190209,Jeff Ross Roasts the Border,1,4.0
190207,Tilt,1,1.5
190183,The Darkest Minds,1,3.5
189713,BlacKkKlansman,1,2.5
189547,Iron Soldier,1,1.0
189381,SuperFly,1,2.5
